ride_id,rider_id,driver_id,requested_at,pickup_time,dropoff_time,pickup_latitude,pickup_longitude,dropoff_latitude,dropoff_longitude,distance_km,fare,surge_multiplier,status,cancellation_reason
2,1,2,,,,,,,,,,,completed,
3,2,3,,,,,,,,,,,completed,
4,3,4,,,,,,,,,,,completed,
5,4,5,,,,,,,,,,,completed,
6,5,6,,,,,,,,,,,completed,
7,6,7,,,,,,,,,,,completed,
8,7,9,,,,,,,,,,,completed,
9,9,10,,,,,,,,,,,completed,
10,10,11,,,,,,,,,,,completed,
11,11,12,,,,,,,,,,,completed,
12,12,13,,,,,,,,,,,completed,
13,13,14,,,,,,,,,,,completed,
14,14,15,,,,,,,,,,,completed,
15,15,16,,,,,,,,,,,completed,
16,16,17,,,,,,,,,,,completed,
17,17,18,,,,,,,,,,,completed,
18,18,19,,,,,,,,,,,completed,
20,19,20,,,,,,,,,,,completed,
21,20,21,,,,,,,,,,,completed,
22,21,22,,,,,,,,,,,completed,
24,22,23,,,,,,,,,,,completed,
25,23,24,,,,,,,,,,,completed,
26,24,25,,,,,,,,,,,completed,
27,25,26,,,,,,,,,,,completed,
29,26,27,,,,,,,,,,,completed,
30,27,28,,,,,,,,,,,completed,
31,28,29,,,,,,,,,,,completed,
32,29,30,,,,,,,,,,,completed,
35,30,31,,,,,,,,,,,completed,
37,31,32,,,,,,,,,,,completed,
40,32,33,,,,,,,,,,,completed,
41,33,34,,,,,,,,,,,completed,
42,34,35,,,,,,,,,,,completed,
43,35,36,,,,,,,,,,,completed,
44,36,37,,,,,,,,,,,completed,
45,37,38,,,,,,,,,,,completed,
46,38,39,,,,,,,,,,,completed,
47,39,40,,,,,,,,,,,completed,
48,40,41,,,,,,,,,,,completed,
50,41,42,,,,,,,,,,,completed,
51,42,43,,,,,,,,,,,completed,
53,43,44,,,,,,,,,,,completed,
54,44,46,,,,,,,,,,,completed,
55,46,47,,,,,,,,,,,completed,
56,47,48,,,,,,,,,,,completed,
57,48,49,,,,,,,,,,,completed,
58,49,50,,,,,,,,,,,completed,
59,50,51,,,,,,,,,,,completed,
60,51,52,,,,,,,,,,,completed,
61,52,53,,,,,,,,,,,completed,
63,53,54,,,,,,,,,,,completed,
64,54,56,,,,,,,,,,,completed,
65,56,57,,,,,,,,,,,completed,
66,57,58,,,,,,,,,,,completed,
67,58,59,,,,,,,,,,,completed,
68,59,60,,,,,,,,,,,completed,
69,60,61,,,,,,,,,,,completed,
70,61,62,,,,,,,,,,,completed,
72,62,63,,,,,,,,,,,completed,
73,63,64,,,,,,,,,,,completed,
74,64,65,,,,,,,,,,,completed,
75,65,66,,,,,,,,,,,completed,
76,66,67,,,,,,,,,,,completed,
77,67,68,,,,,,,,,,,completed,
79,68,69,,,,,,,,,,,completed,
80,69,70,,,,,,,,,,,completed,
81,70,71,,,,,,,,,,,completed,
82,71,73,,,,,,,,,,,completed,
83,73,74,,,,,,,,,,,completed,
84,74,75,,,,,,,,,,,completed,
85,75,76,,,,,,,,,,,completed,
86,76,77,,,,,,,,,,,completed,
87,77,78,,,,,,,,,,,completed,
88,78,79,,,,,,,,,,,completed,
89,79,80,,,,,,,,,,,completed,
90,80,81,,,,,,,,,,,completed,
92,81,82,,,,,,,,,,,completed,
93,82,83,,,,,,,,,,,completed,
94,83,84,,,,,,,,,,,completed,
95,84,86,,,,,,,,,,,completed,
96,86,87,,,,,,,,,,,completed,
97,87,88,,,,,,,,,,,completed,
98,88,89,,,,,,,,,,,completed,
99,89,90,,,,,,,,,,,completed,
100,90,91,,,,,,,,,,,completed,
102,91,92,,,,,,,,,,,completed,
103,92,93,,,,,,,,,,,completed,
105,93,95,,,,,,,,,,,completed,
108,95,96,,,,,,,,,,,completed,
109,96,97,,,,,,,,,,,completed,
110,97,99,,,,,,,,,,,completed,
111,99,100,,,,,,,,,,,completed,
112,100,101,,,,,,,,,,,completed,
113,101,102,,,,,,,,,,,completed,
114,102,103,,,,,,,,,,,completed,
115,103,105,,,,,,,,,,,completed,
118,105,106,,,,,,,,,,,completed,
121,106,107,,,,,,,,,,,completed,
122,107,108,,,,,,,,,,,completed,
123,108,109,,,,,,,,,,,completed,
124,109,110,,,,,,,,,,,completed,
125,110,111,,,,,,,,,,,completed,
126,111,112,,,,,,,,,,,completed,
127,112,113,,,,,,,,,,,completed,
128,113,114,,,,,,,,,,,completed,
129,114,115,,,,,,,,,,,completed,
130,115,116,,,,,,,,,,,completed,
131,116,117,,,,,,,,,,,completed,
132,117,118,,,,,,,,,,,completed,
133,118,119,,,,,,,,,,,completed,
134,119,120,,,,,,,,,,,completed,
135,120,121,,,,,,,,,,,completed,
136,121,122,,,,,,,,,,,completed,
137,122,123,,,,,,,,,,,completed,
138,123,125,,,,,,,,,,,completed,
139,125,126,,,,,,,,,,,completed,
140,126,127,,,,,,,,,,,completed,
141,127,130,,,,,,,,,,,completed,
142,130,131,,,,,,,,,,,completed,
143,131,132,,,,,,,,,,,completed,
144,132,133,,,,,,,,,,,completed,
145,133,134,,,,,,,,,,,completed,
146,134,135,,,,,,,,,,,completed,
147,135,137,,,,,,,,,,,completed,
148,137,138,,,,,,,,,,,completed,
150,138,139,,,,,,,,,,,completed,
151,139,140,,,,,,,,,,,completed,
152,140,141,,,,,,,,,,,completed,
153,141,142,,,,,,,,,,,completed,
154,142,143,,,,,,,,,,,completed,
155,143,144,,,,,,,,,,,completed,
156,144,145,,,,,,,,,,,completed,
157,145,146,,,,,,,,,,,completed,
158,146,147,,,,,,,,,,,completed,
160,147,148,,,,,,,,,,,completed,
163,148,150,,,,,,,,,,,completed,
164,150,152,,,,,,,,,,,completed,
165,152,153,,,,,,,,,,,completed,
166,153,154,,,,,,,,,,,completed,
167,154,155,,,,,,,,,,,completed,
168,155,156,,,,,,,,,,,completed,
169,156,157,,,,,,,,,,,completed,
170,157,158,,,,,,,,,,,completed,
171,158,159,,,,,,,,,,,completed,
172,159,160,,,,,,,,,,,completed,
173,160,161,,,,,,,,,,,completed,
174,161,162,,,,,,,,,,,completed,
175,162,163,,,,,,,,,,,completed,
176,163,164,,,,,,,,,,,completed,
177,164,165,,,,,,,,,,,completed,
178,165,166,,,,,,,,,,,completed,
179,166,167,,,,,,,,,,,completed,
181,167,169,,,,,,,,,,,completed,
182,169,170,,,,,,,,,,,completed,
184,170,171,,,,,,,,,,,completed,
186,171,172,,,,,,,,,,,completed,
188,172,173,,,,,,,,,,,completed,
189,173,174,,,,,,,,,,,completed,
191,174,176,,,,,,,,,,,completed,
192,176,177,,,,,,,,,,,completed,
193,177,178,,,,,,,,,,,completed,
194,178,179,,,,,,,,,,,completed,
195,179,180,,,,,,,,,,,completed,
196,180,181,,,,,,,,,,,completed,
197,181,182,,,,,,,,,,,completed,
198,182,183,,,,,,,,,,,completed,
201,183,188,,,,,,,,,,,completed,
202,188,189,,,,,,,,,,,completed,
204,189,190,,,,,,,,,,,completed,
205,190,191,,,,,,,,,,,completed,
207,191,192,,,,,,,,,,,completed,
208,192,193,,,,,,,,,,,completed,
209,193,194,,,,,,,,,,,completed,
211,194,195,,,,,,,,,,,completed,
213,195,196,,,,,,,,,,,completed,
214,196,197,,,,,,,,,,,completed,
215,197,199,,,,,,,,,,,completed,
216,199,200,,,,,,,,,,,completed,
217,200,201,,,,,,,,,,,completed,
218,201,202,,,,,,,,,,,completed,
220,202,203,,,,,,,,,,,completed,
221,203,204,,,,,,,,,,,completed,
222,204,205,,,,,,,,,,,completed,
223,205,206,,,,,,,,,,,completed,
224,206,207,,,,,,,,,,,completed,
225,207,208,,,,,,,,,,,completed,
226,208,209,,,,,,,,,,,completed,
227,209,210,,,,,,,,,,,completed,
228,210,211,,,,,,,,,,,completed,
230,211,212,,,,,,,,,,,completed,
231,212,213,,,,,,,,,,,completed,
232,213,214,,,,,,,,,,,completed,
234,214,215,,,,,,,,,,,completed,
236,215,217,,,,,,,,,,,completed,
237,217,218,,,,,,,,,,,completed,
239,218,219,,,,,,,,,,,completed,
240,219,220,,,,,,,,,,,completed,
241,220,221,,,,,,,,,,,completed,
242,221,222,,,,,,,,,,,completed,
243,222,223,,,,,,,,,,,completed,
245,223,224,,,,,,,,,,,completed,
246,224,225,,,,,,,,,,,completed,
247,225,226,,,,,,,,,,,completed,
250,226,227,,,,,,,,,,,completed,
252,227,228,,,,,,,,,,,completed,
254,228,229,,,,,,,,,,,completed,
255,229,230,,,,,,,,,,,completed,
256,230,231,,,,,,,,,,,completed,
257,231,232,,,,,,,,,,,completed,
258,232,233,,,,,,,,,,,completed,
259,233,234,,,,,,,,,,,completed,
260,234,235,,,,,,,,,,,completed,
261,235,236,,,,,,,,,,,completed,
262,236,238,,,,,,,,,,,completed,
264,238,239,,,,,,,,,,,completed,
265,239,240,,,,,,,,,,,completed,
266,240,241,,,,,,,,,,,completed,
267,241,242,,,,,,,,,,,completed,
268,242,243,,,,,,,,,,,completed,
269,243,245,,,,,,,,,,,completed,
270,245,246,,,,,,,,,,,completed,
271,246,247,,,,,,,,,,,completed,
272,247,248,,,,,,,,,,,completed,
274,248,249,,,,,,,,,,,completed,
275,249,250,,,,,,,,,,,completed,
276,250,251,,,,,,,,,,,completed,
278,251,252,,,,,,,,,,,completed,
280,252,253,,,,,,,,,,,completed,
281,253,254,,,,,,,,,,,completed,
282,254,255,,,,,,,,,,,completed,
283,255,256,,,,,,,,,,,completed,
284,256,257,,,,,,,,,,,completed,
285,257,258,,,,,,,,,,,completed,
286,258,259,,,,,,,,,,,completed,
288,259,260,,,,,,,,,,,completed,
289,260,261,,,,,,,,,,,completed,
290,261,262,,,,,,,,,,,completed,
291,262,263,,,,,,,,,,,completed,
292,263,264,,,,,,,,,,,completed,
293,264,265,,,,,,,,,,,completed,
294,265,266,,,,,,,,,,,completed,
296,266,267,,,,,,,,,,,completed,
297,267,268,,,,,,,,,,,completed,
298,268,269,,,,,,,,,,,completed,
300,269,270,,,,,,,,,,,completed,
301,270,271,,,,,,,,,,,completed,
303,271,272,,,,,,,,,,,completed,
304,272,273,,,,,,,,,,,completed,
305,273,274,,,,,,,,,,,completed,
306,274,275,,,,,,,,,,,completed,
307,275,276,,,,,,,,,,,completed,
308,276,278,,,,,,,,,,,completed,
311,278,279,,,,,,,,,,,completed,
312,279,280,,,,,,,,,,,completed,
314,280,281,,,,,,,,,,,completed,
315,281,282,,,,,,,,,,,completed,
316,282,283,,,,,,,,,,,completed,
317,283,284,,,,,,,,,,,completed,
318,284,285,,,,,,,,,,,completed,
320,285,286,,,,,,,,,,,completed,
321,286,288,,,,,,,,,,,completed,
322,288,290,,,,,,,,,,,completed,
323,290,291,,,,,,,,,,,completed,
324,291,292,,,,,,,,,,,completed,
325,292,293,,,,,,,,,,,completed,
326,293,294,,,,,,,,,,,completed,
327,294,295,,,,,,,,,,,completed,
328,295,296,,,,,,,,,,,completed,
329,296,297,,,,,,,,,,,completed,
330,297,298,,,,,,,,,,,completed,
332,298,299,,,,,,,,,,,completed,
333,299,300,,,,,,,,,,,completed,
334,300,301,,,,,,,,,,,completed,
336,301,302,,,,,,,,,,,completed,
338,302,303,,,,,,,,,,,completed,
340,303,304,,,,,,,,,,,completed,
341,304,305,,,,,,,,,,,completed,
342,305,306,,,,,,,,,,,completed,
343,306,307,,,,,,,,,,,completed,
345,307,308,,,,,,,,,,,completed,
346,308,310,,,,,,,,,,,completed,
347,310,311,,,,,,,,,,,completed,
348,311,312,,,,,,,,,,,completed,
349,312,313,,,,,,,,,,,completed,
350,313,314,,,,,,,,,,,completed,
351,314,316,,,,,,,,,,,completed,
352,316,317,,,,,,,,,,,completed,
353,317,318,,,,,,,,,,,completed,
354,318,319,,,,,,,,,,,completed,
356,319,320,,,,,,,,,,,completed,
357,320,321,,,,,,,,,,,completed,
358,321,322,,,,,,,,,,,completed,
359,322,323,,,,,,,,,,,completed,
360,323,324,,,,,,,,,,,completed,
361,324,325,,,,,,,,,,,completed,
362,325,326,,,,,,,,,,,completed,
363,326,327,,,,,,,,,,,completed,
364,327,328,,,,,,,,,,,completed,
365,328,329,,,,,,,,,,,completed,
366,329,330,,,,,,,,,,,completed,
367,330,332,,,,,,,,,,,completed,
368,332,333,,,,,,,,,,,completed,
369,333,334,,,,,,,,,,,completed,
371,334,335,,,,,,,,,,,completed,
372,335,336,,,,,,,,,,,completed,
373,336,337,,,,,,,,,,,completed,
375,337,338,,,,,,,,,,,completed,
377,338,339,,,,,,,,,,,completed,
378,339,340,,,,,,,,,,,completed,
380,340,341,,,,,,,,,,,completed,
381,341,342,,,,,,,,,,,completed,
382,342,344,,,,,,,,,,,completed,
383,344,345,,,,,,,,,,,completed,
384,345,346,,,,,,,,,,,completed,
385,346,347,,,,,,,,,,,completed,
386,347,348,,,,,,,,,,,completed,
387,348,349,,,,,,,,,,,completed,
390,349,351,,,,,,,,,,,completed,
391,351,352,,,,,,,,,,,completed,
392,352,353,,,,,,,,,,,completed,
394,353,354,,,,,,,,,,,completed,
396,354,355,,,,,,,,,,,completed,
397,355,357,,,,,,,,,,,completed,
398,357,358,,,,,,,,,,,completed,
399,358,359,,,,,,,,,,,completed,
400,359,360,,,,,,,,,,,completed,
401,360,361,,,,,,,,,,,completed,
402,361,362,,,,,,,,,,,completed,
403,362,363,,,,,,,,,,,completed,
404,363,364,,,,,,,,,,,completed,
405,364,365,,,,,,,,,,,completed,
406,365,367,,,,,,,,,,,completed,
407,367,368,,,,,,,,,,,completed,
408,368,369,,,,,,,,,,,completed,
409,369,370,,,,,,,,,,,completed,
410,370,373,,,,,,,,,,,completed,
411,373,374,,,,,,,,,,,completed,
413,374,375,,,,,,,,,,,completed,
414,375,376,,,,,,,,,,,completed,
415,376,377,,,,,,,,,,,completed,
416,377,378,,,,,,,,,,,completed,
417,378,379,,,,,,,,,,,completed,
419,379,381,,,,,,,,,,,completed,
420,381,382,,,,,,,,,,,completed,
422,382,383,,,,,,,,,,,completed,
423,383,384,,,,,,,,,,,completed,
424,384,385,,,,,,,,,,,completed,
425,385,386,,,,,,,,,,,completed,
426,386,387,,,,,,,,,,,completed,
427,387,388,,,,,,,,,,,completed,
429,388,389,,,,,,,,,,,completed,
430,389,390,,,,,,,,,,,completed,
431,390,391,,,,,,,,,,,completed,
432,391,392,,,,,,,,,,,completed,
433,392,393,,,,,,,,,,,completed,
434,393,394,,,,,,,,,,,completed,
437,394,396,,,,,,,,,,,completed,
438,396,397,,,,,,,,,,,completed,
439,397,398,,,,,,,,,,,completed,
441,398,399,,,,,,,,,,,completed,
442,399,400,,,,,,,,,,,completed,
443,400,402,,,,,,,,,,,completed,
444,402,403,,,,,,,,,,,completed,
445,403,404,,,,,,,,,,,completed,
446,404,405,,,,,,,,,,,completed,
447,405,406,,,,,,,,,,,completed,
448,406,407,,,,,,,,,,,completed,
449,407,408,,,,,,,,,,,completed,
450,408,409,,,,,,,,,,,completed,
451,409,410,,,,,,,,,,,completed,
452,410,411,,,,,,,,,,,completed,
453,411,412,,,,,,,,,,,completed,
454,412,413,,,,,,,,,,,completed,
455,413,414,,,,,,,,,,,completed,
456,414,415,,,,,,,,,,,completed,
458,415,416,,,,,,,,,,,completed,
459,416,417,,,,,,,,,,,completed,
463,417,418,,,,,,,,,,,completed,
466,418,420,,,,,,,,,,,completed,
467,420,421,,,,,,,,,,,completed,
468,421,422,,,,,,,,,,,completed,
469,422,423,,,,,,,,,,,completed,
470,423,424,,,,,,,,,,,completed,
471,424,425,,,,,,,,,,,completed,
472,425,426,,,,,,,,,,,completed,
475,426,427,,,,,,,,,,,completed,
476,427,428,,,,,,,,,,,completed,
479,428,429,,,,,,,,,,,completed,
480,429,430,,,,,,,,,,,completed,
481,430,431,,,,,,,,,,,completed,
484,431,433,,,,,,,,,,,completed,
485,433,434,,,,,,,,,,,completed,
486,434,435,,,,,,,,,,,completed,
487,435,436,,,,,,,,,,,completed,
488,436,437,,,,,,,,,,,completed,
489,437,438,,,,,,,,,,,completed,
490,438,440,,,,,,,,,,,completed,
491,440,441,,,,,,,,,,,completed,
492,441,442,,,,,,,,,,,completed,
494,442,444,,,,,,,,,,,completed,
495,444,445,,,,,,,,,,,completed,
496,445,447,,,,,,,,,,,completed,
497,447,448,,,,,,,,,,,completed,
499,448,449,,,,,,,,,,,completed,
500,449,450,,,,,,,,,,,completed,
501,450,451,,,,,,,,,,,completed,
502,451,452,,,,,,,,,,,completed,
503,452,453,,,,,,,,,,,completed,
504,453,454,,,,,,,,,,,completed,
505,454,455,,,,,,,,,,,completed,
506,455,456,,,,,,,,,,,completed,
507,456,457,,,,,,,,,,,completed,
508,457,458,,,,,,,,,,,completed,
509,458,460,,,,,,,,,,,completed,
511,460,461,,,,,,,,,,,completed,
512,461,462,,,,,,,,,,,completed,
513,462,463,,,,,,,,,,,completed,
514,463,464,,,,,,,,,,,completed,
517,464,465,,,,,,,,,,,completed,
518,465,466,,,,,,,,,,,completed,
519,466,467,,,,,,,,,,,completed,
520,467,468,,,,,,,,,,,completed,
522,468,469,,,,,,,,,,,completed,
523,469,470,,,,,,,,,,,completed,
525,470,471,,,,,,,,,,,completed,
526,471,472,,,,,,,,,,,completed,
527,472,473,,,,,,,,,,,completed,
528,473,474,,,,,,,,,,,completed,
529,474,475,,,,,,,,,,,completed,
530,475,476,,,,,,,,,,,completed,
531,476,477,,,,,,,,,,,completed,
532,477,478,,,,,,,,,,,completed,
533,478,479,,,,,,,,,,,completed,
534,479,480,,,,,,,,,,,completed,
535,480,481,,,,,,,,,,,completed,
536,481,482,,,,,,,,,,,completed,
537,482,483,,,,,,,,,,,completed,
538,483,485,,,,,,,,,,,completed,
539,485,486,,,,,,,,,,,completed,
541,486,488,,,,,,,,,,,completed,
542,488,489,,,,,,,,,,,completed,
543,489,490,,,,,,,,,,,completed,
544,490,491,,,,,,,,,,,completed,
545,491,493,,,,,,,,,,,completed,
547,493,494,,,,,,,,,,,completed,
549,494,495,,,,,,,,,,,completed,
550,495,496,,,,,,,,,,,completed,
551,496,497,,,,,,,,,,,completed,
552,497,498,,,,,,,,,,,completed,
553,498,499,,,,,,,,,,,completed,
554,499,500,,,,,,,,,,,completed,
555,500,501,,,,,,,,,,,completed,
556,501,503,,,,,,,,,,,completed,
557,503,504,,,,,,,,,,,completed,
558,504,505,,,,,,,,,,,completed,
559,505,506,,,,,,,,,,,completed,
560,506,509,,,,,,,,,,,completed,
562,509,510,,,,,,,,,,,completed,
564,510,511,,,,,,,,,,,completed,
566,511,512,,,,,,,,,,,completed,
567,512,513,,,,,,,,,,,completed,
568,513,514,,,,,,,,,,,completed,
570,514,515,,,,,,,,,,,completed,
571,515,516,,,,,,,,,,,completed,
572,516,517,,,,,,,,,,,completed,
573,517,518,,,,,,,,,,,completed,
574,518,519,,,,,,,,,,,completed,
577,519,520,,,,,,,,,,,completed,
578,520,521,,,,,,,,,,,completed,
579,521,522,,,,,,,,,,,completed,
580,522,523,,,,,,,,,,,completed,
583,523,524,,,,,,,,,,,completed,
584,524,525,,,,,,,,,,,completed,
586,525,526,,,,,,,,,,,completed,
587,526,527,,,,,,,,,,,completed,
588,527,528,,,,,,,,,,,completed,
589,528,529,,,,,,,,,,,completed,
590,529,530,,,,,,,,,,,completed,
591,530,531,,,,,,,,,,,completed,
592,531,532,,,,,,,,,,,completed,
593,532,533,,,,,,,,,,,completed,
594,533,534,,,,,,,,,,,completed,
595,534,535,,,,,,,,,,,completed,
597,535,536,,,,,,,,,,,completed,
599,536,537,,,,,,,,,,,completed,
600,537,538,,,,,,,,,,,completed,
602,538,539,,,,,,,,,,,completed,
603,539,540,,,,,,,,,,,completed,
604,540,541,,,,,,,,,,,completed,
606,541,542,,,,,,,,,,,completed,
607,542,543,,,,,,,,,,,completed,
608,543,544,,,,,,,,,,,completed,
609,544,545,,,,,,,,,,,completed,
610,545,546,,,,,,,,,,,completed,
611,546,547,,,,,,,,,,,completed,
612,547,548,,,,,,,,,,,completed,
613,548,550,,,,,,,,,,,completed,
615,550,551,,,,,,,,,,,completed,
616,551,552,,,,,,,,,,,completed,
617,552,553,,,,,,,,,,,completed,
618,553,554,,,,,,,,,,,completed,
619,554,555,,,,,,,,,,,completed,
621,555,556,,,,,,,,,,,completed,
623,556,557,,,,,,,,,,,completed,
624,557,558,,,,,,,,,,,completed,
625,558,559,,,,,,,,,,,completed,
626,559,560,,,,,,,,,,,completed,
628,560,561,,,,,,,,,,,completed,
629,561,562,,,,,,,,,,,completed,
630,562,563,,,,,,,,,,,completed,
631,563,564,,,,,,,,,,,completed,
632,564,565,,,,,,,,,,,completed,
633,565,566,,,,,,,,,,,completed,
635,566,567,,,,,,,,,,,completed,
636,567,568,,,,,,,,,,,completed,
637,568,569,,,,,,,,,,,completed,
638,569,570,,,,,,,,,,,completed,
639,570,571,,,,,,,,,,,completed,
640,571,573,,,,,,,,,,,completed,
641,573,574,,,,,,,,,,,completed,
642,574,575,,,,,,,,,,,completed,
643,575,576,,,,,,,,,,,completed,
644,576,577,,,,,,,,,,,completed,
645,577,578,,,,,,,,,,,completed,
646,578,579,,,,,,,,,,,completed,
648,579,580,,,,,,,,,,,completed,
649,580,581,,,,,,,,,,,completed,
650,581,583,,,,,,,,,,,completed,
651,583,584,,,,,,,,,,,completed,
652,584,585,,,,,,,,,,,completed,
654,585,586,,,,,,,,,,,completed,
656,586,587,,,,,,,,,,,completed,
657,587,589,,,,,,,,,,,completed,
658,589,590,,,,,,,,,,,completed,
659,590,591,,,,,,,,,,,completed,
661,591,592,,,,,,,,,,,completed,
662,592,593,,,,,,,,,,,completed,
663,593,594,,,,,,,,,,,completed,
664,594,595,,,,,,,,,,,completed,
665,595,596,,,,,,,,,,,completed,
666,596,597,,,,,,,,,,,completed,
668,597,598,,,,,,,,,,,completed,
669,598,599,,,,,,,,,,,completed,
670,599,600,,,,,,,,,,,completed,
671,600,601,,,,,,,,,,,completed,
672,601,602,,,,,,,,,,,completed,
675,602,603,,,,,,,,,,,completed,
676,603,604,,,,,,,,,,,completed,
679,604,605,,,,,,,,,,,completed,
684,605,606,,,,,,,,,,,completed,
685,606,607,,,,,,,,,,,completed,
686,607,608,,,,,,,,,,,completed,
687,608,609,,,,,,,,,,,completed,
690,609,610,,,,,,,,,,,completed,
694,610,611,,,,,,,,,,,completed,
695,611,612,,,,,,,,,,,completed,
696,612,613,,,,,,,,,,,completed,
697,613,614,,,,,,,,,,,completed,
699,614,615,,,,,,,,,,,completed,
700,615,616,,,,,,,,,,,completed,
701,616,617,,,,,,,,,,,completed,
702,617,618,,,,,,,,,,,completed,
704,618,620,,,,,,,,,,,completed,
705,620,621,,,,,,,,,,,completed,
706,621,622,,,,,,,,,,,completed,
707,622,624,,,,,,,,,,,completed,
708,624,625,,,,,,,,,,,completed,
709,625,626,,,,,,,,,,,completed,
710,626,627,,,,,,,,,,,completed,
712,627,628,,,,,,,,,,,completed,
715,628,629,,,,,,,,,,,completed,
716,629,631,,,,,,,,,,,completed,
718,631,632,,,,,,,,,,,completed,
719,632,633,,,,,,,,,,,completed,
720,633,635,,,,,,,,,,,completed,
721,635,637,,,,,,,,,,,completed,
722,637,638,,,,,,,,,,,completed,
723,638,640,,,,,,,,,,,completed,
724,640,641,,,,,,,,,,,completed,
725,641,642,,,,,,,,,,,completed,
726,642,643,,,,,,,,,,,completed,
727,643,644,,,,,,,,,,,completed,
728,644,645,,,,,,,,,,,completed,
729,645,647,,,,,,,,,,,completed,
731,647,648,,,,,,,,,,,completed,
732,648,649,,,,,,,,,,,completed,
733,649,650,,,,,,,,,,,completed,
734,650,651,,,,,,,,,,,completed,
735,651,653,,,,,,,,,,,completed,
736,653,654,,,,,,,,,,,completed,
737,654,655,,,,,,,,,,,completed,
738,655,656,,,,,,,,,,,completed,
741,656,657,,,,,,,,,,,completed,
742,657,658,,,,,,,,,,,completed,
744,658,659,,,,,,,,,,,completed,
745,659,660,,,,,,,,,,,completed,
746,660,661,,,,,,,,,,,completed,
747,661,663,,,,,,,,,,,completed,
748,663,664,,,,,,,,,,,completed,
749,664,665,,,,,,,,,,,completed,
750,665,666,,,,,,,,,,,completed,
751,666,667,,,,,,,,,,,completed,
752,667,668,,,,,,,,,,,completed,
753,668,669,,,,,,,,,,,completed,
754,669,670,,,,,,,,,,,completed,
755,670,671,,,,,,,,,,,completed,
756,671,673,,,,,,,,,,,completed,
757,673,674,,,,,,,,,,,completed,
759,674,675,,,,,,,,,,,completed,
761,675,676,,,,,,,,,,,completed,
762,676,678,,,,,,,,,,,completed,
764,678,679,,,,,,,,,,,completed,
765,679,680,,,,,,,,,,,completed,
766,680,681,,,,,,,,,,,completed,
767,681,683,,,,,,,,,,,completed,
768,683,684,,,,,,,,,,,completed,
769,684,685,,,,,,,,,,,completed,
771,685,686,,,,,,,,,,,completed,
773,686,687,,,,,,,,,,,completed,
775,687,688,,,,,,,,,,,completed,
778,688,689,,,,,,,,,,,completed,
779,689,690,,,,,,,,,,,completed,
780,690,691,,,,,,,,,,,completed,
782,691,693,,,,,,,,,,,completed,
784,693,694,,,,,,,,,,,completed,
785,694,695,,,,,,,,,,,completed,
786,695,696,,,,,,,,,,,completed,
787,696,697,,,,,,,,,,,completed,
788,697,698,,,,,,,,,,,completed,
790,698,699,,,,,,,,,,,completed,
791,699,701,,,,,,,,,,,completed,
792,701,702,,,,,,,,,,,completed,
793,702,703,,,,,,,,,,,completed,
796,703,704,,,,,,,,,,,completed,
797,704,705,,,,,,,,,,,completed,
798,705,706,,,,,,,,,,,completed,
799,706,707,,,,,,,,,,,completed,
801,707,708,,,,,,,,,,,completed,
802,708,709,,,,,,,,,,,completed,
803,709,710,,,,,,,,,,,completed,
806,710,711,,,,,,,,,,,completed,
807,711,712,,,,,,,,,,,completed,
809,712,714,,,,,,,,,,,completed,
810,714,715,,,,,,,,,,,completed,
811,715,716,,,,,,,,,,,completed,
813,716,717,,,,,,,,,,,completed,
815,717,718,,,,,,,,,,,completed,
816,718,719,,,,,,,,,,,completed,
818,719,720,,,,,,,,,,,completed,
819,720,721,,,,,,,,,,,completed,
826,721,722,,,,,,,,,,,completed,
827,722,723,,,,,,,,,,,completed,
828,723,724,,,,,,,,,,,completed,
829,724,725,,,,,,,,,,,completed,
830,725,726,,,,,,,,,,,completed,
831,726,727,,,,,,,,,,,completed,
833,727,728,,,,,,,,,,,completed,
834,728,729,,,,,,,,,,,completed,
835,729,730,,,,,,,,,,,completed,
836,730,731,,,,,,,,,,,completed,
837,731,732,,,,,,,,,,,completed,
838,732,733,,,,,,,,,,,completed,
839,733,734,,,,,,,,,,,completed,
841,734,735,,,,,,,,,,,completed,
842,735,736,,,,,,,,,,,completed,
843,736,737,,,,,,,,,,,completed,
844,737,738,,,,,,,,,,,completed,
845,738,739,,,,,,,,,,,completed,
846,739,740,,,,,,,,,,,completed,
847,740,741,,,,,,,,,,,completed,
848,741,742,,,,,,,,,,,completed,
849,742,743,,,,,,,,,,,completed,
850,743,744,,,,,,,,,,,completed,
851,744,745,,,,,,,,,,,completed,
852,745,746,,,,,,,,,,,completed,
853,746,747,,,,,,,,,,,completed,
854,747,748,,,,,,,,,,,completed,
855,748,749,,,,,,,,,,,completed,
856,749,750,,,,,,,,,,,completed,
857,750,751,,,,,,,,,,,completed,
858,751,752,,,,,,,,,,,completed,
859,752,753,,,,,,,,,,,completed,
860,753,754,,,,,,,,,,,completed,
863,754,755,,,,,,,,,,,completed,
865,755,756,,,,,,,,,,,completed,
866,756,757,,,,,,,,,,,completed,
867,757,758,,,,,,,,,,,completed,
869,758,759,,,,,,,,,,,completed,
870,759,760,,,,,,,,,,,completed,
872,760,761,,,,,,,,,,,completed,
873,761,762,,,,,,,,,,,completed,
874,762,763,,,,,,,,,,,completed,
875,763,764,,,,,,,,,,,completed,
876,764,765,,,,,,,,,,,completed,
877,765,767,,,,,,,,,,,completed,
878,767,768,,,,,,,,,,,completed,
880,768,769,,,,,,,,,,,completed,
882,769,770,,,,,,,,,,,completed,
883,770,771,,,,,,,,,,,completed,
884,771,772,,,,,,,,,,,completed,
886,772,773,,,,,,,,,,,completed,
887,773,774,,,,,,,,,,,completed,
888,774,775,,,,,,,,,,,completed,
889,775,776,,,,,,,,,,,completed,
891,776,777,,,,,,,,,,,completed,
892,777,778,,,,,,,,,,,completed,
893,778,779,,,,,,,,,,,completed,
895,779,780,,,,,,,,,,,completed,
896,780,781,,,,,,,,,,,completed,
897,781,782,,,,,,,,,,,completed,
898,782,783,,,,,,,,,,,completed,
899,783,784,,,,,,,,,,,completed,
900,784,785,,,,,,,,,,,completed,
901,785,786,,,,,,,,,,,completed,
902,786,787,,,,,,,,,,,completed,
903,787,788,,,,,,,,,,,completed,
904,788,789,,,,,,,,,,,completed,
905,789,790,,,,,,,,,,,completed,
906,790,791,,,,,,,,,,,completed,
907,791,792,,,,,,,,,,,completed,
908,792,793,,,,,,,,,,,completed,
910,793,794,,,,,,,,,,,completed,
911,794,795,,,,,,,,,,,completed,
912,795,796,,,,,,,,,,,completed,
913,796,797,,,,,,,,,,,completed,
914,797,798,,,,,,,,,,,completed,
915,798,799,,,,,,,,,,,completed,
916,799,800,,,,,,,,,,,completed,
917,800,801,,,,,,,,,,,completed,
918,801,802,,,,,,,,,,,completed,
920,802,803,,,,,,,,,,,completed,
921,803,804,,,,,,,,,,,completed,
922,804,805,,,,,,,,,,,completed,
923,805,806,,,,,,,,,,,completed,
924,806,807,,,,,,,,,,,completed,
925,807,809,,,,,,,,,,,completed,
926,809,810,,,,,,,,,,,completed,
927,810,811,,,,,,,,,,,completed,
929,811,812,,,,,,,,,,,completed,
930,812,813,,,,,,,,,,,completed,
931,813,814,,,,,,,,,,,completed,
933,814,815,,,,,,,,,,,completed,
935,815,816,,,,,,,,,,,completed,
936,816,817,,,,,,,,,,,completed,
937,817,818,,,,,,,,,,,completed,
938,818,819,,,,,,,,,,,completed,
939,819,820,,,,,,,,,,,completed,
940,820,821,,,,,,,,,,,completed,
941,821,822,,,,,,,,,,,completed,
943,822,823,,,,,,,,,,,completed,
944,823,824,,,,,,,,,,,completed,
945,824,825,,,,,,,,,,,completed,
946,825,827,,,,,,,,,,,completed,
947,827,828,,,,,,,,,,,completed,
948,828,829,,,,,,,,,,,completed,
949,829,830,,,,,,,,,,,completed,
950,830,831,,,,,,,,,,,completed,
952,831,833,,,,,,,,,,,completed,
953,833,834,,,,,,,,,,,completed,
954,834,835,,,,,,,,,,,completed,
956,835,836,,,,,,,,,,,completed,
957,836,837,,,,,,,,,,,completed,
958,837,838,,,,,,,,,,,completed,
959,838,839,,,,,,,,,,,completed,
960,839,840,,,,,,,,,,,completed,
961,840,841,,,,,,,,,,,completed,
963,841,842,,,,,,,,,,,completed,
965,842,845,,,,,,,,,,,completed,
966,845,846,,,,,,,,,,,completed,
967,846,847,,,,,,,,,,,completed,
968,847,848,,,,,,,,,,,completed,
969,848,850,,,,,,,,,,,completed,
970,850,851,,,,,,,,,,,completed,
971,851,853,,,,,,,,,,,completed,
972,853,854,,,,,,,,,,,completed,
973,854,855,,,,,,,,,,,completed,
974,855,856,,,,,,,,,,,completed,
975,856,857,,,,,,,,,,,completed,
976,857,858,,,,,,,,,,,completed,
977,858,859,,,,,,,,,,,completed,
980,859,860,,,,,,,,,,,completed,
981,860,861,,,,,,,,,,,completed,
982,861,863,,,,,,,,,,,completed,
983,863,864,,,,,,,,,,,completed,
984,864,865,,,,,,,,,,,completed,
985,865,867,,,,,,,,,,,completed,
986,867,869,,,,,,,,,,,completed,
987,869,870,,,,,,,,,,,completed,
988,870,871,,,,,,,,,,,completed,
989,871,872,,,,,,,,,,,completed,
990,872,873,,,,,,,,,,,completed,
991,873,874,,,,,,,,,,,completed,
992,874,875,,,,,,,,,,,completed,
994,875,876,,,,,,,,,,,completed,
995,876,877,,,,,,,,,,,completed,
996,877,878,,,,,,,,,,,completed,
997,878,880,,,,,,,,,,,completed,
998,880,881,,,,,,,,,,,completed,
999,881,882,,,,,,,,,,,completed,
1000,882,883,,,,,,,,,,,completed,
1001,883,884,,,,,,,,,,,completed,
1002,884,885,,,,,,,,,,,completed,
1003,885,886,,,,,,,,,,,completed,
1004,886,887,,,,,,,,,,,completed,
1005,887,888,,,,,,,,,,,completed,
1006,888,889,,,,,,,,,,,completed,
1007,889,890,,,,,,,,,,,completed,
1008,890,891,,,,,,,,,,,completed,
1010,891,892,,,,,,,,,,,completed,
1013,892,893,,,,,,,,,,,completed,
1014,893,894,,,,,,,,,,,completed,
1016,894,895,,,,,,,,,,,completed,
1017,895,896,,,,,,,,,,,completed,
1018,896,897,,,,,,,,,,,completed,
1020,897,898,,,,,,,,,,,completed,
1021,898,899,,,,,,,,,,,completed,
1022,899,900,,,,,,,,,,,completed,
1023,900,901,,,,,,,,,,,completed,
1024,901,902,,,,,,,,,,,completed,
1026,902,903,,,,,,,,,,,completed,
1027,903,904,,,,,,,,,,,completed,
1029,904,905,,,,,,,,,,,completed,
1030,905,907,,,,,,,,,,,completed,
1031,907,908,,,,,,,,,,,completed,
1032,908,909,,,,,,,,,,,completed,
1033,909,910,,,,,,,,,,,completed,
1035,910,911,,,,,,,,,,,completed,
1036,911,912,,,,,,,,,,,completed,
1037,912,914,,,,,,,,,,,completed,
1039,914,915,,,,,,,,,,,completed,
1041,915,916,,,,,,,,,,,completed,
1042,916,917,,,,,,,,,,,completed,
1043,917,918,,,,,,,,,,,completed,
1045,918,919,,,,,,,,,,,completed,
1046,919,920,,,,,,,,,,,completed,
1047,920,921,,,,,,,,,,,completed,
1048,921,922,,,,,,,,,,,completed,
1049,922,923,,,,,,,,,,,completed,
1052,923,924,,,,,,,,,,,completed,
1053,924,925,,,,,,,,,,,completed,
1054,925,926,,,,,,,,,,,completed,
1055,926,927,,,,,,,,,,,completed,
1058,927,928,,,,,,,,,,,completed,
1059,928,929,,,,,,,,,,,completed,
1060,929,930,,,,,,,,,,,completed,
1061,930,931,,,,,,,,,,,completed,
1063,931,933,,,,,,,,,,,completed,
1064,933,934,,,,,,,,,,,completed,
1065,934,935,,,,,,,,,,,completed,
1066,935,936,,,,,,,,,,,completed,
1067,936,937,,,,,,,,,,,completed,
1068,937,939,,,,,,,,,,,completed,
1069,939,940,,,,,,,,,,,completed,
1071,940,941,,,,,,,,,,,completed,
1072,941,943,,,,,,,,,,,completed,
1073,943,944,,,,,,,,,,,completed,
1074,944,945,,,,,,,,,,,completed,
1075,945,946,,,,,,,,,,,completed,
1077,946,947,,,,,,,,,,,completed,
1078,947,948,,,,,,,,,,,completed,
1079,948,949,,,,,,,,,,,completed,
1080,949,950,,,,,,,,,,,completed,
1081,950,951,,,,,,,,,,,completed,
1082,951,952,,,,,,,,,,,completed,
1083,952,953,,,,,,,,,,,completed,
1084,953,954,,,,,,,,,,,completed,
1085,954,955,,,,,,,,,,,completed,
1086,955,956,,,,,,,,,,,completed,
1087,956,957,,,,,,,,,,,completed,
1088,957,958,,,,,,,,,,,completed,
1089,958,959,,,,,,,,,,,completed,
1090,959,960,,,,,,,,,,,completed,
1091,960,961,,,,,,,,,,,completed,
1092,961,962,,,,,,,,,,,completed,
1093,962,964,,,,,,,,,,,completed,
1094,964,965,,,,,,,,,,,completed,
1095,965,966,,,,,,,,,,,completed,
1100,966,967,,,,,,,,,,,completed,
1101,967,968,,,,,,,,,,,completed,
1102,968,969,,,,,,,,,,,completed,
1103,969,970,,,,,,,,,,,completed,
1104,970,971,,,,,,,,,,,completed,
1105,971,972,,,,,,,,,,,completed,
1106,972,973,,,,,,,,,,,completed,
1108,973,974,,,,,,,,,,,completed,
1109,974,976,,,,,,,,,,,completed,
1110,976,978,,,,,,,,,,,completed,
1111,978,979,,,,,,,,,,,completed,
1113,979,980,,,,,,,,,,,completed,
1114,980,981,,,,,,,,,,,completed,
1115,981,983,,,,,,,,,,,completed,
1117,983,984,,,,,,,,,,,completed,
1119,984,985,,,,,,,,,,,completed,
1120,985,986,,,,,,,,,,,completed,
1121,986,987,,,,,,,,,,,completed,
1122,987,988,,,,,,,,,,,completed,
1123,988,989,,,,,,,,,,,completed,
1124,989,990,,,,,,,,,,,completed,
1126,990,991,,,,,,,,,,,completed,
1127,991,992,,,,,,,,,,,completed,
1128,992,994,,,,,,,,,,,completed,
1129,994,995,,,,,,,,,,,completed,
1130,995,996,,,,,,,,,,,completed,
1131,996,997,,,,,,,,,,,completed,
1132,997,998,,,,,,,,,,,completed,
1133,998,999,,,,,,,,,,,completed,
1135,999,1000,,,,,,,,,,,completed,
1136,1000,1001,,,,,,,,,,,completed,
1137,1001,1002,,,,,,,,,,,completed,
1138,1002,1004,,,,,,,,,,,completed,
1139,1004,1005,,,,,,,,,,,completed,
1140,1005,1006,,,,,,,,,,,completed,
1141,1006,1007,,,,,,,,,,,completed,
1142,1007,1008,,,,,,,,,,,completed,
1143,1008,1009,,,,,,,,,,,completed,
1145,1009,1010,,,,,,,,,,,completed,
1147,1010,1011,,,,,,,,,,,completed,
1149,1011,1012,,,,,,,,,,,completed,
1151,1012,1013,,,,,,,,,,,completed,
1152,1013,1014,,,,,,,,,,,completed,
1153,1014,1015,,,,,,,,,,,completed,
1154,1015,1016,,,,,,,,,,,completed,
1155,1016,1017,,,,,,,,,,,completed,
1156,1017,1018,,,,,,,,,,,completed,
1158,1018,1019,,,,,,,,,,,completed,
1159,1019,1020,,,,,,,,,,,completed,
1160,1020,1021,,,,,,,,,,,completed,
1161,1021,1022,,,,,,,,,,,completed,
1162,1022,1023,,,,,,,,,,,completed,
1163,1023,1024,,,,,,,,,,,completed,
1165,1024,1025,,,,,,,,,,,completed,
1166,1025,1026,,,,,,,,,,,completed,
1167,1026,1027,,,,,,,,,,,completed,
1168,1027,1028,,,,,,,,,,,completed,
1170,1028,1029,,,,,,,,,,,completed,
1172,1029,1030,,,,,,,,,,,completed,
1173,1030,1031,,,,,,,,,,,completed,
1174,1031,1032,,,,,,,,,,,completed,
1175,1032,1033,,,,,,,,,,,completed,
1176,1033,1034,,,,,,,,,,,completed,
1179,1034,1035,,,,,,,,,,,completed,
1180,1035,1036,,,,,,,,,,,completed,
1181,1036,1037,,,,,,,,,,,completed,
1182,1037,1038,,,,,,,,,,,completed,
1183,1038,1039,,,,,,,,,,,completed,
1184,1039,1040,,,,,,,,,,,completed,
1185,1040,1041,,,,,,,,,,,completed,
1186,1041,1042,,,,,,,,,,,completed,
1187,1042,1043,,,,,,,,,,,completed,
1188,1043,1044,,,,,,,,,,,completed,
1190,1044,1046,,,,,,,,,,,completed,
1191,1046,1047,,,,,,,,,,,completed,
1192,1047,1048,,,,,,,,,,,completed,
1193,1048,1049,,,,,,,,,,,completed,
1194,1049,1050,,,,,,,,,,,completed,
1195,1050,1051,,,,,,,,,,,completed,
1197,1051,1052,,,,,,,,,,,completed,
1198,1052,1054,,,,,,,,,,,completed,
1199,1054,1055,,,,,,,,,,,completed,
1201,1055,1056,,,,,,,,,,,completed,
1202,1056,1057,,,,,,,,,,,completed,
1203,1057,1058,,,,,,,,,,,completed,
1204,1058,1059,,,,,,,,,,,completed,
1205,1059,1060,,,,,,,,,,,completed,
1207,1060,1061,,,,,,,,,,,completed,
1208,1061,1062,,,,,,,,,,,completed,
1209,1062,1063,,,,,,,,,,,completed,
1210,1063,1064,,,,,,,,,,,completed,
1211,1064,1065,,,,,,,,,,,completed,
1212,1065,1066,,,,,,,,,,,completed,
1215,1066,1067,,,,,,,,,,,completed,
1216,1067,1068,,,,,,,,,,,completed,
1217,1068,1069,,,,,,,,,,,completed,
1221,1069,1070,,,,,,,,,,,completed,
1222,1070,1071,,,,,,,,,,,completed,
1223,1071,1072,,,,,,,,,,,completed,
1224,1072,1073,,,,,,,,,,,completed,
1225,1073,1074,,,,,,,,,,,completed,
1227,1074,1075,,,,,,,,,,,completed,
1231,1075,1076,,,,,,,,,,,completed,
1233,1076,1078,,,,,,,,,,,completed,
1234,1078,1079,,,,,,,,,,,completed,
1235,1079,1080,,,,,,,,,,,completed,
1236,1080,1081,,,,,,,,,,,completed,
1237,1081,1082,,,,,,,,,,,completed,
1238,1082,1083,,,,,,,,,,,completed,
1239,1083,1084,,,,,,,,,,,completed,
1240,1084,1085,,,,,,,,,,,completed,
1241,1085,1086,,,,,,,,,,,completed,
1243,1086,1087,,,,,,,,,,,completed,
1244,1087,1088,,,,,,,,,,,completed,
1245,1088,1089,,,,,,,,,,,completed,
1248,1089,1090,,,,,,,,,,,completed,
1249,1090,1091,,,,,,,,,,,completed,
1250,1091,1092,,,,,,,,,,,completed,
1251,1092,1093,,,,,,,,,,,completed,
1252,1093,1094,,,,,,,,,,,completed,
1253,1094,1095,,,,,,,,,,,completed,
1255,1095,1096,,,,,,,,,,,completed,
1256,1096,1097,,,,,,,,,,,completed,
1257,1097,1098,,,,,,,,,,,completed,
1258,1098,1099,,,,,,,,,,,completed,
1260,1099,1100,,,,,,,,,,,completed,
1262,1100,1101,,,,,,,,,,,completed,
1263,1101,1102,,,,,,,,,,,completed,
1264,1102,1103,,,,,,,,,,,completed,
1265,1103,1104,,,,,,,,,,,completed,
1266,1104,1105,,,,,,,,,,,completed,
1267,1105,1106,,,,,,,,,,,completed,
1268,1106,1107,,,,,,,,,,,completed,
1269,1107,1108,,,,,,,,,,,completed,
1270,1108,1109,,,,,,,,,,,completed,
1271,1109,1110,,,,,,,,,,,completed,
1272,1110,1111,,,,,,,,,,,completed,
1273,1111,1112,,,,,,,,,,,completed,
1274,1112,1114,,,,,,,,,,,completed,
1276,1114,1115,,,,,,,,,,,completed,
1278,1115,1116,,,,,,,,,,,completed,
1279,1116,1117,,,,,,,,,,,completed,
1280,1117,1118,,,,,,,,,,,completed,
1281,1118,1119,,,,,,,,,,,completed,
1282,1119,1120,,,,,,,,,,,completed,
1284,1120,1121,,,,,,,,,,,completed,
1285,1121,1122,,,,,,,,,,,completed,
1286,1122,1123,,,,,,,,,,,completed,
1287,1123,1124,,,,,,,,,,,completed,
1288,1124,1125,,,,,,,,,,,completed,
1289,1125,1126,,,,,,,,,,,completed,
1291,1126,1128,,,,,,,,,,,completed,
1292,1128,1129,,,,,,,,,,,completed,
1293,1129,1130,,,,,,,,,,,completed,
1296,1130,1131,,,,,,,,,,,completed,
1298,1131,1132,,,,,,,,,,,completed,
1299,1132,1134,,,,,,,,,,,completed,
1300,1134,1136,,,,,,,,,,,completed,
1301,1136,1137,,,,,,,,,,,completed,
1303,1137,1139,,,,,,,,,,,completed,
1304,1139,1140,,,,,,,,,,,completed,
1305,1140,1141,,,,,,,,,,,completed,
1306,1141,1142,,,,,,,,,,,completed,
1307,1142,1143,,,,,,,,,,,completed,
1309,1143,1144,,,,,,,,,,,completed,
1311,1144,1145,,,,,,,,,,,completed,
1312,1145,1146,,,,,,,,,,,completed,
1313,1146,1147,,,,,,,,,,,completed,
1314,1147,1148,,,,,,,,,,,completed,
1315,1148,1149,,,,,,,,,,,completed,
1316,1149,1150,,,,,,,,,,,completed,
1317,1150,1152,,,,,,,,,,,completed,
1319,1152,1153,,,,,,,,,,,completed,
1320,1153,1154,,,,,,,,,,,completed,
1321,1154,1155,,,,,,,,,,,completed,
1322,1155,1156,,,,,,,,,,,completed,
1323,1156,1157,,,,,,,,,,,completed,
1324,1157,1158,,,,,,,,,,,completed,
1326,1158,1159,,,,,,,,,,,completed,
1328,1159,1160,,,,,,,,,,,completed,
1329,1160,1161,,,,,,,,,,,completed,
1330,1161,1162,,,,,,,,,,,completed,
1331,1162,1163,,,,,,,,,,,completed,
1332,1163,1164,,,,,,,,,,,completed,
1333,1164,1165,,,,,,,,,,,completed,
1335,1165,1166,,,,,,,,,,,completed,
1336,1166,1167,,,,,,,,,,,completed,
1337,1167,1168,,,,,,,,,,,completed,
1338,1168,1170,,,,,,,,,,,completed,
1339,1170,1171,,,,,,,,,,,completed,
1340,1171,1172,,,,,,,,,,,completed,
1341,1172,1173,,,,,,,,,,,completed,
1342,1173,1174,,,,,,,,,,,completed,
1343,1174,1176,,,,,,,,,,,completed,
1344,1176,1177,,,,,,,,,,,completed,
1345,1177,1178,,,,,,,,,,,completed,
1346,1178,1179,,,,,,,,,,,completed,
1347,1179,1180,,,,,,,,,,,completed,
1348,1180,1181,,,,,,,,,,,completed,
1350,1181,1182,,,,,,,,,,,completed,
1351,1182,1183,,,,,,,,,,,completed,
1352,1183,1184,,,,,,,,,,,completed,
1353,1184,1185,,,,,,,,,,,completed,
1355,1185,1186,,,,,,,,,,,completed,
1357,1186,1189,,,,,,,,,,,completed,
1358,1189,1190,,,,,,,,,,,completed,
1359,1190,1191,,,,,,,,,,,completed,
1360,1191,1192,,,,,,,,,,,completed,
1361,1192,1193,,,,,,,,,,,completed,
1362,1193,1194,,,,,,,,,,,completed,
1363,1194,1195,,,,,,,,,,,completed,
1364,1195,1196,,,,,,,,,,,completed,
1365,1196,1198,,,,,,,,,,,completed,
1366,1198,1199,,,,,,,,,,,completed,
1367,1199,1200,,,,,,,,,,,completed,
1368,1200,1201,,,,,,,,,,,completed,
1369,1201,1202,,,,,,,,,,,completed,
1370,1202,1203,,,,,,,,,,,completed,
1371,1203,1204,,,,,,,,,,,completed,
1373,1204,1205,,,,,,,,,,,completed,
1374,1205,1206,,,,,,,,,,,completed,
1375,1206,1207,,,,,,,,,,,completed,
1376,1207,1208,,,,,,,,,,,completed,
1378,1208,1209,,,,,,,,,,,completed,
1380,1209,1210,,,,,,,,,,,completed,
1381,1210,1211,,,,,,,,,,,completed,
1382,1211,1212,,,,,,,,,,,completed,
1383,1212,1213,,,,,,,,,,,completed,
1384,1213,1214,,,,,,,,,,,completed,
1385,1214,1215,,,,,,,,,,,completed,
1386,1215,1216,,,,,,,,,,,completed,
1387,1216,1217,,,,,,,,,,,completed,
1388,1217,1218,,,,,,,,,,,completed,
1389,1218,1221,,,,,,,,,,,completed,
1391,1221,1222,,,,,,,,,,,completed,
1392,1222,1224,,,,,,,,,,,completed,
1395,1224,1225,,,,,,,,,,,completed,
1396,1225,1226,,,,,,,,,,,completed,
1397,1226,1227,,,,,,,,,,,completed,
1398,1227,1229,,,,,,,,,,,completed,
1399,1229,1230,,,,,,,,,,,completed,
1400,1230,1231,,,,,,,,,,,completed,
1401,1231,1232,,,,,,,,,,,completed,
1403,1232,1233,,,,,,,,,,,completed,
1404,1233,1234,,,,,,,,,,,completed,
1405,1234,1235,,,,,,,,,,,completed,
1406,1235,1236,,,,,,,,,,,completed,
1407,1236,1237,,,,,,,,,,,completed,
1409,1237,1238,,,,,,,,,,,completed,
1410,1238,1240,,,,,,,,,,,completed,
1411,1240,1241,,,,,,,,,,,completed,
1412,1241,1242,,,,,,,,,,,completed,
1414,1242,1244,,,,,,,,,,,completed,
1416,1244,1245,,,,,,,,,,,completed,
1417,1245,1246,,,,,,,,,,,completed,
1418,1246,1247,,,,,,,,,,,completed,
1419,1247,1248,,,,,,,,,,,completed,
1420,1248,1249,,,,,,,,,,,completed,
1421,1249,1250,,,,,,,,,,,completed,
1423,1250,1251,,,,,,,,,,,completed,
1424,1251,1252,,,,,,,,,,,completed,
1425,1252,1253,,,,,,,,,,,completed,
1426,1253,1254,,,,,,,,,,,completed,
1427,1254,1255,,,,,,,,,,,completed,
1428,1255,1256,,,,,,,,,,,completed,
1430,1256,1258,,,,,,,,,,,completed,
1431,1258,1259,,,,,,,,,,,completed,
1433,1259,1260,,,,,,,,,,,completed,
1434,1260,1261,,,,,,,,,,,completed,
1435,1261,1262,,,,,,,,,,,completed,
1436,1262,1263,,,,,,,,,,,completed,
1439,1263,1264,,,,,,,,,,,completed,
1441,1264,1265,,,,,,,,,,,completed,
1442,1265,1267,,,,,,,,,,,completed,
1443,1267,1270,,,,,,,,,,,completed,
1444,1270,1272,,,,,,,,,,,completed,
1445,1272,1274,,,,,,,,,,,completed,
1446,1274,1275,,,,,,,,,,,completed,
1448,1275,1276,,,,,,,,,,,completed,
1449,1276,1277,,,,,,,,,,,completed,
1450,1277,1278,,,,,,,,,,,completed,
1452,1278,1279,,,,,,,,,,,completed,
1453,1279,1280,,,,,,,,,,,completed,
1454,1280,1281,,,,,,,,,,,completed,
1455,1281,1282,,,,,,,,,,,completed,
1456,1282,1283,,,,,,,,,,,completed,
1458,1283,1284,,,,,,,,,,,completed,
1460,1284,1285,,,,,,,,,,,completed,
1462,1285,1286,,,,,,,,,,,completed,
1463,1286,1287,,,,,,,,,,,completed,
1464,1287,1288,,,,,,,,,,,completed,
1465,1288,1289,,,,,,,,,,,completed,
1466,1289,1290,,,,,,,,,,,completed,
1467,1290,1291,,,,,,,,,,,completed,
1468,1291,1292,,,,,,,,,,,completed,
1469,1292,1293,,,,,,,,,,,completed,
1470,1293,1294,,,,,,,,,,,completed,
1471,1294,1295,,,,,,,,,,,completed,
1472,1295,1296,,,,,,,,,,,completed,
1473,1296,1298,,,,,,,,,,,completed,
1474,1298,1299,,,,,,,,,,,completed,
1476,1299,1300,,,,,,,,,,,completed,
1477,1300,1301,,,,,,,,,,,completed,
1479,1301,1302,,,,,,,,,,,completed,
1480,1302,1303,,,,,,,,,,,completed,
1481,1303,1304,,,,,,,,,,,completed,
1482,1304,1305,,,,,,,,,,,completed,
1483,1305,1306,,,,,,,,,,,completed,
1484,1306,1307,,,,,,,,,,,completed,
1485,1307,1308,,,,,,,,,,,completed,
1486,1308,1309,,,,,,,,,,,completed,
1487,1309,1310,,,,,,,,,,,completed,
1488,1310,1311,,,,,,,,,,,completed,
1489,1311,1312,,,,,,,,,,,completed,
1492,1312,1313,,,,,,,,,,,completed,
1493,1313,1314,,,,,,,,,,,completed,
1494,1314,1315,,,,,,,,,,,completed,
1495,1315,1316,,,,,,,,,,,completed,
1496,1316,1317,,,,,,,,,,,completed,
1497,1317,1318,,,,,,,,,,,completed,
1498,1318,1319,,,,,,,,,,,completed,
1501,1319,1320,,,,,,,,,,,completed,
1502,1320,1321,,,,,,,,,,,completed,
1503,1321,1322,,,,,,,,,,,completed,
1504,1322,1323,,,,,,,,,,,completed,
1505,1323,1324,,,,,,,,,,,completed,
1507,1324,1325,,,,,,,,,,,completed,
1508,1325,1326,,,,,,,,,,,completed,
1509,1326,1327,,,,,,,,,,,completed,
1510,1327,1328,,,,,,,,,,,completed,
1511,1328,1329,,,,,,,,,,,completed,
1512,1329,1330,,,,,,,,,,,completed,
1513,1330,1331,,,,,,,,,,,completed,
1514,1331,1332,,,,,,,,,,,completed,
1516,1332,1334,,,,,,,,,,,completed,
1517,1334,1335,,,,,,,,,,,completed,
1518,1335,1336,,,,,,,,,,,completed,
1520,1336,1338,,,,,,,,,,,completed,
1522,1338,1339,,,,,,,,,,,completed,
1523,1339,1340,,,,,,,,,,,completed,
1524,1340,1341,,,,,,,,,,,completed,
1525,1341,1342,,,,,,,,,,,completed,
1526,1342,1343,,,,,,,,,,,completed,
1527,1343,1344,,,,,,,,,,,completed,
1529,1344,1345,,,,,,,,,,,completed,
1530,1345,1346,,,,,,,,,,,completed,
1532,1346,1347,,,,,,,,,,,completed,
1533,1347,1348,,,,,,,,,,,completed,
1534,1348,1350,,,,,,,,,,,completed,
1535,1350,1351,,,,,,,,,,,completed,
1536,1351,1352,,,,,,,,,,,completed,
1537,1352,1354,,,,,,,,,,,completed,
1539,1354,1356,,,,,,,,,,,completed,
1540,1356,1357,,,,,,,,,,,completed,
1542,1357,1358,,,,,,,,,,,completed,
1543,1358,1360,,,,,,,,,,,completed,
1544,1360,1361,,,,,,,,,,,completed,
1545,1361,1362,,,,,,,,,,,completed,
1546,1362,1363,,,,,,,,,,,completed,
1547,1363,1364,,,,,,,,,,,completed,
1548,1364,1365,,,,,,,,,,,completed,
1549,1365,1366,,,,,,,,,,,completed,
1550,1366,1367,,,,,,,,,,,completed,
1553,1367,1368,,,,,,,,,,,completed,
1554,1368,1369,,,,,,,,,,,completed,
1555,1369,1370,,,,,,,,,,,completed,
1556,1370,1371,,,,,,,,,,,completed,
1557,1371,1372,,,,,,,,,,,completed,
1558,1372,1373,,,,,,,,,,,completed,
1559,1373,1374,,,,,,,,,,,completed,
1560,1374,1375,,,,,,,,,,,completed,
1561,1375,1376,,,,,,,,,,,completed,
1562,1376,1377,,,,,,,,,,,completed,
1563,1377,1378,,,,,,,,,,,completed,
1564,1378,1380,,,,,,,,,,,completed,
1565,1380,1382,,,,,,,,,,,completed,
1566,1382,1383,,,,,,,,,,,completed,
1567,1383,1384,,,,,,,,,,,completed,
1568,1384,1385,,,,,,,,,,,completed,
1569,1385,1386,,,,,,,,,,,completed,
1570,1386,1387,,,,,,,,,,,completed,
1571,1387,1388,,,,,,,,,,,completed,
1572,1388,1389,,,,,,,,,,,completed,
1574,1389,1390,,,,,,,,,,,completed,
1575,1390,1391,,,,,,,,,,,completed,
1576,1391,1392,,,,,,,,,,,completed,
1578,1392,1393,,,,,,,,,,,completed,
1579,1393,1395,,,,,,,,,,,completed,
1580,1395,1396,,,,,,,,,,,completed,
1581,1396,1397,,,,,,,,,,,completed,
1582,1397,1398,,,,,,,,,,,completed,
1583,1398,1400,,,,,,,,,,,completed,
1584,1400,1401,,,,,,,,,,,completed,
1585,1401,1403,,,,,,,,,,,completed,
1586,1403,1404,,,,,,,,,,,completed,
1587,1404,1405,,,,,,,,,,,completed,
1589,1405,1406,,,,,,,,,,,completed,
1590,1406,1407,,,,,,,,,,,completed,
1591,1407,1408,,,,,,,,,,,completed,
1592,1408,1409,,,,,,,,,,,completed,
1593,1409,1410,,,,,,,,,,,completed,
1594,1410,1411,,,,,,,,,,,completed,
1595,1411,1412,,,,,,,,,,,completed,
1596,1412,1414,,,,,,,,,,,completed,
1597,1414,1415,,,,,,,,,,,completed,
1598,1415,1416,,,,,,,,,,,completed,
1601,1416,1417,,,,,,,,,,,completed,
1603,1417,1418,,,,,,,,,,,completed,
1604,1418,1420,,,,,,,,,,,completed,
1605,1420,1421,,,,,,,,,,,completed,
1606,1421,1422,,,,,,,,,,,completed,
1607,1422,1423,,,,,,,,,,,completed,
1608,1423,1424,,,,,,,,,,,completed,
1609,1424,1425,,,,,,,,,,,completed,
1610,1425,1426,,,,,,,,,,,completed,
1611,1426,1427,,,,,,,,,,,completed,
1612,1427,1428,,,,,,,,,,,completed,
1613,1428,1429,,,,,,,,,,,completed,
1614,1429,1430,,,,,,,,,,,completed,
1615,1430,1431,,,,,,,,,,,completed,
1617,1431,1432,,,,,,,,,,,completed,
1618,1432,1433,,,,,,,,,,,completed,
1619,1433,1434,,,,,,,,,,,completed,
1620,1434,1435,,,,,,,,,,,completed,
1622,1435,1436,,,,,,,,,,,completed,
1623,1436,1437,,,,,,,,,,,completed,
1624,1437,1438,,,,,,,,,,,completed,
1625,1438,1439,,,,,,,,,,,completed,
1626,1439,1440,,,,,,,,,,,completed,
1627,1440,1442,,,,,,,,,,,completed,
1628,1442,1445,,,,,,,,,,,completed,
1629,1445,1446,,,,,,,,,,,completed,
1631,1446,1447,,,,,,,,,,,completed,
1632,1447,1448,,,,,,,,,,,completed,
1633,1448,1449,,,,,,,,,,,completed,
1634,1449,1450,,,,,,,,,,,completed,
1635,1450,1451,,,,,,,,,,,completed,
1636,1451,1452,,,,,,,,,,,completed,
1637,1452,1453,,,,,,,,,,,completed,
1639,1453,1454,,,,,,,,,,,completed,
1640,1454,1455,,,,,,,,,,,completed,
1641,1455,1457,,,,,,,,,,,completed,
1642,1457,1458,,,,,,,,,,,completed,
1644,1458,1459,,,,,,,,,,,completed,
1645,1459,1460,,,,,,,,,,,completed,
1647,1460,1462,,,,,,,,,,,completed,
1650,1462,1463,,,,,,,,,,,completed,
1651,1463,1464,,,,,,,,,,,completed,
1652,1464,1465,,,,,,,,,,,completed,
1653,1465,1466,,,,,,,,,,,completed,
1654,1466,1467,,,,,,,,,,,completed,
1656,1467,1469,,,,,,,,,,,completed,
1659,1469,1470,,,,,,,,,,,completed,
1660,1470,1471,,,,,,,,,,,completed,
1661,1471,1472,,,,,,,,,,,completed,
1662,1472,1473,,,,,,,,,,,completed,
1663,1473,1474,,,,,,,,,,,completed,
1664,1474,1475,,,,,,,,,,,completed,
1666,1475,1476,,,,,,,,,,,completed,
1667,1476,1477,,,,,,,,,,,completed,
1668,1477,1478,,,,,,,,,,,completed,
1669,1478,1480,,,,,,,,,,,completed,
1670,1480,1481,,,,,,,,,,,completed,
1671,1481,1482,,,,,,,,,,,completed,
1672,1482,1483,,,,,,,,,,,completed,
1673,1483,1484,,,,,,,,,,,completed,
1674,1484,1485,,,,,,,,,,,completed,
1676,1485,1486,,,,,,,,,,,completed,
1677,1486,1487,,,,,,,,,,,completed,
1680,1487,1488,,,,,,,,,,,completed,
1681,1488,1489,,,,,,,,,,,completed,
1682,1489,1490,,,,,,,,,,,completed,
1683,1490,1491,,,,,,,,,,,completed,
1685,1491,1492,,,,,,,,,,,completed,
1686,1492,1493,,,,,,,,,,,completed,
1688,1493,1494,,,,,,,,,,,completed,
1689,1494,1495,,,,,,,,,,,completed,
1690,1495,1496,,,,,,,,,,,completed,
1694,1496,1497,,,,,,,,,,,completed,
1695,1497,1498,,,,,,,,,,,completed,
1696,1498,1499,,,,,,,,,,,completed,
1697,1499,1500,,,,,,,,,,,completed,
1698,1500,1501,,,,,,,,,,,completed,
1699,1501,1502,,,,,,,,,,,completed,
1700,1502,1503,,,,,,,,,,,completed,
1701,1503,1504,,,,,,,,,,,completed,
1702,1504,1505,,,,,,,,,,,completed,
1703,1505,1506,,,,,,,,,,,completed,
1704,1506,1507,,,,,,,,,,,completed,
1705,1507,1508,,,,,,,,,,,completed,
1706,1508,1509,,,,,,,,,,,completed,
1707,1509,1510,,,,,,,,,,,completed,
1708,1510,1511,,,,,,,,,,,completed,
1709,1511,1512,,,,,,,,,,,completed,
1710,1512,1513,,,,,,,,,,,completed,
1711,1513,1514,,,,,,,,,,,completed,
1712,1514,1515,,,,,,,,,,,completed,
1713,1515,1516,,,,,,,,,,,completed,
1714,1516,1517,,,,,,,,,,,completed,
1715,1517,1518,,,,,,,,,,,completed,
1716,1518,1519,,,,,,,,,,,completed,
1718,1519,1520,,,,,,,,,,,completed,
1719,1520,1521,,,,,,,,,,,completed,
1720,1521,1523,,,,,,,,,,,completed,
1721,1523,1524,,,,,,,,,,,completed,
1722,1524,1525,,,,,,,,,,,completed,
1723,1525,1526,,,,,,,,,,,completed,
1724,1526,1527,,,,,,,,,,,completed,
1725,1527,1528,,,,,,,,,,,completed,
1726,1528,1529,,,,,,,,,,,completed,
1727,1529,1530,,,,,,,,,,,completed,
1728,1530,1531,,,,,,,,,,,completed,
1729,1531,1532,,,,,,,,,,,completed,
1730,1532,1533,,,,,,,,,,,completed,
1731,1533,1534,,,,,,,,,,,completed,
1732,1534,1535,,,,,,,,,,,completed,
1733,1535,1536,,,,,,,,,,,completed,
1734,1536,1537,,,,,,,,,,,completed,
1735,1537,1538,,,,,,,,,,,completed,
1736,1538,1539,,,,,,,,,,,completed,
1737,1539,1541,,,,,,,,,,,completed,
1738,1541,1543,,,,,,,,,,,completed,
1739,1543,1545,,,,,,,,,,,completed,
1740,1545,1546,,,,,,,,,,,completed,
1742,1546,1547,,,,,,,,,,,completed,
1743,1547,1548,,,,,,,,,,,completed,
1744,1548,1550,,,,,,,,,,,completed,
1746,1550,1551,,,,,,,,,,,completed,
1747,1551,1553,,,,,,,,,,,completed,
1748,1553,1554,,,,,,,,,,,completed,
1749,1554,1555,,,,,,,,,,,completed,
1750,1555,1556,,,,,,,,,,,completed,
1751,1556,1557,,,,,,,,,,,completed,
1752,1557,1559,,,,,,,,,,,completed,
1753,1559,1560,,,,,,,,,,,completed,
1754,1560,1561,,,,,,,,,,,completed,
1755,1561,1562,,,,,,,,,,,completed,
1756,1562,1563,,,,,,,,,,,completed,
1757,1563,1564,,,,,,,,,,,completed,
1759,1564,1565,,,,,,,,,,,completed,
1761,1565,1566,,,,,,,,,,,completed,
1762,1566,1567,,,,,,,,,,,completed,
1764,1567,1568,,,,,,,,,,,completed,
1767,1568,1570,,,,,,,,,,,completed,
1768,1570,1571,,,,,,,,,,,completed,
1769,1571,1572,,,,,,,,,,,completed,
1770,1572,1574,,,,,,,,,,,completed,
1771,1574,1575,,,,,,,,,,,completed,
1772,1575,1576,,,,,,,,,,,completed,
1773,1576,1577,,,,,,,,,,,completed,
1774,1577,1578,,,,,,,,,,,completed,
1775,1578,1579,,,,,,,,,,,completed,
1776,1579,1580,,,,,,,,,,,completed,
1777,1580,1581,,,,,,,,,,,completed,
1778,1581,1582,,,,,,,,,,,completed,
1780,1582,1583,,,,,,,,,,,completed,
1781,1583,1584,,,,,,,,,,,completed,
1782,1584,1585,,,,,,,,,,,completed,
1783,1585,1586,,,,,,,,,,,completed,
1784,1586,1588,,,,,,,,,,,completed,
1785,1588,1589,,,,,,,,,,,completed,
1786,1589,1590,,,,,,,,,,,completed,
1787,1590,1591,,,,,,,,,,,completed,
1788,1591,1592,,,,,,,,,,,completed,
1790,1592,1593,,,,,,,,,,,completed,
1791,1593,1594,,,,,,,,,,,completed,
1792,1594,1596,,,,,,,,,,,completed,
1793,1596,1597,,,,,,,,,,,completed,
1794,1597,1598,,,,,,,,,,,completed,
1795,1598,1599,,,,,,,,,,,completed,
1796,1599,1600,,,,,,,,,,,completed,
1797,1600,1601,,,,,,,,,,,completed,
1798,1601,1602,,,,,,,,,,,completed,
1799,1602,1603,,,,,,,,,,,completed,
1800,1603,1604,,,,,,,,,,,completed,
1801,1604,1605,,,,,,,,,,,completed,
1802,1605,1606,,,,,,,,,,,completed,
1803,1606,1607,,,,,,,,,,,completed,
1804,1607,1608,,,,,,,,,,,completed,
1806,1608,1609,,,,,,,,,,,completed,
1807,1609,1611,,,,,,,,,,,completed,
1808,1611,1613,,,,,,,,,,,completed,
1809,1613,1614,,,,,,,,,,,completed,
1810,1614,1615,,,,,,,,,,,completed,
1811,1615,1616,,,,,,,,,,,completed,
1812,1616,1617,,,,,,,,,,,completed,
1813,1617,1618,,,,,,,,,,,completed,
1814,1618,1619,,,,,,,,,,,completed,
1815,1619,1620,,,,,,,,,,,completed,
1816,1620,1621,,,,,,,,,,,completed,
1818,1621,1622,,,,,,,,,,,completed,
1820,1622,1623,,,,,,,,,,,completed,
1822,1623,1625,,,,,,,,,,,completed,
1823,1625,1626,,,,,,,,,,,completed,
1824,1626,1627,,,,,,,,,,,completed,
1826,1627,1628,,,,,,,,,,,completed,
1827,1628,1629,,,,,,,,,,,completed,
1828,1629,1630,,,,,,,,,,,completed,
1829,1630,1631,,,,,,,,,,,completed,
1831,1631,1632,,,,,,,,,,,completed,
1832,1632,1633,,,,,,,,,,,completed,
1833,1633,1635,,,,,,,,,,,completed,
1834,1635,1636,,,,,,,,,,,completed,
1835,1636,1637,,,,,,,,,,,completed,
1836,1637,1638,,,,,,,,,,,completed,
1837,1638,1639,,,,,,,,,,,completed,
1838,1639,1641,,,,,,,,,,,completed,
1839,1641,1642,,,,,,,,,,,completed,
1842,1642,1643,,,,,,,,,,,completed,
1843,1643,1644,,,,,,,,,,,completed,
1844,1644,1646,,,,,,,,,,,completed,
1845,1646,1648,,,,,,,,,,,completed,
1846,1648,1650,,,,,,,,,,,completed,
1847,1650,1651,,,,,,,,,,,completed,
1848,1651,1652,,,,,,,,,,,completed,
1851,1652,1653,,,,,,,,,,,completed,
1852,1653,1654,,,,,,,,,,,completed,
1853,1654,1656,,,,,,,,,,,completed,
1854,1656,1657,,,,,,,,,,,completed,
1857,1657,1658,,,,,,,,,,,completed,
1859,1658,1659,,,,,,,,,,,completed,
1860,1659,1660,,,,,,,,,,,completed,
1861,1660,1661,,,,,,,,,,,completed,
1862,1661,1662,,,,,,,,,,,completed,
1863,1662,1663,,,,,,,,,,,completed,
1864,1663,1664,,,,,,,,,,,completed,
1865,1664,1665,,,,,,,,,,,completed,
1866,1665,1666,,,,,,,,,,,completed,
1870,1666,1667,,,,,,,,,,,completed,
1871,1667,1668,,,,,,,,,,,completed,
1872,1668,1669,,,,,,,,,,,completed,
1874,1669,1671,,,,,,,,,,,completed,
1875,1671,1672,,,,,,,,,,,completed,
1876,1672,1673,,,,,,,,,,,completed,
1877,1673,1674,,,,,,,,,,,completed,
1879,1674,1675,,,,,,,,,,,completed,
1881,1675,1676,,,,,,,,,,,completed,
1883,1676,1677,,,,,,,,,,,completed,
1884,1677,1679,,,,,,,,,,,completed,
1885,1679,1680,,,,,,,,,,,completed,
1887,1680,1681,,,,,,,,,,,completed,
1888,1681,1683,,,,,,,,,,,completed,
1889,1683,1684,,,,,,,,,,,completed,
1890,1684,1685,,,,,,,,,,,completed,
1891,1685,1686,,,,,,,,,,,completed,
1892,1686,1687,,,,,,,,,,,completed,
1893,1687,1688,,,,,,,,,,,completed,
1894,1688,1689,,,,,,,,,,,completed,
1895,1689,1690,,,,,,,,,,,completed,
1896,1690,1691,,,,,,,,,,,completed,
1897,1691,1692,,,,,,,,,,,completed,
1898,1692,1693,,,,,,,,,,,completed,
1899,1693,1694,,,,,,,,,,,completed,
1900,1694,1696,,,,,,,,,,,completed,
1901,1696,1697,,,,,,,,,,,completed,
1902,1697,1698,,,,,,,,,,,completed,
1903,1698,1699,,,,,,,,,,,completed,
1905,1699,1700,,,,,,,,,,,completed,
1908,1700,1701,,,,,,,,,,,completed,
1909,1701,1702,,,,,,,,,,,completed,
1910,1702,1703,,,,,,,,,,,completed,
1912,1703,1704,,,,,,,,,,,completed,
1914,1704,1705,,,,,,,,,,,completed,
1915,1705,1706,,,,,,,,,,,completed,
1916,1706,1707,,,,,,,,,,,completed,
1918,1707,1708,,,,,,,,,,,completed,
1920,1708,1709,,,,,,,,,,,completed,
1921,1709,1710,,,,,,,,,,,completed,
1922,1710,1711,,,,,,,,,,,completed,
1923,1711,1712,,,,,,,,,,,completed,
1924,1712,1713,,,,,,,,,,,completed,
1925,1713,1714,,,,,,,,,,,completed,
1926,1714,1715,,,,,,,,,,,completed,
1929,1715,1716,,,,,,,,,,,completed,
1930,1716,1717,,,,,,,,,,,completed,
1931,1717,1718,,,,,,,,,,,completed,
1933,1718,1719,,,,,,,,,,,completed,
1934,1719,1720,,,,,,,,,,,completed,
1935,1720,1721,,,,,,,,,,,completed,
1936,1721,1722,,,,,,,,,,,completed,
1938,1722,1723,,,,,,,,,,,completed,
1939,1723,1724,,,,,,,,,,,completed,
1941,1724,1725,,,,,,,,,,,completed,
1942,1725,1726,,,,,,,,,,,completed,
1943,1726,1727,,,,,,,,,,,completed,
1944,1727,1728,,,,,,,,,,,completed,
1945,1728,1730,,,,,,,,,,,completed,
1946,1730,1731,,,,,,,,,,,completed,
1947,1731,1732,,,,,,,,,,,completed,
1948,1732,1733,,,,,,,,,,,completed,
1949,1733,1734,,,,,,,,,,,completed,
1950,1734,1735,,,,,,,,,,,completed,
1951,1735,1736,,,,,,,,,,,completed,
1952,1736,1738,,,,,,,,,,,completed,
1953,1738,1739,,,,,,,,,,,completed,
1955,1739,1740,,,,,,,,,,,completed,
1956,1740,1741,,,,,,,,,,,completed,
1957,1741,1742,,,,,,,,,,,completed,
1958,1742,1743,,,,,,,,,,,completed,
1959,1743,1744,,,,,,,,,,,completed,
1960,1744,1745,,,,,,,,,,,completed,
1961,1745,1746,,,,,,,,,,,completed,
1962,1746,1747,,,,,,,,,,,completed,
1963,1747,1748,,,,,,,,,,,completed,
1964,1748,1749,,,,,,,,,,,completed,
1965,1749,1750,,,,,,,,,,,completed,
1966,1750,1751,,,,,,,,,,,completed,
1968,1751,1752,,,,,,,,,,,completed,
1969,1752,1754,,,,,,,,,,,completed,
1970,1754,1755,,,,,,,,,,,completed,
1972,1755,1756,,,,,,,,,,,completed,
1973,1756,1757,,,,,,,,,,,completed,
1975,1757,1758,,,,,,,,,,,completed,
1976,1758,1759,,,,,,,,,,,completed,
1977,1759,1760,,,,,,,,,,,completed,
1978,1760,1761,,,,,,,,,,,completed,
1979,1761,1762,,,,,,,,,,,completed,
1981,1762,1763,,,,,,,,,,,completed,
1982,1763,1764,,,,,,,,,,,completed,
1983,1764,1765,,,,,,,,,,,completed,
1984,1765,1766,,,,,,,,,,,completed,
1985,1766,1767,,,,,,,,,,,completed,
1986,1767,1768,,,,,,,,,,,completed,
1988,1768,1770,,,,,,,,,,,completed,
1989,1770,1771,,,,,,,,,,,completed,
1990,1771,1772,,,,,,,,,,,completed,
1991,1772,1773,,,,,,,,,,,completed,
1992,1773,1775,,,,,,,,,,,completed,
1993,1775,1776,,,,,,,,,,,completed,
1994,1776,1777,,,,,,,,,,,completed,
1995,1777,1778,,,,,,,,,,,completed,
1996,1778,1779,,,,,,,,,,,completed,
1997,1779,1780,,,,,,,,,,,completed,
1998,1780,1781,,,,,,,,,,,completed,
1999,1781,1782,,,,,,,,,,,completed,
2000,1782,1783,,,,,,,,,,,completed,
2001,1783,1784,,,,,,,,,,,completed,
2003,1784,1785,,,,,,,,,,,completed,
2004,1785,1786,,,,,,,,,,,completed,
2005,1786,1787,,,,,,,,,,,completed,
2006,1787,1788,,,,,,,,,,,completed,
2007,1788,1789,,,,,,,,,,,completed,
2008,1789,1790,,,,,,,,,,,completed,
2009,1790,1791,,,,,,,,,,,completed,
2010,1791,1792,,,,,,,,,,,completed,
2011,1792,1793,,,,,,,,,,,completed,
2013,1793,1795,,,,,,,,,,,completed,
2014,1795,1796,,,,,,,,,,,completed,
2016,1796,1798,,,,,,,,,,,completed,
2017,1798,1799,,,,,,,,,,,completed,
2018,1799,1800,,,,,,,,,,,completed,
2019,1800,1801,,,,,,,,,,,completed,
2021,1801,1802,,,,,,,,,,,completed,
2022,1802,1804,,,,,,,,,,,completed,
2023,1804,1805,,,,,,,,,,,completed,
2024,1805,1806,,,,,,,,,,,completed,
2025,1806,1807,,,,,,,,,,,completed,
2026,1807,1809,,,,,,,,,,,completed,
2027,1809,1810,,,,,,,,,,,completed,
2028,1810,1811,,,,,,,,,,,completed,
2029,1811,1812,,,,,,,,,,,completed,
2030,1812,1813,,,,,,,,,,,completed,
2031,1813,1814,,,,,,,,,,,completed,
2032,1814,1815,,,,,,,,,,,completed,
2033,1815,1816,,,,,,,,,,,completed,
2034,1816,1817,,,,,,,,,,,completed,
2035,1817,1818,,,,,,,,,,,completed,
2036,1818,1820,,,,,,,,,,,completed,
2037,1820,1821,,,,,,,,,,,completed,
2038,1821,1822,,,,,,,,,,,completed,
2039,1822,1823,,,,,,,,,,,completed,
2040,1823,1824,,,,,,,,,,,completed,
2042,1824,1825,,,,,,,,,,,completed,
2043,1825,1826,,,,,,,,,,,completed,
2044,1826,1827,,,,,,,,,,,completed,
2045,1827,1828,,,,,,,,,,,completed,
2047,1828,1829,,,,,,,,,,,completed,
2049,1829,1831,,,,,,,,,,,completed,
2052,1831,1832,,,,,,,,,,,completed,
2053,1832,1833,,,,,,,,,,,completed,
2054,1833,1834,,,,,,,,,,,completed,
2055,1834,1835,,,,,,,,,,,completed,
2057,1835,1836,,,,,,,,,,,completed,
2058,1836,1837,,,,,,,,,,,completed,
2059,1837,1838,,,,,,,,,,,completed,
2060,1838,1839,,,,,,,,,,,completed,
2062,1839,1841,,,,,,,,,,,completed,
2064,1841,1842,,,,,,,,,,,completed,
2065,1842,1843,,,,,,,,,,,completed,
2066,1843,1844,,,,,,,,,,,completed,
2067,1844,1845,,,,,,,,,,,completed,
2069,1845,1846,,,,,,,,,,,completed,
2070,1846,1847,,,,,,,,,,,completed,
2071,1847,1848,,,,,,,,,,,completed,
2073,1848,1851,,,,,,,,,,,completed,
2074,1851,1852,,,,,,,,,,,completed,
2075,1852,1853,,,,,,,,,,,completed,
2076,1853,1854,,,,,,,,,,,completed,
2077,1854,1855,,,,,,,,,,,completed,
2078,1855,1856,,,,,,,,,,,completed,
2079,1856,1857,,,,,,,,,,,completed,
2081,1857,1858,,,,,,,,,,,completed,
2082,1858,1859,,,,,,,,,,,completed,
2083,1859,1860,,,,,,,,,,,completed,
2084,1860,1861,,,,,,,,,,,completed,
2086,1861,1862,,,,,,,,,,,completed,
2087,1862,1863,,,,,,,,,,,completed,
2088,1863,1864,,,,,,,,,,,completed,
2089,1864,1867,,,,,,,,,,,completed,
2091,1867,1868,,,,,,,,,,,completed,
2093,1868,1869,,,,,,,,,,,completed,
2094,1869,1870,,,,,,,,,,,completed,
2095,1870,1871,,,,,,,,,,,completed,
2096,1871,1872,,,,,,,,,,,completed,
2097,1872,1873,,,,,,,,,,,completed,
2098,1873,1874,,,,,,,,,,,completed,
2100,1874,1877,,,,,,,,,,,completed,
2101,1877,1878,,,,,,,,,,,completed,
2102,1878,1879,,,,,,,,,,,completed,
2104,1879,1881,,,,,,,,,,,completed,
2105,1881,1883,,,,,,,,,,,completed,
2106,1883,1884,,,,,,,,,,,completed,
2108,1884,1885,,,,,,,,,,,completed,
2109,1885,1886,,,,,,,,,,,completed,
2110,1886,1887,,,,,,,,,,,completed,
2111,1887,1888,,,,,,,,,,,completed,
2112,1888,1889,,,,,,,,,,,completed,
2113,1889,1890,,,,,,,,,,,completed,
2115,1890,1892,,,,,,,,,,,completed,
2116,1892,1893,,,,,,,,,,,completed,
2118,1893,1894,,,,,,,,,,,completed,
2121,1894,1895,,,,,,,,,,,completed,
2122,1895,1897,,,,,,,,,,,completed,
2123,1897,1898,,,,,,,,,,,completed,
2124,1898,1899,,,,,,,,,,,completed,
2126,1899,1901,,,,,,,,,,,completed,
2128,1901,1902,,,,,,,,,,,completed,
2129,1902,1904,,,,,,,,,,,completed,
2130,1904,1906,,,,,,,,,,,completed,
2131,1906,1907,,,,,,,,,,,completed,
2133,1907,1908,,,,,,,,,,,completed,
2134,1908,1909,,,,,,,,,,,completed,
2135,1909,1911,,,,,,,,,,,completed,
2136,1911,1912,,,,,,,,,,,completed,
2139,1912,1913,,,,,,,,,,,completed,
2140,1913,1914,,,,,,,,,,,completed,
2142,1914,1915,,,,,,,,,,,completed,
2144,1915,1916,,,,,,,,,,,completed,
2145,1916,1917,,,,,,,,,,,completed,
2147,1917,1918,,,,,,,,,,,completed,
2148,1918,1919,,,,,,,,,,,completed,
2149,1919,1920,,,,,,,,,,,completed,
2150,1920,1921,,,,,,,,,,,completed,
2151,1921,1922,,,,,,,,,,,completed,
2152,1922,1923,,,,,,,,,,,completed,
2153,1923,1924,,,,,,,,,,,completed,
2154,1924,1925,,,,,,,,,,,completed,
2155,1925,1927,,,,,,,,,,,completed,
2156,1927,1928,,,,,,,,,,,completed,
2158,1928,1929,,,,,,,,,,,completed,
2159,1929,1930,,,,,,,,,,,completed,
2160,1930,1931,,,,,,,,,,,completed,
2162,1931,1932,,,,,,,,,,,completed,
2163,1932,1933,,,,,,,,,,,completed,
2165,1933,1934,,,,,,,,,,,completed,
2166,1934,1935,,,,,,,,,,,completed,
2167,1935,1936,,,,,,,,,,,completed,
2168,1936,1938,,,,,,,,,,,completed,
2170,1938,1939,,,,,,,,,,,completed,
2171,1939,1940,,,,,,,,,,,completed,
2172,1940,1942,,,,,,,,,,,completed,
2173,1942,1943,,,,,,,,,,,completed,
2175,1943,1944,,,,,,,,,,,completed,
2176,1944,1945,,,,,,,,,,,completed,
2178,1945,1946,,,,,,,,,,,completed,
2179,1946,1947,,,,,,,,,,,completed,
2180,1947,1948,,,,,,,,,,,completed,
2181,1948,1949,,,,,,,,,,,completed,
2182,1949,1950,,,,,,,,,,,completed,
2183,1950,1951,,,,,,,,,,,completed,
2188,1951,1952,,,,,,,,,,,completed,
2189,1952,1953,,,,,,,,,,,completed,
2191,1953,1954,,,,,,,,,,,completed,
2192,1954,1955,,,,,,,,,,,completed,
2193,1955,1956,,,,,,,,,,,completed,
2194,1956,1958,,,,,,,,,,,completed,
2195,1958,1959,,,,,,,,,,,completed,
2196,1959,1960,,,,,,,,,,,completed,
2197,1960,1961,,,,,,,,,,,completed,
2198,1961,1963,,,,,,,,,,,completed,
2200,1963,1964,,,,,,,,,,,completed,
2201,1964,1965,,,,,,,,,,,completed,
2202,1965,1968,,,,,,,,,,,completed,
2204,1968,1969,,,,,,,,,,,completed,
2205,1969,1971,,,,,,,,,,,completed,
2206,1971,1972,,,,,,,,,,,completed,
2207,1972,1973,,,,,,,,,,,completed,
2208,1973,1974,,,,,,,,,,,completed,
2209,1974,1975,,,,,,,,,,,completed,
2210,1975,1976,,,,,,,,,,,completed,
2211,1976,1978,,,,,,,,,,,completed,
2212,1978,1979,,,,,,,,,,,completed,
2213,1979,1980,,,,,,,,,,,completed,
2215,1980,1983,,,,,,,,,,,completed,
2216,1983,1985,,,,,,,,,,,completed,
2218,1985,1986,,,,,,,,,,,completed,
2219,1986,1987,,,,,,,,,,,completed,
2220,1987,1988,,,,,,,,,,,completed,
2221,1988,1989,,,,,,,,,,,completed,
2222,1989,1990,,,,,,,,,,,completed,
2223,1990,1992,,,,,,,,,,,completed,
2224,1992,1993,,,,,,,,,,,completed,
2225,1993,1994,,,,,,,,,,,completed,
2226,1994,1995,,,,,,,,,,,completed,
2227,1995,1996,,,,,,,,,,,completed,
2228,1996,1997,,,,,,,,,,,completed,
2229,1997,1998,,,,,,,,,,,completed,
2230,1998,1999,,,,,,,,,,,completed,
2231,1999,2000,,,,,,,,,,,completed,
2234,2000,2002,,,,,,,,,,,completed,
2235,2002,2003,,,,,,,,,,,completed,
2236,2003,2004,,,,,,,,,,,completed,
2237,2004,2006,,,,,,,,,,,completed,
2238,2006,2007,,,,,,,,,,,completed,
2239,2007,2008,,,,,,,,,,,completed,
2240,2008,2009,,,,,,,,,,,completed,
2241,2009,2010,,,,,,,,,,,completed,
2242,2010,2011,,,,,,,,,,,completed,
2243,2011,2012,,,,,,,,,,,completed,
2244,2012,2013,,,,,,,,,,,completed,
2245,2013,2014,,,,,,,,,,,completed,
2246,2014,2015,,,,,,,,,,,completed,
2247,2015,2016,,,,,,,,,,,completed,
2249,2016,2017,,,,,,,,,,,completed,
2250,2017,2018,,,,,,,,,,,completed,
2251,2018,2019,,,,,,,,,,,completed,
2253,2019,2021,,,,,,,,,,,completed,
2254,2021,2022,,,,,,,,,,,completed,
2256,2022,2023,,,,,,,,,,,completed,
2257,2023,2024,,,,,,,,,,,completed,
2258,2024,2025,,,,,,,,,,,completed,
2259,2025,2026,,,,,,,,,,,completed,
2261,2026,2027,,,,,,,,,,,completed,
2262,2027,2028,,,,,,,,,,,completed,
2263,2028,2029,,,,,,,,,,,completed,
2264,2029,2030,,,,,,,,,,,completed,
2265,2030,2031,,,,,,,,,,,completed,
2267,2031,2032,,,,,,,,,,,completed,
2268,2032,2033,,,,,,,,,,,completed,
2269,2033,2034,,,,,,,,,,,completed,
2270,2034,2035,,,,,,,,,,,completed,
2271,2035,2036,,,,,,,,,,,completed,
2273,2036,2037,,,,,,,,,,,completed,
2274,2037,2038,,,,,,,,,,,completed,
2275,2038,2039,,,,,,,,,,,completed,
2276,2039,2040,,,,,,,,,,,completed,
2277,2040,2041,,,,,,,,,,,completed,
2278,2041,2042,,,,,,,,,,,completed,
2279,2042,2043,,,,,,,,,,,completed,
2280,2043,2044,,,,,,,,,,,completed,
2281,2044,2045,,,,,,,,,,,completed,
2282,2045,2046,,,,,,,,,,,completed,
2283,2046,2047,,,,,,,,,,,completed,
2284,2047,2048,,,,,,,,,,,completed,
2285,2048,2049,,,,,,,,,,,completed,
2286,2049,2050,,,,,,,,,,,completed,
2287,2050,2051,,,,,,,,,,,completed,
2289,2051,2052,,,,,,,,,,,completed,
2293,2052,2053,,,,,,,,,,,completed,
2294,2053,2054,,,,,,,,,,,completed,
2295,2054,2055,,,,,,,,,,,completed,
2296,2055,2056,,,,,,,,,,,completed,
2297,2056,2057,,,,,,,,,,,completed,
2298,2057,2058,,,,,,,,,,,completed,
2299,2058,2059,,,,,,,,,,,completed,
2301,2059,2060,,,,,,,,,,,completed,
2303,2060,2061,,,,,,,,,,,completed,
2304,2061,2062,,,,,,,,,,,completed,
2305,2062,2063,,,,,,,,,,,completed,
2306,2063,2064,,,,,,,,,,,completed,
2309,2064,2065,,,,,,,,,,,completed,
2310,2065,2066,,,,,,,,,,,completed,
2311,2066,2067,,,,,,,,,,,completed,
2312,2067,2068,,,,,,,,,,,completed,
2313,2068,2069,,,,,,,,,,,completed,
2314,2069,2072,,,,,,,,,,,completed,
2316,2072,2073,,,,,,,,,,,completed,
2317,2073,2074,,,,,,,,,,,completed,
2318,2074,2075,,,,,,,,,,,completed,
2319,2075,2076,,,,,,,,,,,completed,
2320,2076,2077,,,,,,,,,,,completed,
2321,2077,2078,,,,,,,,,,,completed,
2322,2078,2079,,,,,,,,,,,completed,
2324,2079,2080,,,,,,,,,,,completed,
2325,2080,2083,,,,,,,,,,,completed,
2327,2083,2085,,,,,,,,,,,completed,
2328,2085,2086,,,,,,,,,,,completed,
2329,2086,2087,,,,,,,,,,,completed,
2330,2087,2088,,,,,,,,,,,completed,
2331,2088,2089,,,,,,,,,,,completed,
2332,2089,2090,,,,,,,,,,,completed,
2333,2090,2091,,,,,,,,,,,completed,
2335,2091,2092,,,,,,,,,,,completed,
2336,2092,2093,,,,,,,,,,,completed,
2337,2093,2094,,,,,,,,,,,completed,
2338,2094,2095,,,,,,,,,,,completed,
2339,2095,2096,,,,,,,,,,,completed,
2340,2096,2097,,,,,,,,,,,completed,
2342,2097,2098,,,,,,,,,,,completed,
2344,2098,2099,,,,,,,,,,,completed,
2346,2099,2101,,,,,,,,,,,completed,
2347,2101,2102,,,,,,,,,,,completed,
2348,2102,2103,,,,,,,,,,,completed,
2351,2103,2104,,,,,,,,,,,completed,
2352,2104,2105,,,,,,,,,,,completed,
2353,2105,2106,,,,,,,,,,,completed,
2354,2106,2107,,,,,,,,,,,completed,
2355,2107,2108,,,,,,,,,,,completed,
2357,2108,2111,,,,,,,,,,,completed,
2358,2111,2112,,,,,,,,,,,completed,
2359,2112,2113,,,,,,,,,,,completed,
2360,2113,2114,,,,,,,,,,,completed,
2361,2114,2115,,,,,,,,,,,completed,
2362,2115,2116,,,,,,,,,,,completed,
2363,2116,2117,,,,,,,,,,,completed,
2364,2117,2118,,,,,,,,,,,completed,
2366,2118,2119,,,,,,,,,,,completed,
2367,2119,2120,,,,,,,,,,,completed,
2369,2120,2121,,,,,,,,,,,completed,
2370,2121,2122,,,,,,,,,,,completed,
2371,2122,2123,,,,,,,,,,,completed,
2372,2123,2124,,,,,,,,,,,completed,
2373,2124,2125,,,,,,,,,,,completed,
2374,2125,2126,,,,,,,,,,,completed,
2375,2126,2127,,,,,,,,,,,completed,
2376,2127,2128,,,,,,,,,,,completed,
2377,2128,2129,,,,,,,,,,,completed,
2378,2129,2130,,,,,,,,,,,completed,
2380,2130,2131,,,,,,,,,,,completed,
2382,2131,2133,,,,,,,,,,,completed,
2383,2133,2134,,,,,,,,,,,completed,
2384,2134,2135,,,,,,,,,,,completed,
2385,2135,2136,,,,,,,,,,,completed,
2386,2136,2137,,,,,,,,,,,completed,
2387,2137,2138,,,,,,,,,,,completed,
2388,2138,2139,,,,,,,,,,,completed,
2389,2139,2140,,,,,,,,,,,completed,
2390,2140,2141,,,,,,,,,,,completed,
2391,2141,2142,,,,,,,,,,,completed,
2392,2142,2143,,,,,,,,,,,completed,
2393,2143,2144,,,,,,,,,,,completed,
2394,2144,2145,,,,,,,,,,,completed,
2395,2145,2146,,,,,,,,,,,completed,
2396,2146,2147,,,,,,,,,,,completed,
2397,2147,2148,,,,,,,,,,,completed,
2399,2148,2149,,,,,,,,,,,completed,
2400,2149,2150,,,,,,,,,,,completed,
2401,2150,2151,,,,,,,,,,,completed,
2402,2151,2152,,,,,,,,,,,completed,
2403,2152,2153,,,,,,,,,,,completed,
2404,2153,2154,,,,,,,,,,,completed,
2405,2154,2156,,,,,,,,,,,completed,
2406,2156,2157,,,,,,,,,,,completed,
2408,2157,2158,,,,,,,,,,,completed,
2409,2158,2159,,,,,,,,,,,completed,
2411,2159,2160,,,,,,,,,,,completed,
2412,2160,2161,,,,,,,,,,,completed,
2413,2161,2162,,,,,,,,,,,completed,
2414,2162,2164,,,,,,,,,,,completed,
2416,2164,2165,,,,,,,,,,,completed,
2417,2165,2166,,,,,,,,,,,completed,
2419,2166,2167,,,,,,,,,,,completed,
2420,2167,2168,,,,,,,,,,,completed,
2421,2168,2169,,,,,,,,,,,completed,
2422,2169,2170,,,,,,,,,,,completed,
2423,2170,2171,,,,,,,,,,,completed,
2425,2171,2172,,,,,,,,,,,completed,
2427,2172,2173,,,,,,,,,,,completed,
2428,2173,2174,,,,,,,,,,,completed,
2429,2174,2175,,,,,,,,,,,completed,
2430,2175,2176,,,,,,,,,,,completed,
2431,2176,2177,,,,,,,,,,,completed,
2432,2177,2178,,,,,,,,,,,completed,
2433,2178,2179,,,,,,,,,,,completed,
2434,2179,2180,,,,,,,,,,,completed,
2435,2180,2181,,,,,,,,,,,completed,
2437,2181,2182,,,,,,,,,,,completed,
2438,2182,2183,,,,,,,,,,,completed,
2439,2183,2184,,,,,,,,,,,completed,
2441,2184,2185,,,,,,,,,,,completed,
2442,2185,2186,,,,,,,,,,,completed,
2444,2186,2187,,,,,,,,,,,completed,
2445,2187,2188,,,,,,,,,,,completed,
2446,2188,2189,,,,,,,,,,,completed,
2447,2189,2190,,,,,,,,,,,completed,
2449,2190,2191,,,,,,,,,,,completed,
2450,2191,2192,,,,,,,,,,,completed,
2452,2192,2195,,,,,,,,,,,completed,
2453,2195,2196,,,,,,,,,,,completed,
2455,2196,2197,,,,,,,,,,,completed,
2456,2197,2199,,,,,,,,,,,completed,
2457,2199,2200,,,,,,,,,,,completed,
2459,2200,2202,,,,,,,,,,,completed,
2460,2202,2203,,,,,,,,,,,completed,
2461,2203,2204,,,,,,,,,,,completed,
2462,2204,2205,,,,,,,,,,,completed,
2463,2205,2206,,,,,,,,,,,completed,
2464,2206,2207,,,,,,,,,,,completed,
2465,2207,2208,,,,,,,,,,,completed,
2466,2208,2209,,,,,,,,,,,completed,
2467,2209,2210,,,,,,,,,,,completed,
2468,2210,2212,,,,,,,,,,,completed,
2469,2212,2213,,,,,,,,,,,completed,
2470,2213,2215,,,,,,,,,,,completed,
2471,2215,2216,,,,,,,,,,,completed,
2472,2216,2217,,,,,,,,,,,completed,
2473,2217,2218,,,,,,,,,,,completed,
2474,2218,2219,,,,,,,,,,,completed,
2475,2219,2221,,,,,,,,,,,completed,
2476,2221,2222,,,,,,,,,,,completed,
2477,2222,2223,,,,,,,,,,,completed,
2478,2223,2224,,,,,,,,,,,completed,
2479,2224,2225,,,,,,,,,,,completed,
2480,2225,2226,,,,,,,,,,,completed,
2482,2226,2227,,,,,,,,,,,completed,
2483,2227,2228,,,,,,,,,,,completed,
2484,2228,2229,,,,,,,,,,,completed,
2485,2229,2230,,,,,,,,,,,completed,
2486,2230,2231,,,,,,,,,,,completed,
2487,2231,2232,,,,,,,,,,,completed,
2488,2232,2234,,,,,,,,,,,completed,
2489,2234,2235,,,,,,,,,,,completed,
2490,2235,2236,,,,,,,,,,,completed,
2492,2236,2237,,,,,,,,,,,completed,
2493,2237,2239,,,,,,,,,,,completed,
2494,2239,2240,,,,,,,,,,,completed,
2495,2240,2241,,,,,,,,,,,completed,
2496,2241,2242,,,,,,,,,,,completed,
2497,2242,2243,,,,,,,,,,,completed,
2498,2243,2244,,,,,,,,,,,completed,
2499,2244,2245,,,,,,,,,,,completed,
2500,2245,2246,,,,,,,,,,,completed,
2501,2246,2248,,,,,,,,,,,completed,
2503,2248,2249,,,,,,,,,,,completed,
2504,2249,2250,,,,,,,,,,,completed,
2505,2250,2251,,,,,,,,,,,completed,
2506,2251,2252,,,,,,,,,,,completed,
2507,2252,2254,,,,,,,,,,,completed,
2509,2254,2255,,,,,,,,,,,completed,
2510,2255,2256,,,,,,,,,,,completed,
2511,2256,2257,,,,,,,,,,,completed,
2512,2257,2258,,,,,,,,,,,completed,
2513,2258,2259,,,,,,,,,,,completed,
2514,2259,2260,,,,,,,,,,,completed,
2515,2260,2261,,,,,,,,,,,completed,
2516,2261,2262,,,,,,,,,,,completed,
2518,2262,2263,,,,,,,,,,,completed,
2519,2263,2264,,,,,,,,,,,completed,
2520,2264,2266,,,,,,,,,,,completed,
2521,2266,2267,,,,,,,,,,,completed,
2522,2267,2268,,,,,,,,,,,completed,
2523,2268,2269,,,,,,,,,,,completed,
2524,2269,2270,,,,,,,,,,,completed,
2525,2270,2271,,,,,,,,,,,completed,
2526,2271,2272,,,,,,,,,,,completed,
2527,2272,2273,,,,,,,,,,,completed,
2528,2273,2274,,,,,,,,,,,completed,
2529,2274,2275,,,,,,,,,,,completed,
2530,2275,2276,,,,,,,,,,,completed,
2531,2276,2277,,,,,,,,,,,completed,
2534,2277,2278,,,,,,,,,,,completed,
2535,2278,2279,,,,,,,,,,,completed,
2536,2279,2281,,,,,,,,,,,completed,
2537,2281,2282,,,,,,,,,,,completed,
2538,2282,2283,,,,,,,,,,,completed,
2539,2283,2284,,,,,,,,,,,completed,
2540,2284,2285,,,,,,,,,,,completed,
2541,2285,2286,,,,,,,,,,,completed,
2542,2286,2288,,,,,,,,,,,completed,
2543,2288,2289,,,,,,,,,,,completed,
2544,2289,2290,,,,,,,,,,,completed,
2545,2290,2291,,,,,,,,,,,completed,
2546,2291,2292,,,,,,,,,,,completed,
2548,2292,2293,,,,,,,,,,,completed,
2549,2293,2294,,,,,,,,,,,completed,
2550,2294,2295,,,,,,,,,,,completed,
2551,2295,2296,,,,,,,,,,,completed,
2552,2296,2298,,,,,,,,,,,completed,
2553,2298,2299,,,,,,,,,,,completed,
2554,2299,2300,,,,,,,,,,,completed,
2555,2300,2301,,,,,,,,,,,completed,
2556,2301,2302,,,,,,,,,,,completed,
2557,2302,2303,,,,,,,,,,,completed,
2558,2303,2304,,,,,,,,,,,completed,
2559,2304,2305,,,,,,,,,,,completed,
2560,2305,2306,,,,,,,,,,,completed,
2561,2306,2307,,,,,,,,,,,completed,
2562,2307,2308,,,,,,,,,,,completed,
2563,2308,2309,,,,,,,,,,,completed,
2564,2309,2310,,,,,,,,,,,completed,
2565,2310,2311,,,,,,,,,,,completed,
2567,2311,2313,,,,,,,,,,,completed,
2568,2313,2314,,,,,,,,,,,completed,
2569,2314,2315,,,,,,,,,,,completed,
2570,2315,2316,,,,,,,,,,,completed,
2571,2316,2317,,,,,,,,,,,completed,
2572,2317,2319,,,,,,,,,,,completed,
2573,2319,2320,,,,,,,,,,,completed,
2574,2320,2322,,,,,,,,,,,completed,
2575,2322,2323,,,,,,,,,,,completed,
2576,2323,2324,,,,,,,,,,,completed,
2577,2324,2325,,,,,,,,,,,completed,
2578,2325,2326,,,,,,,,,,,completed,
2579,2326,2327,,,,,,,,,,,completed,
2580,2327,2328,,,,,,,,,,,completed,
2581,2328,2329,,,,,,,,,,,completed,
2582,2329,2331,,,,,,,,,,,completed,
2583,2331,2332,,,,,,,,,,,completed,
2586,2332,2333,,,,,,,,,,,completed,
2587,2333,2334,,,,,,,,,,,completed,
2588,2334,2335,,,,,,,,,,,completed,
2589,2335,2336,,,,,,,,,,,completed,
2590,2336,2337,,,,,,,,,,,completed,
2591,2337,2338,,,,,,,,,,,completed,
2592,2338,2339,,,,,,,,,,,completed,
2593,2339,2340,,,,,,,,,,,completed,
2594,2340,2341,,,,,,,,,,,completed,
2595,2341,2342,,,,,,,,,,,completed,
2596,2342,2345,,,,,,,,,,,completed,
2597,2345,2346,,,,,,,,,,,completed,
2598,2346,2347,,,,,,,,,,,completed,
2599,2347,2348,,,,,,,,,,,completed,
2600,2348,2349,,,,,,,,,,,completed,
2601,2349,2350,,,,,,,,,,,completed,
2602,2350,2351,,,,,,,,,,,completed,
2603,2351,2352,,,,,,,,,,,completed,
2604,2352,2353,,,,,,,,,,,completed,
2606,2353,2355,,,,,,,,,,,completed,
2607,2355,2357,,,,,,,,,,,completed,
2609,2357,2358,,,,,,,,,,,completed,
2610,2358,2359,,,,,,,,,,,completed,
2613,2359,2360,,,,,,,,,,,completed,
2614,2360,2361,,,,,,,,,,,completed,
2616,2361,2362,,,,,,,,,,,completed,
2617,2362,2363,,,,,,,,,,,completed,
2618,2363,2364,,,,,,,,,,,completed,
2619,2364,2365,,,,,,,,,,,completed,
2620,2365,2366,,,,,,,,,,,completed,
2621,2366,2367,,,,,,,,,,,completed,
2622,2367,2368,,,,,,,,,,,completed,
2623,2368,2369,,,,,,,,,,,completed,
2624,2369,2371,,,,,,,,,,,completed,
2625,2371,2372,,,,,,,,,,,completed,
2627,2372,2373,,,,,,,,,,,completed,
2628,2373,2374,,,,,,,,,,,completed,
2629,2374,2375,,,,,,,,,,,completed,
2630,2375,2376,,,,,,,,,,,completed,
2631,2376,2377,,,,,,,,,,,completed,
2632,2377,2378,,,,,,,,,,,completed,
2633,2378,2379,,,,,,,,,,,completed,
2635,2379,2380,,,,,,,,,,,completed,
2636,2380,2381,,,,,,,,,,,completed,
2637,2381,2382,,,,,,,,,,,completed,
2638,2382,2383,,,,,,,,,,,completed,
2641,2383,2384,,,,,,,,,,,completed,
2642,2384,2385,,,,,,,,,,,completed,
2643,2385,2386,,,,,,,,,,,completed,
2644,2386,2387,,,,,,,,,,,completed,
2645,2387,2388,,,,,,,,,,,completed,
2647,2388,2389,,,,,,,,,,,completed,
2648,2389,2390,,,,,,,,,,,completed,
2649,2390,2391,,,,,,,,,,,completed,
2650,2391,2392,,,,,,,,,,,completed,
2652,2392,2393,,,,,,,,,,,completed,
2654,2393,2394,,,,,,,,,,,completed,
2655,2394,2395,,,,,,,,,,,completed,
2657,2395,2396,,,,,,,,,,,completed,
2658,2396,2397,,,,,,,,,,,completed,
2660,2397,2398,,,,,,,,,,,completed,
2661,2398,2399,,,,,,,,,,,completed,
2662,2399,2401,,,,,,,,,,,completed,
2665,2401,2402,,,,,,,,,,,completed,
2666,2402,2403,,,,,,,,,,,completed,
2667,2403,2404,,,,,,,,,,,completed,
2668,2404,2405,,,,,,,,,,,completed,
2669,2405,2406,,,,,,,,,,,completed,
2670,2406,2407,,,,,,,,,,,completed,
2671,2407,2408,,,,,,,,,,,completed,
2672,2408,2409,,,,,,,,,,,completed,
2673,2409,2410,,,,,,,,,,,completed,
2675,2410,2411,,,,,,,,,,,completed,
2676,2411,2412,,,,,,,,,,,completed,
2677,2412,2413,,,,,,,,,,,completed,
2679,2413,2414,,,,,,,,,,,completed,
2680,2414,2415,,,,,,,,,,,completed,
2681,2415,2416,,,,,,,,,,,completed,
2684,2416,2417,,,,,,,,,,,completed,
2686,2417,2418,,,,,,,,,,,completed,
2687,2418,2419,,,,,,,,,,,completed,
2688,2419,2420,,,,,,,,,,,completed,
2689,2420,2421,,,,,,,,,,,completed,
2690,2421,2422,,,,,,,,,,,completed,
2691,2422,2423,,,,,,,,,,,completed,
2692,2423,2424,,,,,,,,,,,completed,
2693,2424,2425,,,,,,,,,,,completed,
2695,2425,2426,,,,,,,,,,,completed,
2696,2426,2427,,,,,,,,,,,completed,
2697,2427,2428,,,,,,,,,,,completed,
2698,2428,2429,,,,,,,,,,,completed,
2699,2429,2430,,,,,,,,,,,completed,
2700,2430,2432,,,,,,,,,,,completed,
2701,2432,2433,,,,,,,,,,,completed,
2702,2433,2434,,,,,,,,,,,completed,
2706,2434,2436,,,,,,,,,,,completed,
2707,2436,2438,,,,,,,,,,,completed,
2708,2438,2439,,,,,,,,,,,completed,
2709,2439,2440,,,,,,,,,,,completed,
2710,2440,2441,,,,,,,,,,,completed,
2711,2441,2442,,,,,,,,,,,completed,
2712,2442,2444,,,,,,,,,,,completed,
2714,2444,2445,,,,,,,,,,,completed,
2716,2445,2446,,,,,,,,,,,completed,
2717,2446,2447,,,,,,,,,,,completed,
2719,2447,2448,,,,,,,,,,,completed,
2720,2448,2449,,,,,,,,,,,completed,
2721,2449,2450,,,,,,,,,,,completed,
2722,2450,2451,,,,,,,,,,,completed,
2723,2451,2452,,,,,,,,,,,completed,
2724,2452,2453,,,,,,,,,,,completed,
2725,2453,2454,,,,,,,,,,,completed,
2727,2454,2455,,,,,,,,,,,completed,
2730,2455,2457,,,,,,,,,,,completed,
2731,2457,2458,,,,,,,,,,,completed,
2732,2458,2459,,,,,,,,,,,completed,
2733,2459,2460,,,,,,,,,,,completed,
2734,2460,2461,,,,,,,,,,,completed,
2735,2461,2462,,,,,,,,,,,completed,
2737,2462,2463,,,,,,,,,,,completed,
2738,2463,2464,,,,,,,,,,,completed,
2740,2464,2465,,,,,,,,,,,completed,
2741,2465,2466,,,,,,,,,,,completed,
2742,2466,2468,,,,,,,,,,,completed,
2743,2468,2469,,,,,,,,,,,completed,
2744,2469,2470,,,,,,,,,,,completed,
2746,2470,2471,,,,,,,,,,,completed,
2747,2471,2472,,,,,,,,,,,completed,
2748,2472,2473,,,,,,,,,,,completed,
2749,2473,2474,,,,,,,,,,,completed,
2750,2474,2475,,,,,,,,,,,completed,
2752,2475,2476,,,,,,,,,,,completed,
2753,2476,2477,,,,,,,,,,,completed,
2754,2477,2478,,,,,,,,,,,completed,
2756,2478,2479,,,,,,,,,,,completed,
2758,2479,2480,,,,,,,,,,,completed,
2759,2480,2481,,,,,,,,,,,completed,
2760,2481,2482,,,,,,,,,,,completed,
2761,2482,2483,,,,,,,,,,,completed,
2762,2483,2485,,,,,,,,,,,completed,
2763,2485,2486,,,,,,,,,,,completed,
2766,2486,2487,,,,,,,,,,,completed,
2767,2487,2488,,,,,,,,,,,completed,
2769,2488,2489,,,,,,,,,,,completed,
2770,2489,2490,,,,,,,,,,,completed,
2771,2490,2491,,,,,,,,,,,completed,
2772,2491,2492,,,,,,,,,,,completed,
2773,2492,2493,,,,,,,,,,,completed,
2774,2493,2494,,,,,,,,,,,completed,
2775,2494,2495,,,,,,,,,,,completed,
2776,2495,2496,,,,,,,,,,,completed,
2779,2496,2497,,,,,,,,,,,completed,
2780,2497,2498,,,,,,,,,,,completed,
2782,2498,2500,,,,,,,,,,,completed,
2784,2500,2501,,,,,,,,,,,completed,
2786,2501,2502,,,,,,,,,,,completed,
2787,2502,2503,,,,,,,,,,,completed,
2789,2503,2504,,,,,,,,,,,completed,
2792,2504,2505,,,,,,,,,,,completed,
2794,2505,2506,,,,,,,,,,,completed,
2795,2506,2507,,,,,,,,,,,completed,
2796,2507,2508,,,,,,,,,,,completed,
2797,2508,2509,,,,,,,,,,,completed,
2798,2509,2510,,,,,,,,,,,completed,
2799,2510,2511,,,,,,,,,,,completed,
2800,2511,2513,,,,,,,,,,,completed,
2801,2513,2514,,,,,,,,,,,completed,
2802,2514,2516,,,,,,,,,,,completed,
2803,2516,2517,,,,,,,,,,,completed,
2804,2517,2518,,,,,,,,,,,completed,
2810,2518,2520,,,,,,,,,,,completed,
2811,2520,2521,,,,,,,,,,,completed,
2812,2521,2522,,,,,,,,,,,completed,
2813,2522,2523,,,,,,,,,,,completed,
2815,2523,2524,,,,,,,,,,,completed,
2816,2524,2525,,,,,,,,,,,completed,
2817,2525,2526,,,,,,,,,,,completed,
2818,2526,2527,,,,,,,,,,,completed,
2819,2527,2528,,,,,,,,,,,completed,
2820,2528,2529,,,,,,,,,,,completed,
2821,2529,2530,,,,,,,,,,,completed,
2822,2530,2531,,,,,,,,,,,completed,
2824,2531,2532,,,,,,,,,,,completed,
2825,2532,2533,,,,,,,,,,,completed,
2826,2533,2534,,,,,,,,,,,completed,
2827,2534,2535,,,,,,,,,,,completed,
2828,2535,2536,,,,,,,,,,,completed,
2830,2536,2537,,,,,,,,,,,completed,
2831,2537,2538,,,,,,,,,,,completed,
2832,2538,2539,,,,,,,,,,,completed,
2833,2539,2540,,,,,,,,,,,completed,
2834,2540,2541,,,,,,,,,,,completed,
2835,2541,2542,,,,,,,,,,,completed,
2836,2542,2543,,,,,,,,,,,completed,
2837,2543,2544,,,,,,,,,,,completed,
2839,2544,2545,,,,,,,,,,,completed,
2841,2545,2546,,,,,,,,,,,completed,
2842,2546,2549,,,,,,,,,,,completed,
2843,2549,2550,,,,,,,,,,,completed,
2844,2550,2552,,,,,,,,,,,completed,
2845,2552,2553,,,,,,,,,,,completed,
2846,2553,2554,,,,,,,,,,,completed,
2847,2554,2555,,,,,,,,,,,completed,
2848,2555,2556,,,,,,,,,,,completed,
2849,2556,2557,,,,,,,,,,,completed,
2850,2557,2558,,,,,,,,,,,completed,
2851,2558,2559,,,,,,,,,,,completed,
2852,2559,2560,,,,,,,,,,,completed,
2853,2560,2561,,,,,,,,,,,completed,
2854,2561,2562,,,,,,,,,,,completed,
2856,2562,2563,,,,,,,,,,,completed,
2857,2563,2564,,,,,,,,,,,completed,
2858,2564,2565,,,,,,,,,,,completed,
2859,2565,2566,,,,,,,,,,,completed,
2860,2566,2567,,,,,,,,,,,completed,
2861,2567,2569,,,,,,,,,,,completed,
2862,2569,2570,,,,,,,,,,,completed,
2863,2570,2571,,,,,,,,,,,completed,
2864,2571,2572,,,,,,,,,,,completed,
2866,2572,2573,,,,,,,,,,,completed,
2868,2573,2574,,,,,,,,,,,completed,
2870,2574,2575,,,,,,,,,,,completed,
2871,2575,2576,,,,,,,,,,,completed,
2872,2576,2577,,,,,,,,,,,completed,
2873,2577,2579,,,,,,,,,,,completed,
2875,2579,2580,,,,,,,,,,,completed,
2876,2580,2582,,,,,,,,,,,completed,
2878,2582,2583,,,,,,,,,,,completed,
2879,2583,2584,,,,,,,,,,,completed,
2880,2584,2585,,,,,,,,,,,completed,
2882,2585,2586,,,,,,,,,,,completed,
2883,2586,2587,,,,,,,,,,,completed,
2884,2587,2588,,,,,,,,,,,completed,
2885,2588,2590,,,,,,,,,,,completed,
2886,2590,2591,,,,,,,,,,,completed,
2887,2591,2592,,,,,,,,,,,completed,
2888,2592,2593,,,,,,,,,,,completed,
2889,2593,2594,,,,,,,,,,,completed,
2890,2594,2595,,,,,,,,,,,completed,
2891,2595,2596,,,,,,,,,,,completed,
2892,2596,2597,,,,,,,,,,,completed,
2893,2597,2598,,,,,,,,,,,completed,
2894,2598,2599,,,,,,,,,,,completed,
2896,2599,2600,,,,,,,,,,,completed,
2897,2600,2601,,,,,,,,,,,completed,
2898,2601,2602,,,,,,,,,,,completed,
2899,2602,2603,,,,,,,,,,,completed,
2900,2603,2604,,,,,,,,,,,completed,
2901,2604,2605,,,,,,,,,,,completed,
2902,2605,2606,,,,,,,,,,,completed,
2903,2606,2607,,,,,,,,,,,completed,
2904,2607,2608,,,,,,,,,,,completed,
2905,2608,2609,,,,,,,,,,,completed,
2906,2609,2610,,,,,,,,,,,completed,
2907,2610,2611,,,,,,,,,,,completed,
2909,2611,2612,,,,,,,,,,,completed,
2910,2612,2613,,,,,,,,,,,completed,
2911,2613,2615,,,,,,,,,,,completed,
2913,2615,2616,,,,,,,,,,,completed,
2914,2616,2617,,,,,,,,,,,completed,
2915,2617,2618,,,,,,,,,,,completed,
2916,2618,2619,,,,,,,,,,,completed,
2917,2619,2621,,,,,,,,,,,completed,
2918,2621,2622,,,,,,,,,,,completed,
2919,2622,2623,,,,,,,,,,,completed,
2920,2623,2625,,,,,,,,,,,completed,
2921,2625,2626,,,,,,,,,,,completed,
2922,2626,2627,,,,,,,,,,,completed,
2923,2627,2629,,,,,,,,,,,completed,
2924,2629,2630,,,,,,,,,,,completed,
2925,2630,2631,,,,,,,,,,,completed,
2926,2631,2633,,,,,,,,,,,completed,
2927,2633,2634,,,,,,,,,,,completed,
2928,2634,2635,,,,,,,,,,,completed,
2929,2635,2636,,,,,,,,,,,completed,
2930,2636,2638,,,,,,,,,,,completed,
2931,2638,2639,,,,,,,,,,,completed,
2932,2639,2640,,,,,,,,,,,completed,
2933,2640,2641,,,,,,,,,,,completed,
2934,2641,2642,,,,,,,,,,,completed,
2935,2642,2643,,,,,,,,,,,completed,
2936,2643,2644,,,,,,,,,,,completed,
2938,2644,2645,,,,,,,,,,,completed,
2940,2645,2647,,,,,,,,,,,completed,
2941,2647,2648,,,,,,,,,,,completed,
2942,2648,2649,,,,,,,,,,,completed,
2943,2649,2650,,,,,,,,,,,completed,
2944,2650,2651,,,,,,,,,,,completed,
2945,2651,2652,,,,,,,,,,,completed,
2946,2652,2653,,,,,,,,,,,completed,
2947,2653,2654,,,,,,,,,,,completed,
2948,2654,2655,,,,,,,,,,,completed,
2949,2655,2656,,,,,,,,,,,completed,
2950,2656,2658,,,,,,,,,,,completed,
2951,2658,2659,,,,,,,,,,,completed,
2952,2659,2661,,,,,,,,,,,completed,
2953,2661,2662,,,,,,,,,,,completed,
2954,2662,2663,,,,,,,,,,,completed,
2955,2663,2664,,,,,,,,,,,completed,
2956,2664,2665,,,,,,,,,,,completed,
2957,2665,2666,,,,,,,,,,,completed,
2958,2666,2667,,,,,,,,,,,completed,
2959,2667,2668,,,,,,,,,,,completed,
2960,2668,2669,,,,,,,,,,,completed,
2961,2669,2670,,,,,,,,,,,completed,
2962,2670,2671,,,,,,,,,,,completed,
2963,2671,2672,,,,,,,,,,,completed,
2964,2672,2673,,,,,,,,,,,completed,
2965,2673,2674,,,,,,,,,,,completed,
2967,2674,2675,,,,,,,,,,,completed,
2968,2675,2676,,,,,,,,,,,completed,
2969,2676,2677,,,,,,,,,,,completed,
2970,2677,2678,,,,,,,,,,,completed,
2971,2678,2680,,,,,,,,,,,completed,
2973,2680,2681,,,,,,,,,,,completed,
2974,2681,2682,,,,,,,,,,,completed,
2975,2682,2683,,,,,,,,,,,completed,
2976,2683,2684,,,,,,,,,,,completed,
2977,2684,2685,,,,,,,,,,,completed,
2978,2685,2686,,,,,,,,,,,completed,
2980,2686,2687,,,,,,,,,,,completed,
2981,2687,2688,,,,,,,,,,,completed,
2982,2688,2689,,,,,,,,,,,completed,
2983,2689,2690,,,,,,,,,,,completed,
2984,2690,2691,,,,,,,,,,,completed,
2986,2691,2692,,,,,,,,,,,completed,
2987,2692,2693,,,,,,,,,,,completed,
2989,2693,2694,,,,,,,,,,,completed,
2990,2694,2696,,,,,,,,,,,completed,
2991,2696,2697,,,,,,,,,,,completed,
2992,2697,2698,,,,,,,,,,,completed,
2993,2698,2699,,,,,,,,,,,completed,
2994,2699,2700,,,,,,,,,,,completed,
2995,2700,2701,,,,,,,,,,,completed,
2996,2701,2702,,,,,,,,,,,completed,
2997,2702,2703,,,,,,,,,,,completed,
2998,2703,2704,,,,,,,,,,,completed,
2999,2704,2706,,,,,,,,,,,completed,
3000,2706,2707,,,,,,,,,,,completed,
3001,2707,2709,,,,,,,,,,,completed,
3002,2709,2711,,,,,,,,,,,completed,
3003,2711,2712,,,,,,,,,,,completed,
3004,2712,2713,,,,,,,,,,,completed,
3005,2713,2714,,,,,,,,,,,completed,
3006,2714,2715,,,,,,,,,,,completed,
3007,2715,2716,,,,,,,,,,,completed,
3008,2716,2717,,,,,,,,,,,completed,
3009,2717,2718,,,,,,,,,,,completed,
3010,2718,2719,,,,,,,,,,,completed,
3011,2719,2720,,,,,,,,,,,completed,
3013,2720,2721,,,,,,,,,,,completed,
3014,2721,2722,,,,,,,,,,,completed,
3015,2722,2723,,,,,,,,,,,completed,
3018,2723,2724,,,,,,,,,,,completed,
3019,2724,2726,,,,,,,,,,,completed,
3020,2726,2727,,,,,,,,,,,completed,
3021,2727,2728,,,,,,,,,,,completed,
3022,2728,2729,,,,,,,,,,,completed,
3023,2729,2731,,,,,,,,,,,completed,
3024,2731,2732,,,,,,,,,,,completed,
3025,2732,2734,,,,,,,,,,,completed,
3026,2734,2735,,,,,,,,,,,completed,
3027,2735,2736,,,,,,,,,,,completed,
3029,2736,2737,,,,,,,,,,,completed,
3031,2737,2738,,,,,,,,,,,completed,
3032,2738,2739,,,,,,,,,,,completed,
3033,2739,2740,,,,,,,,,,,completed,
3035,2740,2741,,,,,,,,,,,completed,
3036,2741,2742,,,,,,,,,,,completed,
3037,2742,2743,,,,,,,,,,,completed,
3038,2743,2744,,,,,,,,,,,completed,
3039,2744,2745,,,,,,,,,,,completed,
3040,2745,2746,,,,,,,,,,,completed,
3042,2746,2747,,,,,,,,,,,completed,
3043,2747,2748,,,,,,,,,,,completed,
3044,2748,2749,,,,,,,,,,,completed,
3046,2749,2750,,,,,,,,,,,completed,
3047,2750,2752,,,,,,,,,,,completed,
3048,2752,2753,,,,,,,,,,,completed,
3049,2753,2754,,,,,,,,,,,completed,
3050,2754,2756,,,,,,,,,,,completed,
3053,2756,2757,,,,,,,,,,,completed,
3054,2757,2758,,,,,,,,,,,completed,
3055,2758,2759,,,,,,,,,,,completed,
3056,2759,2760,,,,,,,,,,,completed,
3057,2760,2761,,,,,,,,,,,completed,
3058,2761,2762,,,,,,,,,,,completed,
3059,2762,2763,,,,,,,,,,,completed,
3060,2763,2764,,,,,,,,,,,completed,
3062,2764,2765,,,,,,,,,,,completed,
3063,2765,2766,,,,,,,,,,,completed,
3064,2766,2767,,,,,,,,,,,completed,
3065,2767,2768,,,,,,,,,,,completed,
3067,2768,2771,,,,,,,,,,,completed,
3068,2771,2772,,,,,,,,,,,completed,
3069,2772,2773,,,,,,,,,,,completed,
3070,2773,2774,,,,,,,,,,,completed,
3071,2774,2775,,,,,,,,,,,completed,
3072,2775,2776,,,,,,,,,,,completed,
3075,2776,2777,,,,,,,,,,,completed,
3077,2777,2779,,,,,,,,,,,completed,
3078,2779,2780,,,,,,,,,,,completed,
3079,2780,2781,,,,,,,,,,,completed,
3080,2781,2782,,,,,,,,,,,completed,
3081,2782,2783,,,,,,,,,,,completed,
3082,2783,2784,,,,,,,,,,,completed,
3083,2784,2785,,,,,,,,,,,completed,
3084,2785,2786,,,,,,,,,,,completed,
3085,2786,2787,,,,,,,,,,,completed,
3086,2787,2789,,,,,,,,,,,completed,
3087,2789,2790,,,,,,,,,,,completed,
3088,2790,2791,,,,,,,,,,,completed,
3089,2791,2792,,,,,,,,,,,completed,
3092,2792,2793,,,,,,,,,,,completed,
3093,2793,2794,,,,,,,,,,,completed,
3094,2794,2795,,,,,,,,,,,completed,
3095,2795,2796,,,,,,,,,,,completed,
3096,2796,2797,,,,,,,,,,,completed,
3097,2797,2798,,,,,,,,,,,completed,
3098,2798,2799,,,,,,,,,,,completed,
3099,2799,2800,,,,,,,,,,,completed,
3102,2800,2801,,,,,,,,,,,completed,
3104,2801,2802,,,,,,,,,,,completed,
3105,2802,2803,,,,,,,,,,,completed,
3109,2803,2804,,,,,,,,,,,completed,
3110,2804,2805,,,,,,,,,,,completed,
3112,2805,2806,,,,,,,,,,,completed,
3113,2806,2807,,,,,,,,,,,completed,
3116,2807,2808,,,,,,,,,,,completed,
3118,2808,2809,,,,,,,,,,,completed,
3121,2809,2810,,,,,,,,,,,completed,
3122,2810,2811,,,,,,,,,,,completed,
3126,2811,2812,,,,,,,,,,,completed,
3127,2812,2813,,,,,,,,,,,completed,
3128,2813,2814,,,,,,,,,,,completed,
3129,2814,2815,,,,,,,,,,,completed,
3130,2815,2816,,,,,,,,,,,completed,
3131,2816,2817,,,,,,,,,,,completed,
3132,2817,2818,,,,,,,,,,,completed,
3133,2818,2819,,,,,,,,,,,completed,
3134,2819,2820,,,,,,,,,,,completed,
3136,2820,2822,,,,,,,,,,,completed,
3137,2822,2823,,,,,,,,,,,completed,
3139,2823,2824,,,,,,,,,,,completed,
3141,2824,2825,,,,,,,,,,,completed,
3143,2825,2827,,,,,,,,,,,completed,
3145,2827,2828,,,,,,,,,,,completed,
3146,2828,2830,,,,,,,,,,,completed,
3147,2830,2831,,,,,,,,,,,completed,
3148,2831,2832,,,,,,,,,,,completed,
3149,2832,2834,,,,,,,,,,,completed,
3150,2834,2835,,,,,,,,,,,completed,
3151,2835,2836,,,,,,,,,,,completed,
3152,2836,2837,,,,,,,,,,,completed,
3153,2837,2838,,,,,,,,,,,completed,
3154,2838,2839,,,,,,,,,,,completed,
3155,2839,2840,,,,,,,,,,,completed,
3156,2840,2841,,,,,,,,,,,completed,
3157,2841,2842,,,,,,,,,,,completed,
3158,2842,2843,,,,,,,,,,,completed,
3159,2843,2845,,,,,,,,,,,completed,
3161,2845,2846,,,,,,,,,,,completed,
3162,2846,2847,,,,,,,,,,,completed,
3163,2847,2848,,,,,,,,,,,completed,
3164,2848,2849,,,,,,,,,,,completed,
3166,2849,2850,,,,,,,,,,,completed,
3167,2850,2851,,,,,,,,,,,completed,
3169,2851,2852,,,,,,,,,,,completed,
3170,2852,2853,,,,,,,,,,,completed,
3171,2853,2854,,,,,,,,,,,completed,
3172,2854,2855,,,,,,,,,,,completed,
3173,2855,2856,,,,,,,,,,,completed,
3174,2856,2857,,,,,,,,,,,completed,
3175,2857,2858,,,,,,,,,,,completed,
3176,2858,2859,,,,,,,,,,,completed,
3177,2859,2860,,,,,,,,,,,completed,
3178,2860,2861,,,,,,,,,,,completed,
3179,2861,2862,,,,,,,,,,,completed,
3180,2862,2863,,,,,,,,,,,completed,
3181,2863,2864,,,,,,,,,,,completed,
3182,2864,2865,,,,,,,,,,,completed,
3183,2865,2866,,,,,,,,,,,completed,
3185,2866,2867,,,,,,,,,,,completed,
3186,2867,2868,,,,,,,,,,,completed,
3187,2868,2869,,,,,,,,,,,completed,
3188,2869,2870,,,,,,,,,,,completed,
3191,2870,2871,,,,,,,,,,,completed,
3192,2871,2872,,,,,,,,,,,completed,
3193,2872,2873,,,,,,,,,,,completed,
3194,2873,2874,,,,,,,,,,,completed,
3196,2874,2875,,,,,,,,,,,completed,
3197,2875,2876,,,,,,,,,,,completed,
3198,2876,2877,,,,,,,,,,,completed,
3199,2877,2878,,,,,,,,,,,completed,
3200,2878,2879,,,,,,,,,,,completed,
3201,2879,2880,,,,,,,,,,,completed,
3202,2880,2881,,,,,,,,,,,completed,
3203,2881,2882,,,,,,,,,,,completed,
3204,2882,2883,,,,,,,,,,,completed,
3205,2883,2884,,,,,,,,,,,completed,
3206,2884,2885,,,,,,,,,,,completed,
3207,2885,2886,,,,,,,,,,,completed,
3209,2886,2887,,,,,,,,,,,completed,
3210,2887,2888,,,,,,,,,,,completed,
3211,2888,2889,,,,,,,,,,,completed,
3212,2889,2890,,,,,,,,,,,completed,
3213,2890,2891,,,,,,,,,,,completed,
3215,2891,2892,,,,,,,,,,,completed,
3216,2892,2893,,,,,,,,,,,completed,
3218,2893,2894,,,,,,,,,,,completed,
3219,2894,2895,,,,,,,,,,,completed,
3220,2895,2896,,,,,,,,,,,completed,
3221,2896,2897,,,,,,,,,,,completed,
3222,2897,2898,,,,,,,,,,,completed,
3223,2898,2899,,,,,,,,,,,completed,
3225,2899,2900,,,,,,,,,,,completed,
3227,2900,2901,,,,,,,,,,,completed,
3228,2901,2902,,,,,,,,,,,completed,
3229,2902,2903,,,,,,,,,,,completed,
3232,2903,2904,,,,,,,,,,,completed,
3233,2904,2905,,,,,,,,,,,completed,
3234,2905,2906,,,,,,,,,,,completed,
3236,2906,2907,,,,,,,,,,,completed,
3237,2907,2908,,,,,,,,,,,completed,
3238,2908,2909,,,,,,,,,,,completed,
3239,2909,2910,,,,,,,,,,,completed,
3240,2910,2911,,,,,,,,,,,completed,
3241,2911,2912,,,,,,,,,,,completed,
3242,2912,2914,,,,,,,,,,,completed,
3243,2914,2916,,,,,,,,,,,completed,
3244,2916,2917,,,,,,,,,,,completed,
3245,2917,2918,,,,,,,,,,,completed,
3246,2918,2919,,,,,,,,,,,completed,
3247,2919,2920,,,,,,,,,,,completed,
3249,2920,2921,,,,,,,,,,,completed,
3250,2921,2922,,,,,,,,,,,completed,
3252,2922,2923,,,,,,,,,,,completed,
3253,2923,2924,,,,,,,,,,,completed,
3256,2924,2925,,,,,,,,,,,completed,
3257,2925,2926,,,,,,,,,,,completed,
3260,2926,2927,,,,,,,,,,,completed,
3262,2927,2928,,,,,,,,,,,completed,
3263,2928,2929,,,,,,,,,,,completed,
3265,2929,2930,,,,,,,,,,,completed,
3266,2930,2931,,,,,,,,,,,completed,
3267,2931,2932,,,,,,,,,,,completed,
3268,2932,2933,,,,,,,,,,,completed,
3269,2933,2934,,,,,,,,,,,completed,
3270,2934,2935,,,,,,,,,,,completed,
3271,2935,2936,,,,,,,,,,,completed,
3272,2936,2937,,,,,,,,,,,completed,
3273,2937,2938,,,,,,,,,,,completed,
3274,2938,2939,,,,,,,,,,,completed,
3275,2939,2940,,,,,,,,,,,completed,
3276,2940,2941,,,,,,,,,,,completed,
3277,2941,2942,,,,,,,,,,,completed,
3278,2942,2943,,,,,,,,,,,completed,
3279,2943,2944,,,,,,,,,,,completed,
3280,2944,2945,,,,,,,,,,,completed,
3281,2945,2946,,,,,,,,,,,completed,
3282,2946,2947,,,,,,,,,,,completed,
3283,2947,2948,,,,,,,,,,,completed,
3284,2948,2949,,,,,,,,,,,completed,
3285,2949,2950,,,,,,,,,,,completed,
3288,2950,2951,,,,,,,,,,,completed,
3289,2951,2952,,,,,,,,,,,completed,
3290,2952,2953,,,,,,,,,,,completed,
3291,2953,2954,,,,,,,,,,,completed,
3292,2954,2956,,,,,,,,,,,completed,
3294,2956,2957,,,,,,,,,,,completed,
3295,2957,2958,,,,,,,,,,,completed,
3296,2958,2959,,,,,,,,,,,completed,
3297,2959,2960,,,,,,,,,,,completed,
3298,2960,2961,,,,,,,,,,,completed,
3299,2961,2962,,,,,,,,,,,completed,
3300,2962,2963,,,,,,,,,,,completed,
3301,2963,2964,,,,,,,,,,,completed,
3302,2964,2965,,,,,,,,,,,completed,
3303,2965,2966,,,,,,,,,,,completed,
3305,2966,2967,,,,,,,,,,,completed,
3306,2967,2968,,,,,,,,,,,completed,
3307,2968,2969,,,,,,,,,,,completed,
3308,2969,2971,,,,,,,,,,,completed,
3309,2971,2972,,,,,,,,,,,completed,
3310,2972,2973,,,,,,,,,,,completed,
3311,2973,2974,,,,,,,,,,,completed,
3312,2974,2975,,,,,,,,,,,completed,
3313,2975,2976,,,,,,,,,,,completed,
3314,2976,2977,,,,,,,,,,,completed,
3315,2977,2978,,,,,,,,,,,completed,
3318,2978,2979,,,,,,,,,,,completed,
3319,2979,2980,,,,,,,,,,,completed,
3320,2980,2981,,,,,,,,,,,completed,
3321,2981,2982,,,,,,,,,,,completed,
3322,2982,2983,,,,,,,,,,,completed,
3324,2983,2984,,,,,,,,,,,completed,
3325,2984,2985,,,,,,,,,,,completed,
3326,2985,2986,,,,,,,,,,,completed,
3327,2986,2988,,,,,,,,,,,completed,
3329,2988,2989,,,,,,,,,,,completed,
3331,2989,2990,,,,,,,,,,,completed,
3332,2990,2991,,,,,,,,,,,completed,
3334,2991,2992,,,,,,,,,,,completed,
3335,2992,2994,,,,,,,,,,,completed,
3336,2994,2995,,,,,,,,,,,completed,
3337,2995,2997,,,,,,,,,,,completed,
3338,2997,2998,,,,,,,,,,,completed,
3339,2998,2999,,,,,,,,,,,completed,
3340,2999,3000,,,,,,,,,,,completed,
3342,3000,3001,,,,,,,,,,,completed,
3343,3001,3002,,,,,,,,,,,completed,
3344,3002,3003,,,,,,,,,,,completed,
3345,3003,3004,,,,,,,,,,,completed,
3346,3004,3005,,,,,,,,,,,completed,
3347,3005,3006,,,,,,,,,,,completed,
3349,3006,3007,,,,,,,,,,,completed,
3350,3007,3008,,,,,,,,,,,completed,
3351,3008,3009,,,,,,,,,,,completed,
3352,3009,3010,,,,,,,,,,,completed,
3353,3010,3011,,,,,,,,,,,completed,
3354,3011,3012,,,,,,,,,,,completed,
3355,3012,3013,,,,,,,,,,,completed,
3356,3013,3014,,,,,,,,,,,completed,
3357,3014,3015,,,,,,,,,,,completed,
3358,3015,3016,,,,,,,,,,,completed,
3360,3016,3017,,,,,,,,,,,completed,
3361,3017,3018,,,,,,,,,,,completed,
3362,3018,3019,,,,,,,,,,,completed,
3363,3019,3020,,,,,,,,,,,completed,
3364,3020,3021,,,,,,,,,,,completed,
3365,3021,3022,,,,,,,,,,,completed,
3366,3022,3023,,,,,,,,,,,completed,
3367,3023,3024,,,,,,,,,,,completed,
3368,3024,3025,,,,,,,,,,,completed,
3369,3025,3026,,,,,,,,,,,completed,
3370,3026,3027,,,,,,,,,,,completed,
3372,3027,3028,,,,,,,,,,,completed,
3373,3028,3030,,,,,,,,,,,completed,
3374,3030,3031,,,,,,,,,,,completed,
3376,3031,3032,,,,,,,,,,,completed,
3377,3032,3033,,,,,,,,,,,completed,
3378,3033,3034,,,,,,,,,,,completed,
3379,3034,3035,,,,,,,,,,,completed,
3380,3035,3036,,,,,,,,,,,completed,
3382,3036,3037,,,,,,,,,,,completed,
3383,3037,3038,,,,,,,,,,,completed,
3384,3038,3039,,,,,,,,,,,completed,
3386,3039,3040,,,,,,,,,,,completed,
3387,3040,3041,,,,,,,,,,,completed,
3388,3041,3042,,,,,,,,,,,completed,
3389,3042,3043,,,,,,,,,,,completed,
3390,3043,3045,,,,,,,,,,,completed,
3391,3045,3046,,,,,,,,,,,completed,
3392,3046,3047,,,,,,,,,,,completed,
3394,3047,3048,,,,,,,,,,,completed,
3395,3048,3049,,,,,,,,,,,completed,
3398,3049,3050,,,,,,,,,,,completed,
3400,3050,3051,,,,,,,,,,,completed,
3401,3051,3052,,,,,,,,,,,completed,
3402,3052,3053,,,,,,,,,,,completed,
3403,3053,3054,,,,,,,,,,,completed,
3404,3054,3055,,,,,,,,,,,completed,
3405,3055,3056,,,,,,,,,,,completed,
3406,3056,3057,,,,,,,,,,,completed,
3407,3057,3058,,,,,,,,,,,completed,
3408,3058,3059,,,,,,,,,,,completed,
3409,3059,3061,,,,,,,,,,,completed,
3410,3061,3062,,,,,,,,,,,completed,
3412,3062,3063,,,,,,,,,,,completed,
3413,3063,3064,,,,,,,,,,,completed,
3414,3064,3065,,,,,,,,,,,completed,
3415,3065,3066,,,,,,,,,,,completed,
3416,3066,3067,,,,,,,,,,,completed,
3418,3067,3068,,,,,,,,,,,completed,
3419,3068,3069,,,,,,,,,,,completed,
3420,3069,3070,,,,,,,,,,,completed,
3421,3070,3071,,,,,,,,,,,completed,
3422,3071,3072,,,,,,,,,,,completed,
3423,3072,3074,,,,,,,,,,,completed,
3424,3074,3076,,,,,,,,,,,completed,
3426,3076,3077,,,,,,,,,,,completed,
3428,3077,3078,,,,,,,,,,,completed,
3429,3078,3080,,,,,,,,,,,completed,
3430,3080,3081,,,,,,,,,,,completed,
3431,3081,3082,,,,,,,,,,,completed,
3432,3082,3083,,,,,,,,,,,completed,
3433,3083,3084,,,,,,,,,,,completed,
3434,3084,3085,,,,,,,,,,,completed,
3436,3085,3086,,,,,,,,,,,completed,
3437,3086,3087,,,,,,,,,,,completed,
3438,3087,3088,,,,,,,,,,,completed,
3439,3088,3089,,,,,,,,,,,completed,
3440,3089,3090,,,,,,,,,,,completed,
3441,3090,3091,,,,,,,,,,,completed,
3442,3091,3092,,,,,,,,,,,completed,
3443,3092,3093,,,,,,,,,,,completed,
3444,3093,3094,,,,,,,,,,,completed,
3445,3094,3095,,,,,,,,,,,completed,
3446,3095,3096,,,,,,,,,,,completed,
3447,3096,3097,,,,,,,,,,,completed,
3448,3097,3098,,,,,,,,,,,completed,
3449,3098,3099,,,,,,,,,,,completed,
3450,3099,3100,,,,,,,,,,,completed,
3451,3100,3102,,,,,,,,,,,completed,
3452,3102,3103,,,,,,,,,,,completed,
3454,3103,3104,,,,,,,,,,,completed,
3455,3104,3105,,,,,,,,,,,completed,
3456,3105,3106,,,,,,,,,,,completed,
3458,3106,3107,,,,,,,,,,,completed,
3459,3107,3108,,,,,,,,,,,completed,
3460,3108,3109,,,,,,,,,,,completed,
3461,3109,3111,,,,,,,,,,,completed,
3462,3111,3112,,,,,,,,,,,completed,
3463,3112,3113,,,,,,,,,,,completed,
3464,3113,3116,,,,,,,,,,,completed,
3466,3116,3117,,,,,,,,,,,completed,
3467,3117,3118,,,,,,,,,,,completed,
3468,3118,3119,,,,,,,,,,,completed,
3469,3119,3120,,,,,,,,,,,completed,
3472,3120,3121,,,,,,,,,,,completed,
3473,3121,3122,,,,,,,,,,,completed,
3475,3122,3123,,,,,,,,,,,completed,
3476,3123,3124,,,,,,,,,,,completed,
3477,3124,3125,,,,,,,,,,,completed,
3478,3125,3126,,,,,,,,,,,completed,
3479,3126,3127,,,,,,,,,,,completed,
3480,3127,3129,,,,,,,,,,,completed,
3481,3129,3131,,,,,,,,,,,completed,
3483,3131,3133,,,,,,,,,,,completed,
3484,3133,3134,,,,,,,,,,,completed,
3485,3134,3135,,,,,,,,,,,completed,
3486,3135,3136,,,,,,,,,,,completed,
3488,3136,3137,,,,,,,,,,,completed,
3489,3137,3139,,,,,,,,,,,completed,
3490,3139,3140,,,,,,,,,,,completed,
3491,3140,3141,,,,,,,,,,,completed,
3492,3141,3142,,,,,,,,,,,completed,
3493,3142,3143,,,,,,,,,,,completed,
3494,3143,3144,,,,,,,,,,,completed,
3495,3144,3145,,,,,,,,,,,completed,
3497,3145,3146,,,,,,,,,,,completed,
3498,3146,3147,,,,,,,,,,,completed,
3499,3147,3148,,,,,,,,,,,completed,
3501,3148,3149,,,,,,,,,,,completed,
3502,3149,3150,,,,,,,,,,,completed,
3503,3150,3151,,,,,,,,,,,completed,
3504,3151,3152,,,,,,,,,,,completed,
3505,3152,3153,,,,,,,,,,,completed,
3506,3153,3154,,,,,,,,,,,completed,
3507,3154,3155,,,,,,,,,,,completed,
3508,3155,3156,,,,,,,,,,,completed,
3509,3156,3157,,,,,,,,,,,completed,
3510,3157,3158,,,,,,,,,,,completed,
3511,3158,3160,,,,,,,,,,,completed,
3512,3160,3161,,,,,,,,,,,completed,
3513,3161,3163,,,,,,,,,,,completed,
3514,3163,3164,,,,,,,,,,,completed,
3515,3164,3165,,,,,,,,,,,completed,
3516,3165,3166,,,,,,,,,,,completed,
3517,3166,3167,,,,,,,,,,,completed,
3518,3167,3168,,,,,,,,,,,completed,
3519,3168,3170,,,,,,,,,,,completed,
3520,3170,3171,,,,,,,,,,,completed,
3521,3171,3173,,,,,,,,,,,completed,
3522,3173,3174,,,,,,,,,,,completed,
3524,3174,3175,,,,,,,,,,,completed,
3525,3175,3176,,,,,,,,,,,completed,
3527,3176,3177,,,,,,,,,,,completed,
3528,3177,3178,,,,,,,,,,,completed,
3529,3178,3179,,,,,,,,,,,completed,
3530,3179,3180,,,,,,,,,,,completed,
3531,3180,3181,,,,,,,,,,,completed,
3532,3181,3182,,,,,,,,,,,completed,
3533,3182,3183,,,,,,,,,,,completed,
3534,3183,3184,,,,,,,,,,,completed,
3535,3184,3185,,,,,,,,,,,completed,
3536,3185,3187,,,,,,,,,,,completed,
3537,3187,3189,,,,,,,,,,,completed,
3538,3189,3190,,,,,,,,,,,completed,
3539,3190,3191,,,,,,,,,,,completed,
3540,3191,3192,,,,,,,,,,,completed,
3541,3192,3193,,,,,,,,,,,completed,
3542,3193,3194,,,,,,,,,,,completed,
3543,3194,3195,,,,,,,,,,,completed,
3544,3195,3197,,,,,,,,,,,completed,
3545,3197,3198,,,,,,,,,,,completed,
3546,3198,3199,,,,,,,,,,,completed,
3547,3199,3200,,,,,,,,,,,completed,
3548,3200,3201,,,,,,,,,,,completed,
3550,3201,3202,,,,,,,,,,,completed,
3551,3202,3203,,,,,,,,,,,completed,
3552,3203,3204,,,,,,,,,,,completed,
3554,3204,3205,,,,,,,,,,,completed,
3555,3205,3206,,,,,,,,,,,completed,
3556,3206,3207,,,,,,,,,,,completed,
3557,3207,3208,,,,,,,,,,,completed,
3558,3208,3209,,,,,,,,,,,completed,
3559,3209,3210,,,,,,,,,,,completed,
3560,3210,3211,,,,,,,,,,,completed,
3564,3211,3212,,,,,,,,,,,completed,
3565,3212,3213,,,,,,,,,,,completed,
3566,3213,3214,,,,,,,,,,,completed,
3567,3214,3215,,,,,,,,,,,completed,
3568,3215,3217,,,,,,,,,,,completed,
3569,3217,3219,,,,,,,,,,,completed,
3570,3219,3220,,,,,,,,,,,completed,
3571,3220,3221,,,,,,,,,,,completed,
3572,3221,3223,,,,,,,,,,,completed,
3573,3223,3224,,,,,,,,,,,completed,
3574,3224,3225,,,,,,,,,,,completed,
3576,3225,3226,,,,,,,,,,,completed,
3577,3226,3227,,,,,,,,,,,completed,
3578,3227,3228,,,,,,,,,,,completed,
3579,3228,3229,,,,,,,,,,,completed,
3580,3229,3230,,,,,,,,,,,completed,
3581,3230,3231,,,,,,,,,,,completed,
3582,3231,3232,,,,,,,,,,,completed,
3584,3232,3233,,,,,,,,,,,completed,
3585,3233,3234,,,,,,,,,,,completed,
3586,3234,3236,,,,,,,,,,,completed,
3589,3236,3237,,,,,,,,,,,completed,
3590,3237,3239,,,,,,,,,,,completed,
3593,3239,3241,,,,,,,,,,,completed,
3594,3241,3242,,,,,,,,,,,completed,
3596,3242,3243,,,,,,,,,,,completed,
3597,3243,3244,,,,,,,,,,,completed,
3598,3244,3245,,,,,,,,,,,completed,
3600,3245,3246,,,,,,,,,,,completed,
3601,3246,3247,,,,,,,,,,,completed,
3602,3247,3248,,,,,,,,,,,completed,
3603,3248,3249,,,,,,,,,,,completed,
3604,3249,3250,,,,,,,,,,,completed,
3605,3250,3251,,,,,,,,,,,completed,
3606,3251,3252,,,,,,,,,,,completed,
3607,3252,3253,,,,,,,,,,,completed,
3608,3253,3254,,,,,,,,,,,completed,
3609,3254,3255,,,,,,,,,,,completed,
3611,3255,3256,,,,,,,,,,,completed,
3612,3256,3258,,,,,,,,,,,completed,
3613,3258,3259,,,,,,,,,,,completed,
3614,3259,3260,,,,,,,,,,,completed,
3616,3260,3262,,,,,,,,,,,completed,
3617,3262,3263,,,,,,,,,,,completed,
3618,3263,3264,,,,,,,,,,,completed,
3619,3264,3265,,,,,,,,,,,completed,
3620,3265,3266,,,,,,,,,,,completed,
3621,3266,3267,,,,,,,,,,,completed,
3622,3267,3268,,,,,,,,,,,completed,
3623,3268,3269,,,,,,,,,,,completed,
3624,3269,3270,,,,,,,,,,,completed,
3625,3270,3272,,,,,,,,,,,completed,
3626,3272,3273,,,,,,,,,,,completed,
3627,3273,3274,,,,,,,,,,,completed,
3628,3274,3276,,,,,,,,,,,completed,
3629,3276,3277,,,,,,,,,,,completed,
3630,3277,3278,,,,,,,,,,,completed,
3631,3278,3279,,,,,,,,,,,completed,
3632,3279,3280,,,,,,,,,,,completed,
3633,3280,3282,,,,,,,,,,,completed,
3634,3282,3283,,,,,,,,,,,completed,
3635,3283,3284,,,,,,,,,,,completed,
3636,3284,3285,,,,,,,,,,,completed,
3637,3285,3286,,,,,,,,,,,completed,
3638,3286,3287,,,,,,,,,,,completed,
3639,3287,3288,,,,,,,,,,,completed,
3640,3288,3290,,,,,,,,,,,completed,
3641,3290,3291,,,,,,,,,,,completed,
3643,3291,3292,,,,,,,,,,,completed,
3644,3292,3293,,,,,,,,,,,completed,
3645,3293,3294,,,,,,,,,,,completed,
3647,3294,3295,,,,,,,,,,,completed,
3648,3295,3296,,,,,,,,,,,completed,
3649,3296,3297,,,,,,,,,,,completed,
3650,3297,3298,,,,,,,,,,,completed,
3651,3298,3299,,,,,,,,,,,completed,
3652,3299,3300,,,,,,,,,,,completed,
3653,3300,3302,,,,,,,,,,,completed,
3655,3302,3303,,,,,,,,,,,completed,
3656,3303,3304,,,,,,,,,,,completed,
3657,3304,3305,,,,,,,,,,,completed,
3658,3305,3306,,,,,,,,,,,completed,
3659,3306,3307,,,,,,,,,,,completed,
3662,3307,3308,,,,,,,,,,,completed,
3663,3308,3309,,,,,,,,,,,completed,
3664,3309,3310,,,,,,,,,,,completed,
3665,3310,3311,,,,,,,,,,,completed,
3667,3311,3312,,,,,,,,,,,completed,
3668,3312,3313,,,,,,,,,,,completed,
3669,3313,3314,,,,,,,,,,,completed,
3670,3314,3315,,,,,,,,,,,completed,
3671,3315,3316,,,,,,,,,,,completed,
3672,3316,3317,,,,,,,,,,,completed,
3673,3317,3318,,,,,,,,,,,completed,
3676,3318,3320,,,,,,,,,,,completed,
3678,3320,3321,,,,,,,,,,,completed,
3679,3321,3322,,,,,,,,,,,completed,
3680,3322,3323,,,,,,,,,,,completed,
3681,3323,3324,,,,,,,,,,,completed,
3682,3324,3325,,,,,,,,,,,completed,
3683,3325,3326,,,,,,,,,,,completed,
3684,3326,3327,,,,,,,,,,,completed,
3686,3327,3328,,,,,,,,,,,completed,
3687,3328,3329,,,,,,,,,,,completed,
3689,3329,3330,,,,,,,,,,,completed,
3690,3330,3331,,,,,,,,,,,completed,
3691,3331,3332,,,,,,,,,,,completed,
3693,3332,3333,,,,,,,,,,,completed,
3694,3333,3334,,,,,,,,,,,completed,
3695,3334,3335,,,,,,,,,,,completed,
3696,3335,3336,,,,,,,,,,,completed,
3697,3336,3337,,,,,,,,,,,completed,
3698,3337,3338,,,,,,,,,,,completed,
3699,3338,3339,,,,,,,,,,,completed,
3700,3339,3340,,,,,,,,,,,completed,
3701,3340,3341,,,,,,,,,,,completed,
3702,3341,3342,,,,,,,,,,,completed,
3704,3342,3343,,,,,,,,,,,completed,
3705,3343,3344,,,,,,,,,,,completed,
3706,3344,3345,,,,,,,,,,,completed,
3707,3345,3346,,,,,,,,,,,completed,
3708,3346,3347,,,,,,,,,,,completed,
3709,3347,3348,,,,,,,,,,,completed,
3710,3348,3349,,,,,,,,,,,completed,
3711,3349,3350,,,,,,,,,,,completed,
3712,3350,3351,,,,,,,,,,,completed,
3713,3351,3352,,,,,,,,,,,completed,
3714,3352,3353,,,,,,,,,,,completed,
3715,3353,3354,,,,,,,,,,,completed,
3716,3354,3355,,,,,,,,,,,completed,
3717,3355,3356,,,,,,,,,,,completed,
3718,3356,3357,,,,,,,,,,,completed,
3719,3357,3358,,,,,,,,,,,completed,
3721,3358,3359,,,,,,,,,,,completed,
3723,3359,3360,,,,,,,,,,,completed,
3724,3360,3362,,,,,,,,,,,completed,
3725,3362,3364,,,,,,,,,,,completed,
3726,3364,3365,,,,,,,,,,,completed,
3727,3365,3366,,,,,,,,,,,completed,
3728,3366,3367,,,,,,,,,,,completed,
3729,3367,3368,,,,,,,,,,,completed,
3730,3368,3369,,,,,,,,,,,completed,
3732,3369,3370,,,,,,,,,,,completed,
3733,3370,3371,,,,,,,,,,,completed,
3735,3371,3372,,,,,,,,,,,completed,
3736,3372,3373,,,,,,,,,,,completed,
3737,3373,3374,,,,,,,,,,,completed,
3738,3374,3375,,,,,,,,,,,completed,
3740,3375,3377,,,,,,,,,,,completed,
3741,3377,3378,,,,,,,,,,,completed,
3742,3378,3379,,,,,,,,,,,completed,
3743,3379,3380,,,,,,,,,,,completed,
3744,3380,3381,,,,,,,,,,,completed,
3745,3381,3382,,,,,,,,,,,completed,
3746,3382,3383,,,,,,,,,,,completed,
3749,3383,3384,,,,,,,,,,,completed,
3751,3384,3385,,,,,,,,,,,completed,
3752,3385,3386,,,,,,,,,,,completed,
3753,3386,3387,,,,,,,,,,,completed,
3755,3387,3388,,,,,,,,,,,completed,
3756,3388,3389,,,,,,,,,,,completed,
3757,3389,3390,,,,,,,,,,,completed,
3758,3390,3391,,,,,,,,,,,completed,
3759,3391,3392,,,,,,,,,,,completed,
3760,3392,3393,,,,,,,,,,,completed,
3761,3393,3394,,,,,,,,,,,completed,
3762,3394,3395,,,,,,,,,,,completed,
3763,3395,3396,,,,,,,,,,,completed,
3764,3396,3398,,,,,,,,,,,completed,
3765,3398,3399,,,,,,,,,,,completed,
3766,3399,3400,,,,,,,,,,,completed,
3767,3400,3401,,,,,,,,,,,completed,
3768,3401,3402,,,,,,,,,,,completed,
3769,3402,3403,,,,,,,,,,,completed,
3770,3403,3405,,,,,,,,,,,completed,
3771,3405,3406,,,,,,,,,,,completed,
3772,3406,3407,,,,,,,,,,,completed,
3774,3407,3408,,,,,,,,,,,completed,
3775,3408,3409,,,,,,,,,,,completed,
3777,3409,3410,,,,,,,,,,,completed,
3778,3410,3411,,,,,,,,,,,completed,
3779,3411,3412,,,,,,,,,,,completed,
3781,3412,3413,,,,,,,,,,,completed,
3782,3413,3414,,,,,,,,,,,completed,
3784,3414,3415,,,,,,,,,,,completed,
3785,3415,3417,,,,,,,,,,,completed,
3786,3417,3418,,,,,,,,,,,completed,
3787,3418,3419,,,,,,,,,,,completed,
3788,3419,3420,,,,,,,,,,,completed,
3789,3420,3422,,,,,,,,,,,completed,
3790,3422,3423,,,,,,,,,,,completed,
3791,3423,3424,,,,,,,,,,,completed,
3792,3424,3425,,,,,,,,,,,completed,
3793,3425,3427,,,,,,,,,,,completed,
3794,3427,3428,,,,,,,,,,,completed,
3795,3428,3429,,,,,,,,,,,completed,
3796,3429,3430,,,,,,,,,,,completed,
3798,3430,3431,,,,,,,,,,,completed,
3799,3431,3432,,,,,,,,,,,completed,
3800,3432,3433,,,,,,,,,,,completed,
3801,3433,3434,,,,,,,,,,,completed,
3802,3434,3435,,,,,,,,,,,completed,
3806,3435,3436,,,,,,,,,,,completed,
3807,3436,3437,,,,,,,,,,,completed,
3808,3437,3438,,,,,,,,,,,completed,
3809,3438,3439,,,,,,,,,,,completed,
3810,3439,3440,,,,,,,,,,,completed,
3812,3440,3441,,,,,,,,,,,completed,
3813,3441,3442,,,,,,,,,,,completed,
3814,3442,3443,,,,,,,,,,,completed,
3815,3443,3444,,,,,,,,,,,completed,
3816,3444,3445,,,,,,,,,,,completed,
3817,3445,3446,,,,,,,,,,,completed,
3819,3446,3448,,,,,,,,,,,completed,
3820,3448,3449,,,,,,,,,,,completed,
3821,3449,3450,,,,,,,,,,,completed,
3822,3450,3451,,,,,,,,,,,completed,
3823,3451,3452,,,,,,,,,,,completed,
3824,3452,3453,,,,,,,,,,,completed,
3825,3453,3454,,,,,,,,,,,completed,
3826,3454,3455,,,,,,,,,,,completed,
3827,3455,3456,,,,,,,,,,,completed,
3828,3456,3458,,,,,,,,,,,completed,
3829,3458,3459,,,,,,,,,,,completed,
3830,3459,3460,,,,,,,,,,,completed,
3832,3460,3461,,,,,,,,,,,completed,
3833,3461,3462,,,,,,,,,,,completed,
3834,3462,3463,,,,,,,,,,,completed,
3835,3463,3465,,,,,,,,,,,completed,
3836,3465,3466,,,,,,,,,,,completed,
3837,3466,3467,,,,,,,,,,,completed,
3838,3467,3468,,,,,,,,,,,completed,
3840,3468,3470,,,,,,,,,,,completed,
3841,3470,3471,,,,,,,,,,,completed,
3842,3471,3472,,,,,,,,,,,completed,
3843,3472,3473,,,,,,,,,,,completed,
3844,3473,3475,,,,,,,,,,,completed,
3845,3475,3476,,,,,,,,,,,completed,
3846,3476,3477,,,,,,,,,,,completed,
3847,3477,3478,,,,,,,,,,,completed,
3848,3478,3479,,,,,,,,,,,completed,
3849,3479,3480,,,,,,,,,,,completed,
3850,3480,3481,,,,,,,,,,,completed,
3851,3481,3482,,,,,,,,,,,completed,
3852,3482,3483,,,,,,,,,,,completed,
3854,3483,3484,,,,,,,,,,,completed,
3855,3484,3485,,,,,,,,,,,completed,
3856,3485,3486,,,,,,,,,,,completed,
3858,3486,3487,,,,,,,,,,,completed,
3859,3487,3488,,,,,,,,,,,completed,
3860,3488,3489,,,,,,,,,,,completed,
3861,3489,3490,,,,,,,,,,,completed,
3862,3490,3491,,,,,,,,,,,completed,
3863,3491,3492,,,,,,,,,,,completed,
3864,3492,3494,,,,,,,,,,,completed,
3865,3494,3495,,,,,,,,,,,completed,
3866,3495,3496,,,,,,,,,,,completed,
3867,3496,3497,,,,,,,,,,,completed,
3868,3497,3498,,,,,,,,,,,completed,
3869,3498,3499,,,,,,,,,,,completed,
3870,3499,3500,,,,,,,,,,,completed,
3871,3500,3501,,,,,,,,,,,completed,
3872,3501,3502,,,,,,,,,,,completed,
3874,3502,3503,,,,,,,,,,,completed,
3875,3503,3504,,,,,,,,,,,completed,
3876,3504,3505,,,,,,,,,,,completed,
3877,3505,3506,,,,,,,,,,,completed,
3878,3506,3507,,,,,,,,,,,completed,
3879,3507,3508,,,,,,,,,,,completed,
3880,3508,3509,,,,,,,,,,,completed,
3881,3509,3510,,,,,,,,,,,completed,
3882,3510,3511,,,,,,,,,,,completed,
3883,3511,3512,,,,,,,,,,,completed,
3884,3512,3514,,,,,,,,,,,completed,
3885,3514,3516,,,,,,,,,,,completed,
3888,3516,3517,,,,,,,,,,,completed,
3889,3517,3518,,,,,,,,,,,completed,
3891,3518,3519,,,,,,,,,,,completed,
3893,3519,3520,,,,,,,,,,,completed,
3895,3520,3521,,,,,,,,,,,completed,
3896,3521,3522,,,,,,,,,,,completed,
3899,3522,3523,,,,,,,,,,,completed,
3900,3523,3524,,,,,,,,,,,completed,
3901,3524,3525,,,,,,,,,,,completed,
3902,3525,3526,,,,,,,,,,,completed,
3903,3526,3527,,,,,,,,,,,completed,
3904,3527,3528,,,,,,,,,,,completed,
3905,3528,3529,,,,,,,,,,,completed,
3906,3529,3530,,,,,,,,,,,completed,
3907,3530,3531,,,,,,,,,,,completed,
3908,3531,3532,,,,,,,,,,,completed,
3909,3532,3533,,,,,,,,,,,completed,
3910,3533,3534,,,,,,,,,,,completed,
3912,3534,3535,,,,,,,,,,,completed,
3913,3535,3536,,,,,,,,,,,completed,
3915,3536,3537,,,,,,,,,,,completed,
3916,3537,3538,,,,,,,,,,,completed,
3917,3538,3539,,,,,,,,,,,completed,
3919,3539,3540,,,,,,,,,,,completed,
3921,3540,3541,,,,,,,,,,,completed,
3924,3541,3542,,,,,,,,,,,completed,
3925,3542,3543,,,,,,,,,,,completed,
3926,3543,3544,,,,,,,,,,,completed,
3927,3544,3545,,,,,,,,,,,completed,
3928,3545,3546,,,,,,,,,,,completed,
3929,3546,3547,,,,,,,,,,,completed,
3930,3547,3548,,,,,,,,,,,completed,
3932,3548,3549,,,,,,,,,,,completed,
3933,3549,3550,,,,,,,,,,,completed,
3934,3550,3552,,,,,,,,,,,completed,
3935,3552,3553,,,,,,,,,,,completed,
3937,3553,3554,,,,,,,,,,,completed,
3938,3554,3555,,,,,,,,,,,completed,
3940,3555,3556,,,,,,,,,,,completed,
3941,3556,3557,,,,,,,,,,,completed,
3942,3557,3558,,,,,,,,,,,completed,
3943,3558,3559,,,,,,,,,,,completed,
3944,3559,3560,,,,,,,,,,,completed,
3945,3560,3561,,,,,,,,,,,completed,
3946,3561,3562,,,,,,,,,,,completed,
3947,3562,3564,,,,,,,,,,,completed,
3949,3564,3565,,,,,,,,,,,completed,
3950,3565,3566,,,,,,,,,,,completed,
3951,3566,3567,,,,,,,,,,,completed,
3952,3567,3568,,,,,,,,,,,completed,
3953,3568,3569,,,,,,,,,,,completed,
3954,3569,3570,,,,,,,,,,,completed,
3955,3570,3571,,,,,,,,,,,completed,
3956,3571,3572,,,,,,,,,,,completed,
3957,3572,3573,,,,,,,,,,,completed,
3958,3573,3574,,,,,,,,,,,completed,
3959,3574,3575,,,,,,,,,,,completed,
3960,3575,3576,,,,,,,,,,,completed,
3962,3576,3577,,,,,,,,,,,completed,
3963,3577,3579,,,,,,,,,,,completed,
3964,3579,3580,,,,,,,,,,,completed,
3967,3580,3581,,,,,,,,,,,completed,
3968,3581,3582,,,,,,,,,,,completed,
3970,3582,3583,,,,,,,,,,,completed,
3971,3583,3584,,,,,,,,,,,completed,
3972,3584,3587,,,,,,,,,,,completed,
3974,3587,3588,,,,,,,,,,,completed,
3975,3588,3589,,,,,,,,,,,completed,
3976,3589,3590,,,,,,,,,,,completed,
3977,3590,3591,,,,,,,,,,,completed,
3979,3591,3592,,,,,,,,,,,completed,
3980,3592,3593,,,,,,,,,,,completed,
3981,3593,3594,,,,,,,,,,,completed,
3982,3594,3595,,,,,,,,,,,completed,
3983,3595,3596,,,,,,,,,,,completed,
3984,3596,3597,,,,,,,,,,,completed,
3985,3597,3598,,,,,,,,,,,completed,
3986,3598,3599,,,,,,,,,,,completed,
3987,3599,3600,,,,,,,,,,,completed,
3988,3600,3601,,,,,,,,,,,completed,
3989,3601,3602,,,,,,,,,,,completed,
3990,3602,3603,,,,,,,,,,,completed,
3991,3603,3604,,,,,,,,,,,completed,
3995,3604,3606,,,,,,,,,,,completed,
3996,3606,3607,,,,,,,,,,,completed,
3997,3607,3608,,,,,,,,,,,completed,
3998,3608,3609,,,,,,,,,,,completed,
3999,3609,3610,,,,,,,,,,,completed,
4000,3610,3611,,,,,,,,,,,completed,
4001,3611,3612,,,,,,,,,,,completed,
4002,3612,3613,,,,,,,,,,,completed,
4004,3613,3614,,,,,,,,,,,completed,
4005,3614,3615,,,,,,,,,,,completed,
4006,3615,3616,,,,,,,,,,,completed,
4008,3616,3617,,,,,,,,,,,completed,
4009,3617,3618,,,,,,,,,,,completed,
4010,3618,3619,,,,,,,,,,,completed,
4011,3619,3620,,,,,,,,,,,completed,
4013,3620,3621,,,,,,,,,,,completed,
4014,3621,3624,,,,,,,,,,,completed,
4016,3624,3625,,,,,,,,,,,completed,
4017,3625,3627,,,,,,,,,,,completed,
4018,3627,3628,,,,,,,,,,,completed,
4019,3628,3629,,,,,,,,,,,completed,
4020,3629,3630,,,,,,,,,,,completed,
4022,3630,3631,,,,,,,,,,,completed,
4023,3631,3632,,,,,,,,,,,completed,
4024,3632,3633,,,,,,,,,,,completed,
4026,3633,3634,,,,,,,,,,,completed,
4027,3634,3635,,,,,,,,,,,completed,
4028,3635,3636,,,,,,,,,,,completed,
4029,3636,3637,,,,,,,,,,,completed,
4030,3637,3638,,,,,,,,,,,completed,
4031,3638,3640,,,,,,,,,,,completed,
4033,3640,3641,,,,,,,,,,,completed,
4034,3641,3642,,,,,,,,,,,completed,
4035,3642,3643,,,,,,,,,,,completed,
4036,3643,3644,,,,,,,,,,,completed,
4038,3644,3646,,,,,,,,,,,completed,
4039,3646,3648,,,,,,,,,,,completed,
4040,3648,3649,,,,,,,,,,,completed,
4041,3649,3650,,,,,,,,,,,completed,
4042,3650,3651,,,,,,,,,,,completed,
4043,3651,3652,,,,,,,,,,,completed,
4044,3652,3653,,,,,,,,,,,completed,
4045,3653,3654,,,,,,,,,,,completed,
4046,3654,3655,,,,,,,,,,,completed,
4047,3655,3656,,,,,,,,,,,completed,
4048,3656,3657,,,,,,,,,,,completed,
4050,3657,3658,,,,,,,,,,,completed,
4051,3658,3659,,,,,,,,,,,completed,
4052,3659,3660,,,,,,,,,,,completed,
4054,3660,3661,,,,,,,,,,,completed,
4055,3661,3662,,,,,,,,,,,completed,
4057,3662,3663,,,,,,,,,,,completed,
4058,3663,3664,,,,,,,,,,,completed,
4059,3664,3665,,,,,,,,,,,completed,
4060,3665,3666,,,,,,,,,,,completed,
4061,3666,3667,,,,,,,,,,,completed,
4062,3667,3668,,,,,,,,,,,completed,
4063,3668,3669,,,,,,,,,,,completed,
4064,3669,3671,,,,,,,,,,,completed,
4066,3671,3672,,,,,,,,,,,completed,
4067,3672,3673,,,,,,,,,,,completed,
4070,3673,3674,,,,,,,,,,,completed,
4071,3674,3676,,,,,,,,,,,completed,
4072,3676,3677,,,,,,,,,,,completed,
4073,3677,3679,,,,,,,,,,,completed,
4074,3679,3680,,,,,,,,,,,completed,
4075,3680,3681,,,,,,,,,,,completed,
4076,3681,3683,,,,,,,,,,,completed,
4077,3683,3684,,,,,,,,,,,completed,
4078,3684,3685,,,,,,,,,,,completed,
4079,3685,3686,,,,,,,,,,,completed,
4081,3686,3687,,,,,,,,,,,completed,
4082,3687,3689,,,,,,,,,,,completed,
4083,3689,3690,,,,,,,,,,,completed,
4085,3690,3691,,,,,,,,,,,completed,
4086,3691,3692,,,,,,,,,,,completed,
4087,3692,3693,,,,,,,,,,,completed,
4088,3693,3696,,,,,,,,,,,completed,
4089,3696,3698,,,,,,,,,,,completed,
4091,3698,3699,,,,,,,,,,,completed,
4092,3699,3700,,,,,,,,,,,completed,
4093,3700,3702,,,,,,,,,,,completed,
4094,3702,3703,,,,,,,,,,,completed,
4096,3703,3704,,,,,,,,,,,completed,
4097,3704,3705,,,,,,,,,,,completed,
4098,3705,3707,,,,,,,,,,,completed,
4099,3707,3708,,,,,,,,,,,completed,
4100,3708,3710,,,,,,,,,,,completed,
4101,3710,3711,,,,,,,,,,,completed,
4102,3711,3713,,,,,,,,,,,completed,
4106,3713,3714,,,,,,,,,,,completed,
4107,3714,3715,,,,,,,,,,,completed,
4108,3715,3716,,,,,,,,,,,completed,
4109,3716,3717,,,,,,,,,,,completed,
4110,3717,3718,,,,,,,,,,,completed,
4111,3718,3719,,,,,,,,,,,completed,
4112,3719,3720,,,,,,,,,,,completed,
4114,3720,3721,,,,,,,,,,,completed,
4115,3721,3722,,,,,,,,,,,completed,
4117,3722,3723,,,,,,,,,,,completed,
4118,3723,3724,,,,,,,,,,,completed,
4119,3724,3725,,,,,,,,,,,completed,
4120,3725,3726,,,,,,,,,,,completed,
4122,3726,3727,,,,,,,,,,,completed,
4124,3727,3728,,,,,,,,,,,completed,
4125,3728,3729,,,,,,,,,,,completed,
4126,3729,3730,,,,,,,,,,,completed,
4127,3730,3731,,,,,,,,,,,completed,
4128,3731,3732,,,,,,,,,,,completed,
4129,3732,3734,,,,,,,,,,,completed,
4130,3734,3735,,,,,,,,,,,completed,
4131,3735,3736,,,,,,,,,,,completed,
4133,3736,3737,,,,,,,,,,,completed,
4135,3737,3738,,,,,,,,,,,completed,
4137,3738,3739,,,,,,,,,,,completed,
4138,3739,3740,,,,,,,,,,,completed,
4139,3740,3741,,,,,,,,,,,completed,
4141,3741,3742,,,,,,,,,,,completed,
4142,3742,3743,,,,,,,,,,,completed,
4143,3743,3745,,,,,,,,,,,completed,
4144,3745,3746,,,,,,,,,,,completed,
4145,3746,3747,,,,,,,,,,,completed,
4146,3747,3748,,,,,,,,,,,completed,
4148,3748,3749,,,,,,,,,,,completed,
4149,3749,3750,,,,,,,,,,,completed,
4151,3750,3751,,,,,,,,,,,completed,
4152,3751,3752,,,,,,,,,,,completed,
4153,3752,3753,,,,,,,,,,,completed,
4154,3753,3754,,,,,,,,,,,completed,
4155,3754,3755,,,,,,,,,,,completed,
4156,3755,3756,,,,,,,,,,,completed,
4157,3756,3757,,,,,,,,,,,completed,
4158,3757,3760,,,,,,,,,,,completed,
4160,3760,3761,,,,,,,,,,,completed,
4162,3761,3763,,,,,,,,,,,completed,
4163,3763,3764,,,,,,,,,,,completed,
4165,3764,3765,,,,,,,,,,,completed,
4166,3765,3766,,,,,,,,,,,completed,
4167,3766,3767,,,,,,,,,,,completed,
4168,3767,3768,,,,,,,,,,,completed,
4169,3768,3770,,,,,,,,,,,completed,
4170,3770,3771,,,,,,,,,,,completed,
4171,3771,3772,,,,,,,,,,,completed,
4172,3772,3773,,,,,,,,,,,completed,
4173,3773,3774,,,,,,,,,,,completed,
4174,3774,3775,,,,,,,,,,,completed,
4175,3775,3777,,,,,,,,,,,completed,
4176,3777,3778,,,,,,,,,,,completed,
4177,3778,3779,,,,,,,,,,,completed,
4179,3779,3780,,,,,,,,,,,completed,
4181,3780,3781,,,,,,,,,,,completed,
4182,3781,3782,,,,,,,,,,,completed,
4183,3782,3783,,,,,,,,,,,completed,
4184,3783,3784,,,,,,,,,,,completed,
4185,3784,3785,,,,,,,,,,,completed,
4186,3785,3786,,,,,,,,,,,completed,
4187,3786,3787,,,,,,,,,,,completed,
4188,3787,3788,,,,,,,,,,,completed,
4189,3788,3789,,,,,,,,,,,completed,
4190,3789,3790,,,,,,,,,,,completed,
4191,3790,3791,,,,,,,,,,,completed,
4193,3791,3792,,,,,,,,,,,completed,
4195,3792,3793,,,,,,,,,,,completed,
4197,3793,3794,,,,,,,,,,,completed,
4199,3794,3795,,,,,,,,,,,completed,
4200,3795,3796,,,,,,,,,,,completed,
4201,3796,3797,,,,,,,,,,,completed,
4202,3797,3798,,,,,,,,,,,completed,
4203,3798,3799,,,,,,,,,,,completed,
4204,3799,3800,,,,,,,,,,,completed,
4205,3800,3801,,,,,,,,,,,completed,
4206,3801,3803,,,,,,,,,,,completed,
4207,3803,3804,,,,,,,,,,,completed,
4208,3804,3807,,,,,,,,,,,completed,
4209,3807,3808,,,,,,,,,,,completed,
4211,3808,3809,,,,,,,,,,,completed,
4212,3809,3810,,,,,,,,,,,completed,
4213,3810,3811,,,,,,,,,,,completed,
4214,3811,3812,,,,,,,,,,,completed,
4217,3812,3813,,,,,,,,,,,completed,
4218,3813,3814,,,,,,,,,,,completed,
4219,3814,3815,,,,,,,,,,,completed,
4220,3815,3816,,,,,,,,,,,completed,
4223,3816,3817,,,,,,,,,,,completed,
4224,3817,3818,,,,,,,,,,,completed,
4225,3818,3819,,,,,,,,,,,completed,
4226,3819,3820,,,,,,,,,,,completed,
4227,3820,3821,,,,,,,,,,,completed,
4228,3821,3822,,,,,,,,,,,completed,
4229,3822,3823,,,,,,,,,,,completed,
4230,3823,3824,,,,,,,,,,,completed,
4231,3824,3825,,,,,,,,,,,completed,
4232,3825,3826,,,,,,,,,,,completed,
4233,3826,3827,,,,,,,,,,,completed,
4234,3827,3828,,,,,,,,,,,completed,
4235,3828,3829,,,,,,,,,,,completed,
4236,3829,3830,,,,,,,,,,,completed,
4237,3830,3831,,,,,,,,,,,completed,
4238,3831,3832,,,,,,,,,,,completed,
4240,3832,3833,,,,,,,,,,,completed,
4241,3833,3834,,,,,,,,,,,completed,
4242,3834,3835,,,,,,,,,,,completed,
4243,3835,3836,,,,,,,,,,,completed,
4244,3836,3837,,,,,,,,,,,completed,
4245,3837,3838,,,,,,,,,,,completed,
4247,3838,3840,,,,,,,,,,,completed,
4248,3840,3841,,,,,,,,,,,completed,
4249,3841,3842,,,,,,,,,,,completed,
4251,3842,3843,,,,,,,,,,,completed,
4252,3843,3844,,,,,,,,,,,completed,
4253,3844,3845,,,,,,,,,,,completed,
4254,3845,3846,,,,,,,,,,,completed,
4256,3846,3847,,,,,,,,,,,completed,
4257,3847,3848,,,,,,,,,,,completed,
4260,3848,3849,,,,,,,,,,,completed,
4261,3849,3850,,,,,,,,,,,completed,
4262,3850,3851,,,,,,,,,,,completed,
4263,3851,3852,,,,,,,,,,,completed,
4264,3852,3853,,,,,,,,,,,completed,
4266,3853,3854,,,,,,,,,,,completed,
4267,3854,3855,,,,,,,,,,,completed,
4268,3855,3856,,,,,,,,,,,completed,
4269,3856,3857,,,,,,,,,,,completed,
4270,3857,3858,,,,,,,,,,,completed,
4271,3858,3859,,,,,,,,,,,completed,
4272,3859,3860,,,,,,,,,,,completed,
4273,3860,3861,,,,,,,,,,,completed,
4274,3861,3862,,,,,,,,,,,completed,
4275,3862,3863,,,,,,,,,,,completed,
4276,3863,3865,,,,,,,,,,,completed,
4277,3865,3866,,,,,,,,,,,completed,
4278,3866,3867,,,,,,,,,,,completed,
4279,3867,3869,,,,,,,,,,,completed,
4280,3869,3870,,,,,,,,,,,completed,
4281,3870,3872,,,,,,,,,,,completed,
4282,3872,3873,,,,,,,,,,,completed,
4284,3873,3874,,,,,,,,,,,completed,
4285,3874,3875,,,,,,,,,,,completed,
4287,3875,3876,,,,,,,,,,,completed,
4288,3876,3877,,,,,,,,,,,completed,
4289,3877,3878,,,,,,,,,,,completed,
4291,3878,3879,,,,,,,,,,,completed,
4292,3879,3880,,,,,,,,,,,completed,
4294,3880,3881,,,,,,,,,,,completed,
4295,3881,3882,,,,,,,,,,,completed,
4296,3882,3883,,,,,,,,,,,completed,
4297,3883,3884,,,,,,,,,,,completed,
4298,3884,3885,,,,,,,,,,,completed,
4299,3885,3886,,,,,,,,,,,completed,
4300,3886,3887,,,,,,,,,,,completed,
4301,3887,3888,,,,,,,,,,,completed,
4302,3888,3889,,,,,,,,,,,completed,
4303,3889,3892,,,,,,,,,,,completed,
4305,3892,3893,,,,,,,,,,,completed,
4307,3893,3894,,,,,,,,,,,completed,
4309,3894,3895,,,,,,,,,,,completed,
4310,3895,3896,,,,,,,,,,,completed,
4311,3896,3897,,,,,,,,,,,completed,
4312,3897,3898,,,,,,,,,,,completed,
4313,3898,3899,,,,,,,,,,,completed,
4314,3899,3900,,,,,,,,,,,completed,
4315,3900,3901,,,,,,,,,,,completed,
4318,3901,3902,,,,,,,,,,,completed,
4319,3902,3903,,,,,,,,,,,completed,
4320,3903,3904,,,,,,,,,,,completed,
4321,3904,3905,,,,,,,,,,,completed,
4322,3905,3906,,,,,,,,,,,completed,
4323,3906,3908,,,,,,,,,,,completed,
4324,3908,3909,,,,,,,,,,,completed,
4325,3909,3911,,,,,,,,,,,completed,
4326,3911,3912,,,,,,,,,,,completed,
4327,3912,3913,,,,,,,,,,,completed,
4328,3913,3915,,,,,,,,,,,completed,
4329,3915,3916,,,,,,,,,,,completed,
4330,3916,3917,,,,,,,,,,,completed,
4331,3917,3918,,,,,,,,,,,completed,
4332,3918,3919,,,,,,,,,,,completed,
4333,3919,3920,,,,,,,,,,,completed,
4334,3920,3921,,,,,,,,,,,completed,
4335,3921,3922,,,,,,,,,,,completed,
4336,3922,3925,,,,,,,,,,,completed,
4337,3925,3926,,,,,,,,,,,completed,
4338,3926,3927,,,,,,,,,,,completed,
4339,3927,3928,,,,,,,,,,,completed,
4340,3928,3929,,,,,,,,,,,completed,
4343,3929,3930,,,,,,,,,,,completed,
4344,3930,3931,,,,,,,,,,,completed,
4345,3931,3932,,,,,,,,,,,completed,
4346,3932,3933,,,,,,,,,,,completed,
4347,3933,3934,,,,,,,,,,,completed,
4349,3934,3935,,,,,,,,,,,completed,
4350,3935,3936,,,,,,,,,,,completed,
4352,3936,3937,,,,,,,,,,,completed,
4353,3937,3938,,,,,,,,,,,completed,
4354,3938,3939,,,,,,,,,,,completed,
4355,3939,3940,,,,,,,,,,,completed,
4357,3940,3941,,,,,,,,,,,completed,
4358,3941,3942,,,,,,,,,,,completed,
4359,3942,3943,,,,,,,,,,,completed,
4360,3943,3944,,,,,,,,,,,completed,
4361,3944,3945,,,,,,,,,,,completed,
4362,3945,3947,,,,,,,,,,,completed,
4364,3947,3948,,,,,,,,,,,completed,
4365,3948,3949,,,,,,,,,,,completed,
4367,3949,3950,,,,,,,,,,,completed,
4368,3950,3951,,,,,,,,,,,completed,
4369,3951,3952,,,,,,,,,,,completed,
4370,3952,3953,,,,,,,,,,,completed,
4371,3953,3954,,,,,,,,,,,completed,
4372,3954,3955,,,,,,,,,,,completed,
4375,3955,3956,,,,,,,,,,,completed,
4376,3956,3957,,,,,,,,,,,completed,
4378,3957,3958,,,,,,,,,,,completed,
4379,3958,3959,,,,,,,,,,,completed,
4380,3959,3960,,,,,,,,,,,completed,
4381,3960,3961,,,,,,,,,,,completed,
4382,3961,3963,,,,,,,,,,,completed,
4383,3963,3964,,,,,,,,,,,completed,
4384,3964,3965,,,,,,,,,,,completed,
4385,3965,3966,,,,,,,,,,,completed,
4386,3966,3967,,,,,,,,,,,completed,
4387,3967,3968,,,,,,,,,,,completed,
4388,3968,3969,,,,,,,,,,,completed,
4389,3969,3970,,,,,,,,,,,completed,
4390,3970,3973,,,,,,,,,,,completed,
4392,3973,3974,,,,,,,,,,,completed,
4393,3974,3976,,,,,,,,,,,completed,
4395,3976,3977,,,,,,,,,,,completed,
4396,3977,3979,,,,,,,,,,,completed,
4397,3979,3980,,,,,,,,,,,completed,
4399,3980,3981,,,,,,,,,,,completed,
4400,3981,3982,,,,,,,,,,,completed,
4401,3982,3983,,,,,,,,,,,completed,
4402,3983,3984,,,,,,,,,,,completed,
4403,3984,3986,,,,,,,,,,,completed,
4405,3986,3987,,,,,,,,,,,completed,
4406,3987,3988,,,,,,,,,,,completed,
4407,3988,3989,,,,,,,,,,,completed,
4408,3989,3990,,,,,,,,,,,completed,
4409,3990,3991,,,,,,,,,,,completed,
4410,3991,3992,,,,,,,,,,,completed,
4412,3992,3993,,,,,,,,,,,completed,
4413,3993,3995,,,,,,,,,,,completed,
4414,3995,3997,,,,,,,,,,,completed,
4415,3997,3999,,,,,,,,,,,completed,
4417,3999,4000,,,,,,,,,,,completed,
4418,4000,4001,,,,,,,,,,,completed,
4419,4001,4003,,,,,,,,,,,completed,
4420,4003,4005,,,,,,,,,,,completed,
4421,4005,4009,,,,,,,,,,,completed,
4423,4009,4011,,,,,,,,,,,completed,
4424,4011,4012,,,,,,,,,,,completed,
4426,4012,4013,,,,,,,,,,,completed,
4427,4013,4014,,,,,,,,,,,completed,
4428,4014,4015,,,,,,,,,,,completed,
4429,4015,4016,,,,,,,,,,,completed,
4430,4016,4017,,,,,,,,,,,completed,
4431,4017,4018,,,,,,,,,,,completed,
4432,4018,4019,,,,,,,,,,,completed,
4434,4019,4020,,,,,,,,,,,completed,
4435,4020,4021,,,,,,,,,,,completed,
4436,4021,4022,,,,,,,,,,,completed,
4437,4022,4023,,,,,,,,,,,completed,
4438,4023,4024,,,,,,,,,,,completed,
4439,4024,4025,,,,,,,,,,,completed,
4440,4025,4026,,,,,,,,,,,completed,
4441,4026,4027,,,,,,,,,,,completed,
4442,4027,4028,,,,,,,,,,,completed,
4444,4028,4029,,,,,,,,,,,completed,
4445,4029,4030,,,,,,,,,,,completed,
4446,4030,4031,,,,,,,,,,,completed,
4447,4031,4032,,,,,,,,,,,completed,
4448,4032,4033,,,,,,,,,,,completed,
4449,4033,4034,,,,,,,,,,,completed,
4451,4034,4036,,,,,,,,,,,completed,
4452,4036,4037,,,,,,,,,,,completed,
4453,4037,4038,,,,,,,,,,,completed,
4454,4038,4039,,,,,,,,,,,completed,
4456,4039,4041,,,,,,,,,,,completed,
4457,4041,4042,,,,,,,,,,,completed,
4459,4042,4043,,,,,,,,,,,completed,
4460,4043,4044,,,,,,,,,,,completed,
4462,4044,4045,,,,,,,,,,,completed,
4463,4045,4046,,,,,,,,,,,completed,
4464,4046,4047,,,,,,,,,,,completed,
4465,4047,4048,,,,,,,,,,,completed,
4466,4048,4049,,,,,,,,,,,completed,
4467,4049,4050,,,,,,,,,,,completed,
4470,4050,4051,,,,,,,,,,,completed,
4471,4051,4052,,,,,,,,,,,completed,
4472,4052,4053,,,,,,,,,,,completed,
4473,4053,4054,,,,,,,,,,,completed,
4474,4054,4055,,,,,,,,,,,completed,
4475,4055,4056,,,,,,,,,,,completed,
4476,4056,4057,,,,,,,,,,,completed,
4477,4057,4058,,,,,,,,,,,completed,
4478,4058,4059,,,,,,,,,,,completed,
4480,4059,4060,,,,,,,,,,,completed,
4483,4060,4062,,,,,,,,,,,completed,
4484,4062,4063,,,,,,,,,,,completed,
4487,4063,4064,,,,,,,,,,,completed,
4489,4064,4066,,,,,,,,,,,completed,
4490,4066,4067,,,,,,,,,,,completed,
4491,4067,4068,,,,,,,,,,,completed,
4492,4068,4069,,,,,,,,,,,completed,
4493,4069,4070,,,,,,,,,,,completed,
4494,4070,4071,,,,,,,,,,,completed,
4495,4071,4072,,,,,,,,,,,completed,
4496,4072,4073,,,,,,,,,,,completed,
4497,4073,4074,,,,,,,,,,,completed,
4498,4074,4075,,,,,,,,,,,completed,
4499,4075,4076,,,,,,,,,,,completed,
4500,4076,4077,,,,,,,,,,,completed,
4501,4077,4078,,,,,,,,,,,completed,
4502,4078,4079,,,,,,,,,,,completed,
4503,4079,4080,,,,,,,,,,,completed,
4504,4080,4081,,,,,,,,,,,completed,
4505,4081,4083,,,,,,,,,,,completed,
4506,4083,4085,,,,,,,,,,,completed,
4508,4085,4086,,,,,,,,,,,completed,
4509,4086,4087,,,,,,,,,,,completed,
4510,4087,4088,,,,,,,,,,,completed,
4512,4088,4089,,,,,,,,,,,completed,
4514,4089,4090,,,,,,,,,,,completed,
4515,4090,4091,,,,,,,,,,,completed,
4516,4091,4092,,,,,,,,,,,completed,
4517,4092,4093,,,,,,,,,,,completed,
4520,4093,4094,,,,,,,,,,,completed,
4521,4094,4095,,,,,,,,,,,completed,
4522,4095,4096,,,,,,,,,,,completed,
4523,4096,4097,,,,,,,,,,,completed,
4524,4097,4098,,,,,,,,,,,completed,
4526,4098,4099,,,,,,,,,,,completed,
4528,4099,4100,,,,,,,,,,,completed,
4530,4100,4101,,,,,,,,,,,completed,
4531,4101,4102,,,,,,,,,,,completed,
4532,4102,4103,,,,,,,,,,,completed,
4533,4103,4104,,,,,,,,,,,completed,
4535,4104,4105,,,,,,,,,,,completed,
4537,4105,4106,,,,,,,,,,,completed,
4541,4106,4108,,,,,,,,,,,completed,
4542,4108,4109,,,,,,,,,,,completed,
4543,4109,4110,,,,,,,,,,,completed,
4544,4110,4111,,,,,,,,,,,completed,
4547,4111,4112,,,,,,,,,,,completed,
4548,4112,4113,,,,,,,,,,,completed,
4549,4113,4114,,,,,,,,,,,completed,
4551,4114,4115,,,,,,,,,,,completed,
4552,4115,4116,,,,,,,,,,,completed,
4553,4116,4118,,,,,,,,,,,completed,
4554,4118,4119,,,,,,,,,,,completed,
4555,4119,4120,,,,,,,,,,,completed,
4557,4120,4122,,,,,,,,,,,completed,
4558,4122,4123,,,,,,,,,,,completed,
4560,4123,4124,,,,,,,,,,,completed,
4561,4124,4126,,,,,,,,,,,completed,
4562,4126,4127,,,,,,,,,,,completed,
4563,4127,4128,,,,,,,,,,,completed,
4564,4128,4129,,,,,,,,,,,completed,
4565,4129,4131,,,,,,,,,,,completed,
4566,4131,4132,,,,,,,,,,,completed,
4567,4132,4133,,,,,,,,,,,completed,
4569,4133,4134,,,,,,,,,,,completed,
4570,4134,4135,,,,,,,,,,,completed,
4571,4135,4138,,,,,,,,,,,completed,
4572,4138,4139,,,,,,,,,,,completed,
4573,4139,4140,,,,,,,,,,,completed,
4574,4140,4141,,,,,,,,,,,completed,
4575,4141,4142,,,,,,,,,,,completed,
4576,4142,4143,,,,,,,,,,,completed,
4578,4143,4144,,,,,,,,,,,completed,
4579,4144,4145,,,,,,,,,,,completed,
4581,4145,4148,,,,,,,,,,,completed,
4582,4148,4149,,,,,,,,,,,completed,
4583,4149,4150,,,,,,,,,,,completed,
4584,4150,4151,,,,,,,,,,,completed,
4585,4151,4152,,,,,,,,,,,completed,
4586,4152,4153,,,,,,,,,,,completed,
4587,4153,4154,,,,,,,,,,,completed,
4588,4154,4156,,,,,,,,,,,completed,
4589,4156,4157,,,,,,,,,,,completed,
4590,4157,4158,,,,,,,,,,,completed,
4591,4158,4159,,,,,,,,,,,completed,
4592,4159,4161,,,,,,,,,,,completed,
4593,4161,4162,,,,,,,,,,,completed,
4594,4162,4163,,,,,,,,,,,completed,
4596,4163,4164,,,,,,,,,,,completed,
4597,4164,4165,,,,,,,,,,,completed,
4598,4165,4166,,,,,,,,,,,completed,
4599,4166,4167,,,,,,,,,,,completed,
4600,4167,4168,,,,,,,,,,,completed,
4601,4168,4170,,,,,,,,,,,completed,
4604,4170,4172,,,,,,,,,,,completed,
4608,4172,4173,,,,,,,,,,,completed,
4609,4173,4174,,,,,,,,,,,completed,
4610,4174,4175,,,,,,,,,,,completed,
4611,4175,4176,,,,,,,,,,,completed,
4613,4176,4177,,,,,,,,,,,completed,
4614,4177,4178,,,,,,,,,,,completed,
4617,4178,4179,,,,,,,,,,,completed,
4619,4179,4180,,,,,,,,,,,completed,
4620,4180,4181,,,,,,,,,,,completed,
4621,4181,4183,,,,,,,,,,,completed,
4622,4183,4184,,,,,,,,,,,completed,
4623,4184,4185,,,,,,,,,,,completed,
4624,4185,4186,,,,,,,,,,,completed,
4625,4186,4188,,,,,,,,,,,completed,
4626,4188,4189,,,,,,,,,,,completed,
4627,4189,4190,,,,,,,,,,,completed,
4628,4190,4191,,,,,,,,,,,completed,
4629,4191,4194,,,,,,,,,,,completed,
4630,4194,4195,,,,,,,,,,,completed,
4632,4195,4197,,,,,,,,,,,completed,
4633,4197,4199,,,,,,,,,,,completed,
4634,4199,4200,,,,,,,,,,,completed,
4636,4200,4201,,,,,,,,,,,completed,
4637,4201,4202,,,,,,,,,,,completed,
4638,4202,4203,,,,,,,,,,,completed,
4639,4203,4205,,,,,,,,,,,completed,
4640,4205,4206,,,,,,,,,,,completed,
4641,4206,4207,,,,,,,,,,,completed,
4642,4207,4208,,,,,,,,,,,completed,
4643,4208,4209,,,,,,,,,,,completed,
4644,4209,4210,,,,,,,,,,,completed,
4645,4210,4211,,,,,,,,,,,completed,
4646,4211,4212,,,,,,,,,,,completed,
4648,4212,4213,,,,,,,,,,,completed,
4649,4213,4215,,,,,,,,,,,completed,
4650,4215,4216,,,,,,,,,,,completed,
4652,4216,4217,,,,,,,,,,,completed,
4653,4217,4218,,,,,,,,,,,completed,
4654,4218,4219,,,,,,,,,,,completed,
4655,4219,4220,,,,,,,,,,,completed,
4656,4220,4221,,,,,,,,,,,completed,
4657,4221,4222,,,,,,,,,,,completed,
4658,4222,4224,,,,,,,,,,,completed,
4659,4224,4225,,,,,,,,,,,completed,
4660,4225,4226,,,,,,,,,,,completed,
4661,4226,4227,,,,,,,,,,,completed,
4662,4227,4228,,,,,,,,,,,completed,
4663,4228,4229,,,,,,,,,,,completed,
4666,4229,4230,,,,,,,,,,,completed,
4668,4230,4231,,,,,,,,,,,completed,
4669,4231,4232,,,,,,,,,,,completed,
4670,4232,4233,,,,,,,,,,,completed,
4671,4233,4234,,,,,,,,,,,completed,
4672,4234,4235,,,,,,,,,,,completed,
4674,4235,4236,,,,,,,,,,,completed,
4675,4236,4237,,,,,,,,,,,completed,
4676,4237,4238,,,,,,,,,,,completed,
4677,4238,4239,,,,,,,,,,,completed,
4679,4239,4240,,,,,,,,,,,completed,
4680,4240,4241,,,,,,,,,,,completed,
4682,4241,4242,,,,,,,,,,,completed,
4683,4242,4243,,,,,,,,,,,completed,
4685,4243,4244,,,,,,,,,,,completed,
4686,4244,4245,,,,,,,,,,,completed,
4689,4245,4246,,,,,,,,,,,completed,
4691,4246,4247,,,,,,,,,,,completed,
4694,4247,4248,,,,,,,,,,,completed,
4697,4248,4249,,,,,,,,,,,completed,
4699,4249,4250,,,,,,,,,,,completed,
4700,4250,4252,,,,,,,,,,,completed,
4701,4252,4254,,,,,,,,,,,completed,
4702,4254,4255,,,,,,,,,,,completed,
4703,4255,4256,,,,,,,,,,,completed,
4704,4256,4257,,,,,,,,,,,completed,
4705,4257,4258,,,,,,,,,,,completed,
4706,4258,4259,,,,,,,,,,,completed,
4707,4259,4260,,,,,,,,,,,completed,
4708,4260,4261,,,,,,,,,,,completed,
4709,4261,4262,,,,,,,,,,,completed,
4711,4262,4263,,,,,,,,,,,completed,
4712,4263,4264,,,,,,,,,,,completed,
4713,4264,4265,,,,,,,,,,,completed,
4717,4265,4266,,,,,,,,,,,completed,
4719,4266,4267,,,,,,,,,,,completed,
4720,4267,4268,,,,,,,,,,,completed,
4721,4268,4269,,,,,,,,,,,completed,
4722,4269,4270,,,,,,,,,,,completed,
4723,4270,4271,,,,,,,,,,,completed,
4724,4271,4272,,,,,,,,,,,completed,
4725,4272,4273,,,,,,,,,,,completed,
4727,4273,4274,,,,,,,,,,,completed,
4728,4274,4275,,,,,,,,,,,completed,
4729,4275,4276,,,,,,,,,,,completed,
4730,4276,4278,,,,,,,,,,,completed,
4731,4278,4279,,,,,,,,,,,completed,
4732,4279,4280,,,,,,,,,,,completed,
4733,4280,4281,,,,,,,,,,,completed,
4734,4281,4282,,,,,,,,,,,completed,
4735,4282,4283,,,,,,,,,,,completed,
4736,4283,4284,,,,,,,,,,,completed,
4738,4284,4285,,,,,,,,,,,completed,
4739,4285,4286,,,,,,,,,,,completed,
4740,4286,4287,,,,,,,,,,,completed,
4741,4287,4288,,,,,,,,,,,completed,
4742,4288,4289,,,,,,,,,,,completed,
4743,4289,4290,,,,,,,,,,,completed,
4744,4290,4291,,,,,,,,,,,completed,
4745,4291,4292,,,,,,,,,,,completed,
4746,4292,4293,,,,,,,,,,,completed,
4748,4293,4294,,,,,,,,,,,completed,
4749,4294,4295,,,,,,,,,,,completed,
4750,4295,4297,,,,,,,,,,,completed,
4752,4297,4298,,,,,,,,,,,completed,
4754,4298,4299,,,,,,,,,,,completed,
4755,4299,4300,,,,,,,,,,,completed,
4756,4300,4301,,,,,,,,,,,completed,
4757,4301,4302,,,,,,,,,,,completed,
4758,4302,4304,,,,,,,,,,,completed,
4759,4304,4305,,,,,,,,,,,completed,
4762,4305,4306,,,,,,,,,,,completed,
4764,4306,4307,,,,,,,,,,,completed,
4765,4307,4308,,,,,,,,,,,completed,
4769,4308,4309,,,,,,,,,,,completed,
4771,4309,4310,,,,,,,,,,,completed,
4772,4310,4311,,,,,,,,,,,completed,
4774,4311,4312,,,,,,,,,,,completed,
4775,4312,4313,,,,,,,,,,,completed,
4776,4313,4314,,,,,,,,,,,completed,
4777,4314,4315,,,,,,,,,,,completed,
4778,4315,4316,,,,,,,,,,,completed,
4779,4316,4317,,,,,,,,,,,completed,
4781,4317,4318,,,,,,,,,,,completed,
4783,4318,4319,,,,,,,,,,,completed,
4784,4319,4320,,,,,,,,,,,completed,
4786,4320,4321,,,,,,,,,,,completed,
4787,4321,4322,,,,,,,,,,,completed,
4788,4322,4324,,,,,,,,,,,completed,
4789,4324,4325,,,,,,,,,,,completed,
4790,4325,4326,,,,,,,,,,,completed,
4791,4326,4328,,,,,,,,,,,completed,
4792,4328,4329,,,,,,,,,,,completed,
4793,4329,4330,,,,,,,,,,,completed,
4794,4330,4331,,,,,,,,,,,completed,
4795,4331,4332,,,,,,,,,,,completed,
4796,4332,4333,,,,,,,,,,,completed,
4797,4333,4334,,,,,,,,,,,completed,
4798,4334,4335,,,,,,,,,,,completed,
4799,4335,4336,,,,,,,,,,,completed,
4800,4336,4337,,,,,,,,,,,completed,
4801,4337,4338,,,,,,,,,,,completed,
4802,4338,4339,,,,,,,,,,,completed,
4804,4339,4340,,,,,,,,,,,completed,
4805,4340,4341,,,,,,,,,,,completed,
4808,4341,4343,,,,,,,,,,,completed,
4809,4343,4344,,,,,,,,,,,completed,
4810,4344,4345,,,,,,,,,,,completed,
4813,4345,4346,,,,,,,,,,,completed,
4814,4346,4347,,,,,,,,,,,completed,
4815,4347,4348,,,,,,,,,,,completed,
4816,4348,4349,,,,,,,,,,,completed,
4817,4349,4350,,,,,,,,,,,completed,
4818,4350,4351,,,,,,,,,,,completed,
4819,4351,4352,,,,,,,,,,,completed,
4821,4352,4353,,,,,,,,,,,completed,
4822,4353,4355,,,,,,,,,,,completed,
4823,4355,4356,,,,,,,,,,,completed,
4824,4356,4357,,,,,,,,,,,completed,
4825,4357,4358,,,,,,,,,,,completed,
4826,4358,4359,,,,,,,,,,,completed,
4827,4359,4360,,,,,,,,,,,completed,
4828,4360,4361,,,,,,,,,,,completed,
4830,4361,4362,,,,,,,,,,,completed,
4831,4362,4363,,,,,,,,,,,completed,
4832,4363,4364,,,,,,,,,,,completed,
4833,4364,4365,,,,,,,,,,,completed,
4834,4365,4366,,,,,,,,,,,completed,
4836,4366,4367,,,,,,,,,,,completed,
4838,4367,4368,,,,,,,,,,,completed,
4841,4368,4369,,,,,,,,,,,completed,
4842,4369,4370,,,,,,,,,,,completed,
4843,4370,4371,,,,,,,,,,,completed,
4845,4371,4372,,,,,,,,,,,completed,
4846,4372,4373,,,,,,,,,,,completed,
4847,4373,4374,,,,,,,,,,,completed,
4848,4374,4376,,,,,,,,,,,completed,
4849,4376,4377,,,,,,,,,,,completed,
4852,4377,4378,,,,,,,,,,,completed,
4853,4378,4379,,,,,,,,,,,completed,
4855,4379,4380,,,,,,,,,,,completed,
4856,4380,4381,,,,,,,,,,,completed,
4858,4381,4383,,,,,,,,,,,completed,
4859,4383,4385,,,,,,,,,,,completed,
4860,4385,4386,,,,,,,,,,,completed,
4861,4386,4387,,,,,,,,,,,completed,
4862,4387,4388,,,,,,,,,,,completed,
4863,4388,4390,,,,,,,,,,,completed,
4864,4390,4391,,,,,,,,,,,completed,
4867,4391,4392,,,,,,,,,,,completed,
4869,4392,4394,,,,,,,,,,,completed,
4872,4394,4395,,,,,,,,,,,completed,
4873,4395,4396,,,,,,,,,,,completed,
4874,4396,4397,,,,,,,,,,,completed,
4875,4397,4398,,,,,,,,,,,completed,
4876,4398,4399,,,,,,,,,,,completed,
4877,4399,4400,,,,,,,,,,,completed,
4878,4400,4401,,,,,,,,,,,completed,
4879,4401,4402,,,,,,,,,,,completed,
4880,4402,4403,,,,,,,,,,,completed,
4882,4403,4404,,,,,,,,,,,completed,
4884,4404,4405,,,,,,,,,,,completed,
4885,4405,4406,,,,,,,,,,,completed,
4886,4406,4407,,,,,,,,,,,completed,
4887,4407,4408,,,,,,,,,,,completed,
4888,4408,4409,,,,,,,,,,,completed,
4889,4409,4410,,,,,,,,,,,completed,
4892,4410,4411,,,,,,,,,,,completed,
4893,4411,4412,,,,,,,,,,,completed,
4894,4412,4413,,,,,,,,,,,completed,
4895,4413,4414,,,,,,,,,,,completed,
4896,4414,4415,,,,,,,,,,,completed,
4897,4415,4416,,,,,,,,,,,completed,
4898,4416,4417,,,,,,,,,,,completed,
4899,4417,4418,,,,,,,,,,,completed,
4900,4418,4419,,,,,,,,,,,completed,
4901,4419,4420,,,,,,,,,,,completed,
4902,4420,4421,,,,,,,,,,,completed,
4903,4421,4422,,,,,,,,,,,completed,
4904,4422,4423,,,,,,,,,,,completed,
4905,4423,4424,,,,,,,,,,,completed,
4906,4424,4425,,,,,,,,,,,completed,
4907,4425,4426,,,,,,,,,,,completed,
4908,4426,4427,,,,,,,,,,,completed,
4909,4427,4429,,,,,,,,,,,completed,
4910,4429,4430,,,,,,,,,,,completed,
4911,4430,4431,,,,,,,,,,,completed,
4912,4431,4432,,,,,,,,,,,completed,
4913,4432,4433,,,,,,,,,,,completed,
4914,4433,4434,,,,,,,,,,,completed,
4916,4434,4435,,,,,,,,,,,completed,
4917,4435,4436,,,,,,,,,,,completed,
4918,4436,4438,,,,,,,,,,,completed,
4919,4438,4439,,,,,,,,,,,completed,
4920,4439,4440,,,,,,,,,,,completed,
4922,4440,4441,,,,,,,,,,,completed,
4923,4441,4442,,,,,,,,,,,completed,
4924,4442,4443,,,,,,,,,,,completed,
4925,4443,4445,,,,,,,,,,,completed,
4927,4445,4446,,,,,,,,,,,completed,
4928,4446,4447,,,,,,,,,,,completed,
4929,4447,4448,,,,,,,,,,,completed,
4932,4448,4449,,,,,,,,,,,completed,
4933,4449,4450,,,,,,,,,,,completed,
4934,4450,4451,,,,,,,,,,,completed,
4935,4451,4453,,,,,,,,,,,completed,
4936,4453,4454,,,,,,,,,,,completed,
4937,4454,4455,,,,,,,,,,,completed,
4938,4455,4456,,,,,,,,,,,completed,
4939,4456,4458,,,,,,,,,,,completed,
4940,4458,4459,,,,,,,,,,,completed,
4941,4459,4460,,,,,,,,,,,completed,
4942,4460,4461,,,,,,,,,,,completed,
4943,4461,4462,,,,,,,,,,,completed,
4944,4462,4464,,,,,,,,,,,completed,
4945,4464,4465,,,,,,,,,,,completed,
4946,4465,4466,,,,,,,,,,,completed,
4947,4466,4467,,,,,,,,,,,completed,
4950,4467,4468,,,,,,,,,,,completed,
4951,4468,4469,,,,,,,,,,,completed,
4952,4469,4470,,,,,,,,,,,completed,
4953,4470,4471,,,,,,,,,,,completed,
4954,4471,4472,,,,,,,,,,,completed,
4955,4472,4473,,,,,,,,,,,completed,
4956,4473,4475,,,,,,,,,,,completed,
4958,4475,4476,,,,,,,,,,,completed,
4959,4476,4477,,,,,,,,,,,completed,
4960,4477,4478,,,,,,,,,,,completed,
4961,4478,4479,,,,,,,,,,,completed,
4962,4479,4481,,,,,,,,,,,completed,
4963,4481,4482,,,,,,,,,,,completed,
4964,4482,4483,,,,,,,,,,,completed,
4965,4483,4484,,,,,,,,,,,completed,
4966,4484,4485,,,,,,,,,,,completed,
4967,4485,4486,,,,,,,,,,,completed,
4968,4486,4487,,,,,,,,,,,completed,
4969,4487,4488,,,,,,,,,,,completed,
4970,4488,4489,,,,,,,,,,,completed,
4971,4489,4490,,,,,,,,,,,completed,
4972,4490,4491,,,,,,,,,,,completed,
4974,4491,4492,,,,,,,,,,,completed,
4975,4492,4493,,,,,,,,,,,completed,
4976,4493,4494,,,,,,,,,,,completed,
4978,4494,4495,,,,,,,,,,,completed,
4979,4495,4496,,,,,,,,,,,completed,
4980,4496,4497,,,,,,,,,,,completed,
4981,4497,4498,,,,,,,,,,,completed,
4983,4498,4499,,,,,,,,,,,completed,
4984,4499,4500,,,,,,,,,,,completed,
4985,4500,4501,,,,,,,,,,,completed,
4989,4501,4502,,,,,,,,,,,completed,
4990,4502,4503,,,,,,,,,,,completed,
4991,4503,4506,,,,,,,,,,,completed,
4992,4506,4507,,,,,,,,,,,completed,
4993,4507,4508,,,,,,,,,,,completed,
4994,4508,4509,,,,,,,,,,,completed,
4995,4509,4510,,,,,,,,,,,completed,
4996,4510,4511,,,,,,,,,,,completed,
4997,4511,4512,,,,,,,,,,,completed,
4998,4512,4514,,,,,,,,,,,completed,
4999,4514,4515,,,,,,,,,,,completed,
5000,4515,4516,,,,,,,,,,,completed,
5001,4516,4517,,,,,,,,,,,completed,
5003,4517,4519,,,,,,,,,,,completed,
5004,4519,4520,,,,,,,,,,,completed,
5005,4520,4521,,,,,,,,,,,completed,
5006,4521,4522,,,,,,,,,,,completed,
5007,4522,4523,,,,,,,,,,,completed,
5009,4523,4524,,,,,,,,,,,completed,
5010,4524,4525,,,,,,,,,,,completed,
5011,4525,4527,,,,,,,,,,,completed,
5012,4527,4528,,,,,,,,,,,completed,
5013,4528,4529,,,,,,,,,,,completed,
5014,4529,4530,,,,,,,,,,,completed,
5016,4530,4531,,,,,,,,,,,completed,
5018,4531,4532,,,,,,,,,,,completed,
5019,4532,4533,,,,,,,,,,,completed,
5020,4533,4534,,,,,,,,,,,completed,
5022,4534,4535,,,,,,,,,,,completed,
5023,4535,4536,,,,,,,,,,,completed,
5026,4536,4538,,,,,,,,,,,completed,
5027,4538,4539,,,,,,,,,,,completed,
5028,4539,4540,,,,,,,,,,,completed,
5029,4540,4541,,,,,,,,,,,completed,
5030,4541,4542,,,,,,,,,,,completed,
5031,4542,4543,,,,,,,,,,,completed,
5032,4543,4544,,,,,,,,,,,completed,
5033,4544,4545,,,,,,,,,,,completed,
5034,4545,4546,,,,,,,,,,,completed,
5035,4546,4548,,,,,,,,,,,completed,
5036,4548,4549,,,,,,,,,,,completed,
5038,4549,4550,,,,,,,,,,,completed,
5039,4550,4551,,,,,,,,,,,completed,
5040,4551,4552,,,,,,,,,,,completed,
5041,4552,4553,,,,,,,,,,,completed,
5042,4553,4554,,,,,,,,,,,completed,
5043,4554,4555,,,,,,,,,,,completed,
5044,4555,4556,,,,,,,,,,,completed,
5045,4556,4557,,,,,,,,,,,completed,
5046,4557,4558,,,,,,,,,,,completed,
5047,4558,4561,,,,,,,,,,,completed,
5048,4561,4562,,,,,,,,,,,completed,
5049,4562,4563,,,,,,,,,,,completed,
5050,4563,4564,,,,,,,,,,,completed,
5051,4564,4565,,,,,,,,,,,completed,
5056,4565,4566,,,,,,,,,,,completed,
5057,4566,4567,,,,,,,,,,,completed,
5058,4567,4568,,,,,,,,,,,completed,
5061,4568,4569,,,,,,,,,,,completed,
5062,4569,4570,,,,,,,,,,,completed,
5063,4570,4571,,,,,,,,,,,completed,
5064,4571,4572,,,,,,,,,,,completed,
5065,4572,4573,,,,,,,,,,,completed,
5066,4573,4574,,,,,,,,,,,completed,
5067,4574,4575,,,,,,,,,,,completed,
5068,4575,4576,,,,,,,,,,,completed,
5070,4576,4577,,,,,,,,,,,completed,
5071,4577,4578,,,,,,,,,,,completed,
5073,4578,4580,,,,,,,,,,,completed,
5074,4580,4581,,,,,,,,,,,completed,
5075,4581,4582,,,,,,,,,,,completed,
5076,4582,4583,,,,,,,,,,,completed,
5077,4583,4585,,,,,,,,,,,completed,
5079,4585,4586,,,,,,,,,,,completed,
5080,4586,4587,,,,,,,,,,,completed,
5081,4587,4588,,,,,,,,,,,completed,
5082,4588,4589,,,,,,,,,,,completed,
5083,4589,4590,,,,,,,,,,,completed,
5084,4590,4591,,,,,,,,,,,completed,
5085,4591,4592,,,,,,,,,,,completed,
5086,4592,4593,,,,,,,,,,,completed,
5087,4593,4594,,,,,,,,,,,completed,
5088,4594,4595,,,,,,,,,,,completed,
5089,4595,4596,,,,,,,,,,,completed,
5090,4596,4597,,,,,,,,,,,completed,
5091,4597,4598,,,,,,,,,,,completed,
5092,4598,4599,,,,,,,,,,,completed,
5094,4599,4600,,,,,,,,,,,completed,
5095,4600,4602,,,,,,,,,,,completed,
5097,4602,4603,,,,,,,,,,,completed,
5098,4603,4604,,,,,,,,,,,completed,
5100,4604,4605,,,,,,,,,,,completed,
5102,4605,4606,,,,,,,,,,,completed,
5103,4606,4607,,,,,,,,,,,completed,
5106,4607,4608,,,,,,,,,,,completed,
5107,4608,4609,,,,,,,,,,,completed,
5108,4609,4610,,,,,,,,,,,completed,
5109,4610,4611,,,,,,,,,,,completed,
5110,4611,4612,,,,,,,,,,,completed,
5111,4612,4613,,,,,,,,,,,completed,
5114,4613,4614,,,,,,,,,,,completed,
5115,4614,4615,,,,,,,,,,,completed,
5116,4615,4616,,,,,,,,,,,completed,
5117,4616,4617,,,,,,,,,,,completed,
5118,4617,4618,,,,,,,,,,,completed,
5119,4618,4619,,,,,,,,,,,completed,
5120,4619,4620,,,,,,,,,,,completed,
5121,4620,4621,,,,,,,,,,,completed,
5122,4621,4622,,,,,,,,,,,completed,
5123,4622,4623,,,,,,,,,,,completed,
5125,4623,4624,,,,,,,,,,,completed,
5126,4624,4625,,,,,,,,,,,completed,
5127,4625,4626,,,,,,,,,,,completed,
5128,4626,4627,,,,,,,,,,,completed,
5129,4627,4628,,,,,,,,,,,completed,
5130,4628,4630,,,,,,,,,,,completed,
5133,4630,4631,,,,,,,,,,,completed,
5134,4631,4632,,,,,,,,,,,completed,
5135,4632,4633,,,,,,,,,,,completed,
5137,4633,4634,,,,,,,,,,,completed,
5138,4634,4635,,,,,,,,,,,completed,
5139,4635,4637,,,,,,,,,,,completed,
5140,4637,4638,,,,,,,,,,,completed,
5141,4638,4639,,,,,,,,,,,completed,
5144,4639,4640,,,,,,,,,,,completed,
5145,4640,4641,,,,,,,,,,,completed,
5146,4641,4642,,,,,,,,,,,completed,
5147,4642,4643,,,,,,,,,,,completed,
5151,4643,4644,,,,,,,,,,,completed,
5152,4644,4645,,,,,,,,,,,completed,
5153,4645,4646,,,,,,,,,,,completed,
5156,4646,4647,,,,,,,,,,,completed,
5161,4647,4648,,,,,,,,,,,completed,
5162,4648,4649,,,,,,,,,,,completed,
5163,4649,4650,,,,,,,,,,,completed,
5164,4650,4651,,,,,,,,,,,completed,
5165,4651,4652,,,,,,,,,,,completed,
5166,4652,4653,,,,,,,,,,,completed,
5168,4653,4654,,,,,,,,,,,completed,
5169,4654,4655,,,,,,,,,,,completed,
5170,4655,4656,,,,,,,,,,,completed,
5171,4656,4657,,,,,,,,,,,completed,
5172,4657,4658,,,,,,,,,,,completed,
5173,4658,4659,,,,,,,,,,,completed,
5175,4659,4660,,,,,,,,,,,completed,
5176,4660,4661,,,,,,,,,,,completed,
5177,4661,4662,,,,,,,,,,,completed,
5178,4662,4663,,,,,,,,,,,completed,
5179,4663,4664,,,,,,,,,,,completed,
5180,4664,4665,,,,,,,,,,,completed,
5181,4665,4666,,,,,,,,,,,completed,
5182,4666,4667,,,,,,,,,,,completed,
5183,4667,4669,,,,,,,,,,,completed,
5184,4669,4670,,,,,,,,,,,completed,
5185,4670,4672,,,,,,,,,,,completed,
5186,4672,4673,,,,,,,,,,,completed,
5187,4673,4674,,,,,,,,,,,completed,
5188,4674,4675,,,,,,,,,,,completed,
5189,4675,4676,,,,,,,,,,,completed,
5190,4676,4677,,,,,,,,,,,completed,
5192,4677,4678,,,,,,,,,,,completed,
5193,4678,4679,,,,,,,,,,,completed,
5195,4679,4680,,,,,,,,,,,completed,
5196,4680,4681,,,,,,,,,,,completed,
5197,4681,4682,,,,,,,,,,,completed,
5199,4682,4686,,,,,,,,,,,completed,
5201,4686,4687,,,,,,,,,,,completed,
5205,4687,4690,,,,,,,,,,,completed,
5206,4690,4691,,,,,,,,,,,completed,
5207,4691,4692,,,,,,,,,,,completed,
5209,4692,4693,,,,,,,,,,,completed,
5210,4693,4694,,,,,,,,,,,completed,
5212,4694,4695,,,,,,,,,,,completed,
5213,4695,4696,,,,,,,,,,,completed,
5214,4696,4697,,,,,,,,,,,completed,
5215,4697,4698,,,,,,,,,,,completed,
5216,4698,4699,,,,,,,,,,,completed,
5218,4699,4700,,,,,,,,,,,completed,
5219,4700,4701,,,,,,,,,,,completed,
5220,4701,4702,,,,,,,,,,,completed,
5225,4702,4703,,,,,,,,,,,completed,
5226,4703,4705,,,,,,,,,,,completed,
5227,4705,4706,,,,,,,,,,,completed,
5228,4706,4707,,,,,,,,,,,completed,
5229,4707,4708,,,,,,,,,,,completed,
5230,4708,4709,,,,,,,,,,,completed,
5231,4709,4711,,,,,,,,,,,completed,
5232,4711,4712,,,,,,,,,,,completed,
5233,4712,4714,,,,,,,,,,,completed,
5234,4714,4715,,,,,,,,,,,completed,
5235,4715,4716,,,,,,,,,,,completed,
5236,4716,4717,,,,,,,,,,,completed,
5238,4717,4718,,,,,,,,,,,completed,
5239,4718,4719,,,,,,,,,,,completed,
5240,4719,4720,,,,,,,,,,,completed,
5241,4720,4721,,,,,,,,,,,completed,
5242,4721,4722,,,,,,,,,,,completed,
5243,4722,4723,,,,,,,,,,,completed,
5244,4723,4724,,,,,,,,,,,completed,
5245,4724,4725,,,,,,,,,,,completed,
5247,4725,4726,,,,,,,,,,,completed,
5248,4726,4727,,,,,,,,,,,completed,
5249,4727,4728,,,,,,,,,,,completed,
5251,4728,4729,,,,,,,,,,,completed,
5252,4729,4730,,,,,,,,,,,completed,
5253,4730,4731,,,,,,,,,,,completed,
5254,4731,4732,,,,,,,,,,,completed,
5256,4732,4733,,,,,,,,,,,completed,
5257,4733,4734,,,,,,,,,,,completed,
5258,4734,4735,,,,,,,,,,,completed,
5259,4735,4736,,,,,,,,,,,completed,
5261,4736,4737,,,,,,,,,,,completed,
5263,4737,4738,,,,,,,,,,,completed,
5264,4738,4739,,,,,,,,,,,completed,
5265,4739,4740,,,,,,,,,,,completed,
5266,4740,4741,,,,,,,,,,,completed,
5267,4741,4742,,,,,,,,,,,completed,
5268,4742,4743,,,,,,,,,,,completed,
5269,4743,4744,,,,,,,,,,,completed,
5270,4744,4745,,,,,,,,,,,completed,
5273,4745,4746,,,,,,,,,,,completed,
5274,4746,4747,,,,,,,,,,,completed,
5276,4747,4748,,,,,,,,,,,completed,
5278,4748,4749,,,,,,,,,,,completed,
5279,4749,4750,,,,,,,,,,,completed,
5280,4750,4751,,,,,,,,,,,completed,
5281,4751,4752,,,,,,,,,,,completed,
5282,4752,4753,,,,,,,,,,,completed,
5283,4753,4754,,,,,,,,,,,completed,
5284,4754,4755,,,,,,,,,,,completed,
5285,4755,4756,,,,,,,,,,,completed,
5286,4756,4757,,,,,,,,,,,completed,
5287,4757,4758,,,,,,,,,,,completed,
5288,4758,4759,,,,,,,,,,,completed,
5289,4759,4760,,,,,,,,,,,completed,
5290,4760,4761,,,,,,,,,,,completed,
5291,4761,4762,,,,,,,,,,,completed,
5292,4762,4763,,,,,,,,,,,completed,
5294,4763,4764,,,,,,,,,,,completed,
5295,4764,4765,,,,,,,,,,,completed,
5296,4765,4766,,,,,,,,,,,completed,
5297,4766,4767,,,,,,,,,,,completed,
5298,4767,4768,,,,,,,,,,,completed,
5299,4768,4770,,,,,,,,,,,completed,
5300,4770,4771,,,,,,,,,,,completed,
5301,4771,4772,,,,,,,,,,,completed,
5303,4772,4773,,,,,,,,,,,completed,
5304,4773,4774,,,,,,,,,,,completed,
5305,4774,4775,,,,,,,,,,,completed,
5306,4775,4776,,,,,,,,,,,completed,
5307,4776,4777,,,,,,,,,,,completed,
5308,4777,4778,,,,,,,,,,,completed,
5309,4778,4779,,,,,,,,,,,completed,
5310,4779,4780,,,,,,,,,,,completed,
5311,4780,4781,,,,,,,,,,,completed,
5313,4781,4782,,,,,,,,,,,completed,
5314,4782,4784,,,,,,,,,,,completed,
5315,4784,4785,,,,,,,,,,,completed,
5316,4785,4786,,,,,,,,,,,completed,
5317,4786,4787,,,,,,,,,,,completed,
5318,4787,4788,,,,,,,,,,,completed,
5319,4788,4789,,,,,,,,,,,completed,
5320,4789,4790,,,,,,,,,,,completed,
5321,4790,4791,,,,,,,,,,,completed,
5322,4791,4792,,,,,,,,,,,completed,
5323,4792,4793,,,,,,,,,,,completed,
5324,4793,4794,,,,,,,,,,,completed,
5325,4794,4795,,,,,,,,,,,completed,
5326,4795,4796,,,,,,,,,,,completed,
5327,4796,4797,,,,,,,,,,,completed,
5328,4797,4798,,,,,,,,,,,completed,
5329,4798,4799,,,,,,,,,,,completed,
5330,4799,4800,,,,,,,,,,,completed,
5331,4800,4801,,,,,,,,,,,completed,
5332,4801,4802,,,,,,,,,,,completed,
5333,4802,4803,,,,,,,,,,,completed,
5334,4803,4804,,,,,,,,,,,completed,
5335,4804,4805,,,,,,,,,,,completed,
5336,4805,4806,,,,,,,,,,,completed,
5338,4806,4807,,,,,,,,,,,completed,
5339,4807,4808,,,,,,,,,,,completed,
5341,4808,4809,,,,,,,,,,,completed,
5342,4809,4810,,,,,,,,,,,completed,
5343,4810,4811,,,,,,,,,,,completed,
5344,4811,4812,,,,,,,,,,,completed,
5345,4812,4813,,,,,,,,,,,completed,
5346,4813,4814,,,,,,,,,,,completed,
5348,4814,4815,,,,,,,,,,,completed,
5349,4815,4816,,,,,,,,,,,completed,
5351,4816,4817,,,,,,,,,,,completed,
5353,4817,4818,,,,,,,,,,,completed,
5354,4818,4820,,,,,,,,,,,completed,
5355,4820,4821,,,,,,,,,,,completed,
5356,4821,4822,,,,,,,,,,,completed,
5357,4822,4824,,,,,,,,,,,completed,
5358,4824,4825,,,,,,,,,,,completed,
5359,4825,4826,,,,,,,,,,,completed,
5360,4826,4827,,,,,,,,,,,completed,
5361,4827,4828,,,,,,,,,,,completed,
5362,4828,4829,,,,,,,,,,,completed,
5363,4829,4830,,,,,,,,,,,completed,
5364,4830,4831,,,,,,,,,,,completed,
5365,4831,4832,,,,,,,,,,,completed,
5367,4832,4833,,,,,,,,,,,completed,
5368,4833,4834,,,,,,,,,,,completed,
5369,4834,4835,,,,,,,,,,,completed,
5371,4835,4836,,,,,,,,,,,completed,
5373,4836,4837,,,,,,,,,,,completed,
5374,4837,4838,,,,,,,,,,,completed,
5375,4838,4839,,,,,,,,,,,completed,
5376,4839,4840,,,,,,,,,,,completed,
5377,4840,4841,,,,,,,,,,,completed,
5378,4841,4842,,,,,,,,,,,completed,
5379,4842,4843,,,,,,,,,,,completed,
5380,4843,4844,,,,,,,,,,,completed,
5382,4844,4845,,,,,,,,,,,completed,
5383,4845,4846,,,,,,,,,,,completed,
5384,4846,4847,,,,,,,,,,,completed,
5385,4847,4848,,,,,,,,,,,completed,
5386,4848,4850,,,,,,,,,,,completed,
5387,4850,4851,,,,,,,,,,,completed,
5388,4851,4852,,,,,,,,,,,completed,
5392,4852,4853,,,,,,,,,,,completed,
5394,4853,4854,,,,,,,,,,,completed,
5395,4854,4855,,,,,,,,,,,completed,
5398,4855,4856,,,,,,,,,,,completed,
5400,4856,4857,,,,,,,,,,,completed,
5401,4857,4858,,,,,,,,,,,completed,
5403,4858,4859,,,,,,,,,,,completed,
5404,4859,4860,,,,,,,,,,,completed,
5405,4860,4861,,,,,,,,,,,completed,
5406,4861,4862,,,,,,,,,,,completed,
5407,4862,4863,,,,,,,,,,,completed,
5408,4863,4864,,,,,,,,,,,completed,
5409,4864,4865,,,,,,,,,,,completed,
5411,4865,4866,,,,,,,,,,,completed,
5412,4866,4867,,,,,,,,,,,completed,
5414,4867,4868,,,,,,,,,,,completed,
5415,4868,4869,,,,,,,,,,,completed,
5416,4869,4870,,,,,,,,,,,completed,
5417,4870,4871,,,,,,,,,,,completed,
5418,4871,4872,,,,,,,,,,,completed,
5420,4872,4873,,,,,,,,,,,completed,
5421,4873,4875,,,,,,,,,,,completed,
5422,4875,4876,,,,,,,,,,,completed,
5423,4876,4877,,,,,,,,,,,completed,
5424,4877,4878,,,,,,,,,,,completed,
5425,4878,4880,,,,,,,,,,,completed,
5427,4880,4881,,,,,,,,,,,completed,
5429,4881,4882,,,,,,,,,,,completed,
5430,4882,4883,,,,,,,,,,,completed,
5432,4883,4884,,,,,,,,,,,completed,
5433,4884,4885,,,,,,,,,,,completed,
5434,4885,4886,,,,,,,,,,,completed,
5435,4886,4888,,,,,,,,,,,completed,
5436,4888,4889,,,,,,,,,,,completed,
5437,4889,4890,,,,,,,,,,,completed,
5438,4890,4891,,,,,,,,,,,completed,
5439,4891,4892,,,,,,,,,,,completed,
5440,4892,4893,,,,,,,,,,,completed,
5442,4893,4894,,,,,,,,,,,completed,
5443,4894,4895,,,,,,,,,,,completed,
5444,4895,4896,,,,,,,,,,,completed,
5445,4896,4897,,,,,,,,,,,completed,
5446,4897,4898,,,,,,,,,,,completed,
5447,4898,4899,,,,,,,,,,,completed,
5448,4899,4900,,,,,,,,,,,completed,
5450,4900,4901,,,,,,,,,,,completed,
5451,4901,4902,,,,,,,,,,,completed,
5454,4902,4903,,,,,,,,,,,completed,
5455,4903,4905,,,,,,,,,,,completed,
5456,4905,4906,,,,,,,,,,,completed,
5457,4906,4907,,,,,,,,,,,completed,
5458,4907,4908,,,,,,,,,,,completed,
5462,4908,4909,,,,,,,,,,,completed,
5463,4909,4910,,,,,,,,,,,completed,
5464,4910,4911,,,,,,,,,,,completed,
5465,4911,4912,,,,,,,,,,,completed,
5466,4912,4913,,,,,,,,,,,completed,
5467,4913,4914,,,,,,,,,,,completed,
5468,4914,4915,,,,,,,,,,,completed,
5469,4915,4916,,,,,,,,,,,completed,
5470,4916,4917,,,,,,,,,,,completed,
5472,4917,4919,,,,,,,,,,,completed,
5473,4919,4920,,,,,,,,,,,completed,
5474,4920,4921,,,,,,,,,,,completed,
5475,4921,4922,,,,,,,,,,,completed,
5476,4922,4923,,,,,,,,,,,completed,
5477,4923,4924,,,,,,,,,,,completed,
5479,4924,4925,,,,,,,,,,,completed,
5481,4925,4926,,,,,,,,,,,completed,
5483,4926,4927,,,,,,,,,,,completed,
5484,4927,4928,,,,,,,,,,,completed,
5485,4928,4929,,,,,,,,,,,completed,
5487,4929,4930,,,,,,,,,,,completed,
5488,4930,4931,,,,,,,,,,,completed,
5491,4931,4933,,,,,,,,,,,completed,
5493,4933,4934,,,,,,,,,,,completed,
5494,4934,4935,,,,,,,,,,,completed,
5495,4935,4937,,,,,,,,,,,completed,
5496,4937,4938,,,,,,,,,,,completed,
5497,4938,4939,,,,,,,,,,,completed,
5498,4939,4940,,,,,,,,,,,completed,
5499,4940,4942,,,,,,,,,,,completed,
5501,4942,4943,,,,,,,,,,,completed,
5502,4943,4944,,,,,,,,,,,completed,
5504,4944,4945,,,,,,,,,,,completed,
5505,4945,4946,,,,,,,,,,,completed,
5506,4946,4947,,,,,,,,,,,completed,
5507,4947,4949,,,,,,,,,,,completed,
5508,4949,4951,,,,,,,,,,,completed,
5510,4951,4952,,,,,,,,,,,completed,
5511,4952,4953,,,,,,,,,,,completed,
5512,4953,4954,,,,,,,,,,,completed,
5513,4954,4955,,,,,,,,,,,completed,
5514,4955,4957,,,,,,,,,,,completed,
5515,4957,4959,,,,,,,,,,,completed,
5516,4959,4960,,,,,,,,,,,completed,
5517,4960,4961,,,,,,,,,,,completed,
5518,4961,4963,,,,,,,,,,,completed,
5519,4963,4964,,,,,,,,,,,completed,
5520,4964,4965,,,,,,,,,,,completed,
5521,4965,4966,,,,,,,,,,,completed,
5522,4966,4967,,,,,,,,,,,completed,
5523,4967,4968,,,,,,,,,,,completed,
5525,4968,4969,,,,,,,,,,,completed,
5526,4969,4970,,,,,,,,,,,completed,
5527,4970,4971,,,,,,,,,,,completed,
5528,4971,4972,,,,,,,,,,,completed,
5529,4972,4973,,,,,,,,,,,completed,
5530,4973,4974,,,,,,,,,,,completed,
5532,4974,4975,,,,,,,,,,,completed,
5533,4975,4976,,,,,,,,,,,completed,
5535,4976,4977,,,,,,,,,,,completed,
5537,4977,4978,,,,,,,,,,,completed,
5538,4978,4979,,,,,,,,,,,completed,
5539,4979,4980,,,,,,,,,,,completed,
5540,4980,4981,,,,,,,,,,,completed,
5541,4981,4982,,,,,,,,,,,completed,
5542,4982,4983,,,,,,,,,,,completed,
5545,4983,4984,,,,,,,,,,,completed,
5547,4984,4985,,,,,,,,,,,completed,
5548,4985,4986,,,,,,,,,,,completed,
5550,4986,4987,,,,,,,,,,,completed,
5552,4987,4988,,,,,,,,,,,completed,
5555,4988,4989,,,,,,,,,,,completed,
5556,4989,4990,,,,,,,,,,,completed,
5557,4990,4992,,,,,,,,,,,completed,
5558,4992,4993,,,,,,,,,,,completed,
5559,4993,4994,,,,,,,,,,,completed,
5560,4994,4995,,,,,,,,,,,completed,
5561,4995,4996,,,,,,,,,,,completed,
5562,4996,4997,,,,,,,,,,,completed,
5565,4997,4998,,,,,,,,,,,completed,
5567,4998,4999,,,,,,,,,,,completed,
5568,4999,5000,,,,,,,,,,,completed,
5569,5000,5001,,,,,,,,,,,completed,
5570,5001,5002,,,,,,,,,,,completed,
5571,5002,5003,,,,,,,,,,,completed,
5572,5003,5004,,,,,,,,,,,completed,
5573,5004,5005,,,,,,,,,,,completed,
5575,5005,5006,,,,,,,,,,,completed,
5579,5006,5007,,,,,,,,,,,completed,
5581,5007,5008,,,,,,,,,,,completed,
5582,5008,5009,,,,,,,,,,,completed,
5583,5009,5010,,,,,,,,,,,completed,
5584,5010,5011,,,,,,,,,,,completed,
5585,5011,5012,,,,,,,,,,,completed,
5586,5012,5013,,,,,,,,,,,completed,
5587,5013,5014,,,,,,,,,,,completed,
5588,5014,5015,,,,,,,,,,,completed,
5589,5015,5016,,,,,,,,,,,completed,
5590,5016,5017,,,,,,,,,,,completed,
5592,5017,5018,,,,,,,,,,,completed,
5594,5018,5019,,,,,,,,,,,completed,
5595,5019,5020,,,,,,,,,,,completed,
5596,5020,5021,,,,,,,,,,,completed,
5597,5021,5023,,,,,,,,,,,completed,
5598,5023,5024,,,,,,,,,,,completed,
5600,5024,5025,,,,,,,,,,,completed,
5601,5025,5026,,,,,,,,,,,completed,
5603,5026,5027,,,,,,,,,,,completed,
5604,5027,5028,,,,,,,,,,,completed,
5605,5028,5029,,,,,,,,,,,completed,
5606,5029,5030,,,,,,,,,,,completed,
5607,5030,5033,,,,,,,,,,,completed,
5608,5033,5034,,,,,,,,,,,completed,
5609,5034,5035,,,,,,,,,,,completed,
5611,5035,5036,,,,,,,,,,,completed,
5612,5036,5037,,,,,,,,,,,completed,
5613,5037,5038,,,,,,,,,,,completed,
5615,5038,5039,,,,,,,,,,,completed,
5616,5039,5040,,,,,,,,,,,completed,
5617,5040,5041,,,,,,,,,,,completed,
5618,5041,5043,,,,,,,,,,,completed,
5619,5043,5044,,,,,,,,,,,completed,
5621,5044,5045,,,,,,,,,,,completed,
5622,5045,5046,,,,,,,,,,,completed,
5623,5046,5047,,,,,,,,,,,completed,
5624,5047,5048,,,,,,,,,,,completed,
5625,5048,5049,,,,,,,,,,,completed,
5626,5049,5050,,,,,,,,,,,completed,
5627,5050,5051,,,,,,,,,,,completed,
5628,5051,5052,,,,,,,,,,,completed,
5629,5052,5053,,,,,,,,,,,completed,
5630,5053,5054,,,,,,,,,,,completed,
5631,5054,5055,,,,,,,,,,,completed,
5633,5055,5056,,,,,,,,,,,completed,
5634,5056,5057,,,,,,,,,,,completed,
5635,5057,5058,,,,,,,,,,,completed,
5636,5058,5060,,,,,,,,,,,completed,
5637,5060,5061,,,,,,,,,,,completed,
5638,5061,5062,,,,,,,,,,,completed,
5639,5062,5064,,,,,,,,,,,completed,
5640,5064,5065,,,,,,,,,,,completed,
5641,5065,5066,,,,,,,,,,,completed,
5643,5066,5067,,,,,,,,,,,completed,
5644,5067,5068,,,,,,,,,,,completed,
5645,5068,5069,,,,,,,,,,,completed,
5646,5069,5070,,,,,,,,,,,completed,
5647,5070,5072,,,,,,,,,,,completed,
5648,5072,5073,,,,,,,,,,,completed,
5649,5073,5074,,,,,,,,,,,completed,
5650,5074,5075,,,,,,,,,,,completed,
5651,5075,5077,,,,,,,,,,,completed,
5652,5077,5079,,,,,,,,,,,completed,
5653,5079,5082,,,,,,,,,,,completed,
5654,5082,5083,,,,,,,,,,,completed,
5655,5083,5085,,,,,,,,,,,completed,
5656,5085,5086,,,,,,,,,,,completed,
5657,5086,5087,,,,,,,,,,,completed,
5658,5087,5088,,,,,,,,,,,completed,
5660,5088,5089,,,,,,,,,,,completed,
5661,5089,5090,,,,,,,,,,,completed,
5662,5090,5091,,,,,,,,,,,completed,
5663,5091,5092,,,,,,,,,,,completed,
5664,5092,5094,,,,,,,,,,,completed,
5665,5094,5096,,,,,,,,,,,completed,
5668,5096,5097,,,,,,,,,,,completed,
5669,5097,5099,,,,,,,,,,,completed,
5670,5099,5100,,,,,,,,,,,completed,
5671,5100,5101,,,,,,,,,,,completed,
5672,5101,5102,,,,,,,,,,,completed,
5673,5102,5103,,,,,,,,,,,completed,
5674,5103,5104,,,,,,,,,,,completed,
5675,5104,5105,,,,,,,,,,,completed,
5676,5105,5107,,,,,,,,,,,completed,
5677,5107,5108,,,,,,,,,,,completed,
5678,5108,5109,,,,,,,,,,,completed,
5679,5109,5110,,,,,,,,,,,completed,
5680,5110,5111,,,,,,,,,,,completed,
5681,5111,5112,,,,,,,,,,,completed,
5683,5112,5113,,,,,,,,,,,completed,
5684,5113,5114,,,,,,,,,,,completed,
5685,5114,5115,,,,,,,,,,,completed,
5686,5115,5116,,,,,,,,,,,completed,
5687,5116,5117,,,,,,,,,,,completed,
5689,5117,5118,,,,,,,,,,,completed,
5690,5118,5119,,,,,,,,,,,completed,
5691,5119,5120,,,,,,,,,,,completed,
5692,5120,5121,,,,,,,,,,,completed,
5693,5121,5122,,,,,,,,,,,completed,
5694,5122,5123,,,,,,,,,,,completed,
5695,5123,5124,,,,,,,,,,,completed,
5697,5124,5125,,,,,,,,,,,completed,
5698,5125,5126,,,,,,,,,,,completed,
5699,5126,5127,,,,,,,,,,,completed,
5700,5127,5128,,,,,,,,,,,completed,
5701,5128,5129,,,,,,,,,,,completed,
5702,5129,5130,,,,,,,,,,,completed,
5703,5130,5131,,,,,,,,,,,completed,
5704,5131,5132,,,,,,,,,,,completed,
5705,5132,5133,,,,,,,,,,,completed,
5706,5133,5134,,,,,,,,,,,completed,
5707,5134,5135,,,,,,,,,,,completed,
5709,5135,5136,,,,,,,,,,,completed,
5710,5136,5137,,,,,,,,,,,completed,
5712,5137,5138,,,,,,,,,,,completed,
5713,5138,5139,,,,,,,,,,,completed,
5714,5139,5140,,,,,,,,,,,completed,
5715,5140,5141,,,,,,,,,,,completed,
5716,5141,5143,,,,,,,,,,,completed,
5717,5143,5144,,,,,,,,,,,completed,
5718,5144,5145,,,,,,,,,,,completed,
5719,5145,5147,,,,,,,,,,,completed,
5720,5147,5148,,,,,,,,,,,completed,
5721,5148,5149,,,,,,,,,,,completed,
5723,5149,5150,,,,,,,,,,,completed,
5724,5150,5151,,,,,,,,,,,completed,
5725,5151,5152,,,,,,,,,,,completed,
5726,5152,5154,,,,,,,,,,,completed,
5727,5154,5155,,,,,,,,,,,completed,
5728,5155,5156,,,,,,,,,,,completed,
5731,5156,5158,,,,,,,,,,,completed,
5732,5158,5159,,,,,,,,,,,completed,
5733,5159,5160,,,,,,,,,,,completed,
5736,5160,5161,,,,,,,,,,,completed,
5737,5161,5162,,,,,,,,,,,completed,
5738,5162,5163,,,,,,,,,,,completed,
5739,5163,5164,,,,,,,,,,,completed,
5740,5164,5165,,,,,,,,,,,completed,
5741,5165,5166,,,,,,,,,,,completed,
5743,5166,5167,,,,,,,,,,,completed,
5745,5167,5168,,,,,,,,,,,completed,
5746,5168,5169,,,,,,,,,,,completed,
5748,5169,5170,,,,,,,,,,,completed,
5749,5170,5171,,,,,,,,,,,completed,
5750,5171,5172,,,,,,,,,,,completed,
5751,5172,5173,,,,,,,,,,,completed,
5752,5173,5174,,,,,,,,,,,completed,
5753,5174,5175,,,,,,,,,,,completed,
5754,5175,5176,,,,,,,,,,,completed,
5755,5176,5177,,,,,,,,,,,completed,
5756,5177,5178,,,,,,,,,,,completed,
5758,5178,5179,,,,,,,,,,,completed,
5759,5179,5180,,,,,,,,,,,completed,
5761,5180,5181,,,,,,,,,,,completed,
5764,5181,5182,,,,,,,,,,,completed,
5765,5182,5183,,,,,,,,,,,completed,
5767,5183,5184,,,,,,,,,,,completed,
5769,5184,5185,,,,,,,,,,,completed,
5770,5185,5186,,,,,,,,,,,completed,
5773,5186,5187,,,,,,,,,,,completed,
5774,5187,5188,,,,,,,,,,,completed,
5776,5188,5189,,,,,,,,,,,completed,
5777,5189,5190,,,,,,,,,,,completed,
5778,5190,5191,,,,,,,,,,,completed,
5779,5191,5192,,,,,,,,,,,completed,
5780,5192,5193,,,,,,,,,,,completed,
5781,5193,5194,,,,,,,,,,,completed,
5782,5194,5195,,,,,,,,,,,completed,
5783,5195,5196,,,,,,,,,,,completed,
5784,5196,5197,,,,,,,,,,,completed,
5785,5197,5198,,,,,,,,,,,completed,
5786,5198,5199,,,,,,,,,,,completed,
5787,5199,5200,,,,,,,,,,,completed,
5788,5200,5201,,,,,,,,,,,completed,
5789,5201,5202,,,,,,,,,,,completed,
5790,5202,5203,,,,,,,,,,,completed,
5791,5203,5204,,,,,,,,,,,completed,
5792,5204,5205,,,,,,,,,,,completed,
5793,5205,5206,,,,,,,,,,,completed,
5794,5206,5207,,,,,,,,,,,completed,
5795,5207,5208,,,,,,,,,,,completed,
5797,5208,5209,,,,,,,,,,,completed,
5799,5209,5210,,,,,,,,,,,completed,
5800,5210,5211,,,,,,,,,,,completed,
5801,5211,5212,,,,,,,,,,,completed,
5804,5212,5213,,,,,,,,,,,completed,
5805,5213,5214,,,,,,,,,,,completed,
5806,5214,5215,,,,,,,,,,,completed,
5807,5215,5216,,,,,,,,,,,completed,
5808,5216,5218,,,,,,,,,,,completed,
5809,5218,5219,,,,,,,,,,,completed,
5811,5219,5220,,,,,,,,,,,completed,
5812,5220,5221,,,,,,,,,,,completed,
5813,5221,5223,,,,,,,,,,,completed,
5815,5223,5224,,,,,,,,,,,completed,
5816,5224,5225,,,,,,,,,,,completed,
5817,5225,5226,,,,,,,,,,,completed,
5818,5226,5227,,,,,,,,,,,completed,
5819,5227,5228,,,,,,,,,,,completed,
5820,5228,5229,,,,,,,,,,,completed,
5821,5229,5230,,,,,,,,,,,completed,
5822,5230,5231,,,,,,,,,,,completed,
5824,5231,5232,,,,,,,,,,,completed,
5826,5232,5233,,,,,,,,,,,completed,
5827,5233,5234,,,,,,,,,,,completed,
5828,5234,5235,,,,,,,,,,,completed,
5829,5235,5236,,,,,,,,,,,completed,
5830,5236,5237,,,,,,,,,,,completed,
5831,5237,5238,,,,,,,,,,,completed,
5832,5238,5239,,,,,,,,,,,completed,
5833,5239,5240,,,,,,,,,,,completed,
5835,5240,5241,,,,,,,,,,,completed,
5836,5241,5242,,,,,,,,,,,completed,
5837,5242,5243,,,,,,,,,,,completed,
5838,5243,5244,,,,,,,,,,,completed,
5840,5244,5245,,,,,,,,,,,completed,
5842,5245,5247,,,,,,,,,,,completed,
5843,5247,5248,,,,,,,,,,,completed,
5844,5248,5250,,,,,,,,,,,completed,
5845,5250,5251,,,,,,,,,,,completed,
5846,5251,5252,,,,,,,,,,,completed,
5847,5252,5253,,,,,,,,,,,completed,
5848,5253,5254,,,,,,,,,,,completed,
5849,5254,5255,,,,,,,,,,,completed,
5850,5255,5256,,,,,,,,,,,completed,
5853,5256,5257,,,,,,,,,,,completed,
5854,5257,5258,,,,,,,,,,,completed,
5855,5258,5259,,,,,,,,,,,completed,
5857,5259,5261,,,,,,,,,,,completed,
5859,5261,5262,,,,,,,,,,,completed,
5860,5262,5263,,,,,,,,,,,completed,
5861,5263,5264,,,,,,,,,,,completed,
5862,5264,5265,,,,,,,,,,,completed,
5863,5265,5266,,,,,,,,,,,completed,
5865,5266,5267,,,,,,,,,,,completed,
5867,5267,5268,,,,,,,,,,,completed,
5868,5268,5269,,,,,,,,,,,completed,
5870,5269,5270,,,,,,,,,,,completed,
5871,5270,5271,,,,,,,,,,,completed,
5873,5271,5272,,,,,,,,,,,completed,
5874,5272,5273,,,,,,,,,,,completed,
5875,5273,5274,,,,,,,,,,,completed,
5876,5274,5275,,,,,,,,,,,completed,
5878,5275,5277,,,,,,,,,,,completed,
5879,5277,5278,,,,,,,,,,,completed,
5880,5278,5279,,,,,,,,,,,completed,
5881,5279,5280,,,,,,,,,,,completed,
5882,5280,5281,,,,,,,,,,,completed,
5886,5281,5282,,,,,,,,,,,completed,
5887,5282,5283,,,,,,,,,,,completed,
5888,5283,5284,,,,,,,,,,,completed,
5889,5284,5285,,,,,,,,,,,completed,
5890,5285,5286,,,,,,,,,,,completed,
5892,5286,5287,,,,,,,,,,,completed,
5894,5287,5288,,,,,,,,,,,completed,
5896,5288,5289,,,,,,,,,,,completed,
5897,5289,5290,,,,,,,,,,,completed,
5898,5290,5291,,,,,,,,,,,completed,
5899,5291,5292,,,,,,,,,,,completed,
5903,5292,5293,,,,,,,,,,,completed,
5905,5293,5294,,,,,,,,,,,completed,
5906,5294,5295,,,,,,,,,,,completed,
5907,5295,5296,,,,,,,,,,,completed,
5908,5296,5297,,,,,,,,,,,completed,
5909,5297,5298,,,,,,,,,,,completed,
5910,5298,5299,,,,,,,,,,,completed,
5911,5299,5300,,,,,,,,,,,completed,
5912,5300,5301,,,,,,,,,,,completed,
5913,5301,5302,,,,,,,,,,,completed,
5914,5302,5303,,,,,,,,,,,completed,
5915,5303,5305,,,,,,,,,,,completed,
5916,5305,5306,,,,,,,,,,,completed,
5917,5306,5307,,,,,,,,,,,completed,
5918,5307,5308,,,,,,,,,,,completed,
5920,5308,5309,,,,,,,,,,,completed,
5922,5309,5310,,,,,,,,,,,completed,
5923,5310,5311,,,,,,,,,,,completed,
5924,5311,5312,,,,,,,,,,,completed,
5925,5312,5313,,,,,,,,,,,completed,
5926,5313,5314,,,,,,,,,,,completed,
5927,5314,5315,,,,,,,,,,,completed,
5930,5315,5316,,,,,,,,,,,completed,
5933,5316,5317,,,,,,,,,,,completed,
5934,5317,5318,,,,,,,,,,,completed,
5936,5318,5319,,,,,,,,,,,completed,
5937,5319,5320,,,,,,,,,,,completed,
5938,5320,5321,,,,,,,,,,,completed,
5939,5321,5322,,,,,,,,,,,completed,
5940,5322,5323,,,,,,,,,,,completed,
5941,5323,5324,,,,,,,,,,,completed,
5942,5324,5325,,,,,,,,,,,completed,
5943,5325,5326,,,,,,,,,,,completed,
5945,5326,5327,,,,,,,,,,,completed,
5949,5327,5328,,,,,,,,,,,completed,
5950,5328,5329,,,,,,,,,,,completed,
5951,5329,5330,,,,,,,,,,,completed,
5952,5330,5331,,,,,,,,,,,completed,
5953,5331,5332,,,,,,,,,,,completed,
5954,5332,5333,,,,,,,,,,,completed,
5955,5333,5335,,,,,,,,,,,completed,
5956,5335,5336,,,,,,,,,,,completed,
5957,5336,5337,,,,,,,,,,,completed,
5958,5337,5338,,,,,,,,,,,completed,
5959,5338,5339,,,,,,,,,,,completed,
5960,5339,5340,,,,,,,,,,,completed,
5961,5340,5342,,,,,,,,,,,completed,
5962,5342,5343,,,,,,,,,,,completed,
5963,5343,5344,,,,,,,,,,,completed,
5964,5344,5345,,,,,,,,,,,completed,
5965,5345,5346,,,,,,,,,,,completed,
5966,5346,5347,,,,,,,,,,,completed,
5967,5347,5349,,,,,,,,,,,completed,
5968,5349,5350,,,,,,,,,,,completed,
5969,5350,5351,,,,,,,,,,,completed,
5971,5351,5352,,,,,,,,,,,completed,
5972,5352,5353,,,,,,,,,,,completed,
5973,5353,5354,,,,,,,,,,,completed,
5975,5354,5355,,,,,,,,,,,completed,
5976,5355,5356,,,,,,,,,,,completed,
5977,5356,5357,,,,,,,,,,,completed,
5978,5357,5358,,,,,,,,,,,completed,
5980,5358,5359,,,,,,,,,,,completed,
5981,5359,5360,,,,,,,,,,,completed,
5982,5360,5361,,,,,,,,,,,completed,
5983,5361,5362,,,,,,,,,,,completed,
5984,5362,5363,,,,,,,,,,,completed,
5985,5363,5364,,,,,,,,,,,completed,
5986,5364,5365,,,,,,,,,,,completed,
5987,5365,5366,,,,,,,,,,,completed,
5988,5366,5367,,,,,,,,,,,completed,
5990,5367,5368,,,,,,,,,,,completed,
5991,5368,5369,,,,,,,,,,,completed,
5992,5369,5370,,,,,,,,,,,completed,
5994,5370,5371,,,,,,,,,,,completed,
5995,5371,5372,,,,,,,,,,,completed,
5996,5372,5373,,,,,,,,,,,completed,
5997,5373,5375,,,,,,,,,,,completed,
5998,5375,5376,,,,,,,,,,,completed,
5999,5376,5377,,,,,,,,,,,completed,
6000,5377,5378,,,,,,,,,,,completed,
6001,5378,5379,,,,,,,,,,,completed,
6002,5379,5380,,,,,,,,,,,completed,
6003,5380,5381,,,,,,,,,,,completed,
6004,5381,5382,,,,,,,,,,,completed,
6006,5382,5383,,,,,,,,,,,completed,
6007,5383,5384,,,,,,,,,,,completed,
6008,5384,5386,,,,,,,,,,,completed,
6009,5386,5387,,,,,,,,,,,completed,
6010,5387,5389,,,,,,,,,,,completed,
6011,5389,5390,,,,,,,,,,,completed,
6013,5390,5391,,,,,,,,,,,completed,
6014,5391,5392,,,,,,,,,,,completed,
6017,5392,5393,,,,,,,,,,,completed,
6018,5393,5394,,,,,,,,,,,completed,
6019,5394,5395,,,,,,,,,,,completed,
6020,5395,5396,,,,,,,,,,,completed,
6022,5396,5397,,,,,,,,,,,completed,
6024,5397,5398,,,,,,,,,,,completed,
6025,5398,5399,,,,,,,,,,,completed,
6026,5399,5400,,,,,,,,,,,completed,
6027,5400,5402,,,,,,,,,,,completed,
6029,5402,5403,,,,,,,,,,,completed,
6030,5403,5404,,,,,,,,,,,completed,
6031,5404,5405,,,,,,,,,,,completed,
6032,5405,5406,,,,,,,,,,,completed,
6033,5406,5407,,,,,,,,,,,completed,
6034,5407,5408,,,,,,,,,,,completed,
6036,5408,5410,,,,,,,,,,,completed,
6037,5410,5411,,,,,,,,,,,completed,
6038,5411,5412,,,,,,,,,,,completed,
6039,5412,5413,,,,,,,,,,,completed,
6040,5413,5414,,,,,,,,,,,completed,
6041,5414,5415,,,,,,,,,,,completed,
6042,5415,5416,,,,,,,,,,,completed,
6043,5416,5417,,,,,,,,,,,completed,
6044,5417,5418,,,,,,,,,,,completed,
6045,5418,5419,,,,,,,,,,,completed,
6046,5419,5420,,,,,,,,,,,completed,
6048,5420,5421,,,,,,,,,,,completed,
6049,5421,5422,,,,,,,,,,,completed,
6051,5422,5424,,,,,,,,,,,completed,
6052,5424,5425,,,,,,,,,,,completed,
6053,5425,5426,,,,,,,,,,,completed,
6054,5426,5427,,,,,,,,,,,completed,
6055,5427,5428,,,,,,,,,,,completed,
6056,5428,5429,,,,,,,,,,,completed,
6057,5429,5430,,,,,,,,,,,completed,
6058,5430,5431,,,,,,,,,,,completed,
6061,5431,5433,,,,,,,,,,,completed,
6062,5433,5434,,,,,,,,,,,completed,
6063,5434,5435,,,,,,,,,,,completed,
6065,5435,5436,,,,,,,,,,,completed,
6066,5436,5437,,,,,,,,,,,completed,
6068,5437,5439,,,,,,,,,,,completed,
6070,5439,5440,,,,,,,,,,,completed,
6071,5440,5441,,,,,,,,,,,completed,
6073,5441,5442,,,,,,,,,,,completed,
6074,5442,5443,,,,,,,,,,,completed,
6075,5443,5444,,,,,,,,,,,completed,
6076,5444,5445,,,,,,,,,,,completed,
6077,5445,5446,,,,,,,,,,,completed,
6078,5446,5447,,,,,,,,,,,completed,
6079,5447,5448,,,,,,,,,,,completed,
6080,5448,5450,,,,,,,,,,,completed,
6082,5450,5451,,,,,,,,,,,completed,
6083,5451,5452,,,,,,,,,,,completed,
6084,5452,5453,,,,,,,,,,,completed,
6085,5453,5454,,,,,,,,,,,completed,
6088,5454,5455,,,,,,,,,,,completed,
6089,5455,5456,,,,,,,,,,,completed,
6090,5456,5457,,,,,,,,,,,completed,
6093,5457,5458,,,,,,,,,,,completed,
6094,5458,5459,,,,,,,,,,,completed,
6096,5459,5460,,,,,,,,,,,completed,
6097,5460,5461,,,,,,,,,,,completed,
6098,5461,5462,,,,,,,,,,,completed,
6099,5462,5463,,,,,,,,,,,completed,
6100,5463,5464,,,,,,,,,,,completed,
6101,5464,5465,,,,,,,,,,,completed,
6102,5465,5466,,,,,,,,,,,completed,
6104,5466,5467,,,,,,,,,,,completed,
6105,5467,5468,,,,,,,,,,,completed,
6106,5468,5469,,,,,,,,,,,completed,
6107,5469,5470,,,,,,,,,,,completed,
6108,5470,5471,,,,,,,,,,,completed,
6110,5471,5472,,,,,,,,,,,completed,
6111,5472,5473,,,,,,,,,,,completed,
6112,5473,5475,,,,,,,,,,,completed,
6113,5475,5476,,,,,,,,,,,completed,
6115,5476,5477,,,,,,,,,,,completed,
6116,5477,5478,,,,,,,,,,,completed,
6117,5478,5479,,,,,,,,,,,completed,
6118,5479,5480,,,,,,,,,,,completed,
6119,5480,5481,,,,,,,,,,,completed,
6121,5481,5482,,,,,,,,,,,completed,
6122,5482,5483,,,,,,,,,,,completed,
6123,5483,5484,,,,,,,,,,,completed,
6124,5484,5485,,,,,,,,,,,completed,
6125,5485,5486,,,,,,,,,,,completed,
6127,5486,5487,,,,,,,,,,,completed,
6128,5487,5488,,,,,,,,,,,completed,
6129,5488,5489,,,,,,,,,,,completed,
6130,5489,5490,,,,,,,,,,,completed,
6131,5490,5491,,,,,,,,,,,completed,
6132,5491,5492,,,,,,,,,,,completed,
6133,5492,5493,,,,,,,,,,,completed,
6134,5493,5494,,,,,,,,,,,completed,
6135,5494,5495,,,,,,,,,,,completed,
6137,5495,5496,,,,,,,,,,,completed,
6139,5496,5497,,,,,,,,,,,completed,
6140,5497,5498,,,,,,,,,,,completed,
6141,5498,5499,,,,,,,,,,,completed,
6143,5499,5500,,,,,,,,,,,completed,
6144,5500,5501,,,,,,,,,,,completed,
6145,5501,5502,,,,,,,,,,,completed,
6146,5502,5504,,,,,,,,,,,completed,
6147,5504,5505,,,,,,,,,,,completed,
6148,5505,5506,,,,,,,,,,,completed,
6149,5506,5507,,,,,,,,,,,completed,
6150,5507,5508,,,,,,,,,,,completed,
6151,5508,5509,,,,,,,,,,,completed,
6152,5509,5510,,,,,,,,,,,completed,
6153,5510,5511,,,,,,,,,,,completed,
6154,5511,5514,,,,,,,,,,,completed,
6155,5514,5515,,,,,,,,,,,completed,
6156,5515,5516,,,,,,,,,,,completed,
6157,5516,5517,,,,,,,,,,,completed,
6159,5517,5518,,,,,,,,,,,completed,
6160,5518,5519,,,,,,,,,,,completed,
6162,5519,5520,,,,,,,,,,,completed,
6163,5520,5521,,,,,,,,,,,completed,
6164,5521,5522,,,,,,,,,,,completed,
6165,5522,5523,,,,,,,,,,,completed,
6167,5523,5525,,,,,,,,,,,completed,
6168,5525,5526,,,,,,,,,,,completed,
6169,5526,5527,,,,,,,,,,,completed,
6170,5527,5528,,,,,,,,,,,completed,
6171,5528,5529,,,,,,,,,,,completed,
6173,5529,5530,,,,,,,,,,,completed,
6174,5530,5531,,,,,,,,,,,completed,
6176,5531,5533,,,,,,,,,,,completed,
6177,5533,5534,,,,,,,,,,,completed,
6178,5534,5535,,,,,,,,,,,completed,
6179,5535,5536,,,,,,,,,,,completed,
6180,5536,5537,,,,,,,,,,,completed,
6181,5537,5538,,,,,,,,,,,completed,
6182,5538,5539,,,,,,,,,,,completed,
6183,5539,5540,,,,,,,,,,,completed,
6184,5540,5541,,,,,,,,,,,completed,
6187,5541,5542,,,,,,,,,,,completed,
6188,5542,5543,,,,,,,,,,,completed,
6190,5543,5544,,,,,,,,,,,completed,
6192,5544,5546,,,,,,,,,,,completed,
6193,5546,5548,,,,,,,,,,,completed,
6194,5548,5549,,,,,,,,,,,completed,
6196,5549,5550,,,,,,,,,,,completed,
6198,5550,5551,,,,,,,,,,,completed,
6199,5551,5552,,,,,,,,,,,completed,
6200,5552,5553,,,,,,,,,,,completed,
6201,5553,5554,,,,,,,,,,,completed,
6202,5554,5555,,,,,,,,,,,completed,
6203,5555,5558,,,,,,,,,,,completed,
6205,5558,5559,,,,,,,,,,,completed,
6206,5559,5560,,,,,,,,,,,completed,
6207,5560,5561,,,,,,,,,,,completed,
6208,5561,5562,,,,,,,,,,,completed,
6209,5562,5563,,,,,,,,,,,completed,
6210,5563,5564,,,,,,,,,,,completed,
6211,5564,5565,,,,,,,,,,,completed,
6212,5565,5566,,,,,,,,,,,completed,
6213,5566,5567,,,,,,,,,,,completed,
6214,5567,5568,,,,,,,,,,,completed,
6215,5568,5569,,,,,,,,,,,completed,
6216,5569,5570,,,,,,,,,,,completed,
6217,5570,5574,,,,,,,,,,,completed,
6219,5574,5575,,,,,,,,,,,completed,
6221,5575,5576,,,,,,,,,,,completed,
6223,5576,5578,,,,,,,,,,,completed,
6224,5578,5579,,,,,,,,,,,completed,
6225,5579,5580,,,,,,,,,,,completed,
6226,5580,5581,,,,,,,,,,,completed,
6227,5581,5582,,,,,,,,,,,completed,
6228,5582,5583,,,,,,,,,,,completed,
6229,5583,5584,,,,,,,,,,,completed,
6230,5584,5585,,,,,,,,,,,completed,
6231,5585,5587,,,,,,,,,,,completed,
6232,5587,5588,,,,,,,,,,,completed,
6234,5588,5589,,,,,,,,,,,completed,
6238,5589,5590,,,,,,,,,,,completed,
6239,5590,5591,,,,,,,,,,,completed,
6240,5591,5594,,,,,,,,,,,completed,
6242,5594,5595,,,,,,,,,,,completed,
6243,5595,5597,,,,,,,,,,,completed,
6244,5597,5598,,,,,,,,,,,completed,
6245,5598,5599,,,,,,,,,,,completed,
6248,5599,5600,,,,,,,,,,,completed,
6249,5600,5601,,,,,,,,,,,completed,
6251,5601,5602,,,,,,,,,,,completed,
6252,5602,5603,,,,,,,,,,,completed,
6253,5603,5604,,,,,,,,,,,completed,
6254,5604,5605,,,,,,,,,,,completed,
6255,5605,5606,,,,,,,,,,,completed,
6256,5606,5608,,,,,,,,,,,completed,
6257,5608,5610,,,,,,,,,,,completed,
6258,5610,5611,,,,,,,,,,,completed,
6259,5611,5613,,,,,,,,,,,completed,
6260,5613,5614,,,,,,,,,,,completed,
6261,5614,5616,,,,,,,,,,,completed,
6262,5616,5617,,,,,,,,,,,completed,
6263,5617,5618,,,,,,,,,,,completed,
6264,5618,5619,,,,,,,,,,,completed,
6265,5619,5620,,,,,,,,,,,completed,
6266,5620,5621,,,,,,,,,,,completed,
6268,5621,5623,,,,,,,,,,,completed,
6269,5623,5624,,,,,,,,,,,completed,
6270,5624,5625,,,,,,,,,,,completed,
6271,5625,5626,,,,,,,,,,,completed,
6272,5626,5628,,,,,,,,,,,completed,
6273,5628,5629,,,,,,,,,,,completed,
6274,5629,5631,,,,,,,,,,,completed,
6275,5631,5632,,,,,,,,,,,completed,
6276,5632,5633,,,,,,,,,,,completed,
6277,5633,5634,,,,,,,,,,,completed,
6278,5634,5635,,,,,,,,,,,completed,
6280,5635,5636,,,,,,,,,,,completed,
6283,5636,5637,,,,,,,,,,,completed,
6284,5637,5638,,,,,,,,,,,completed,
6285,5638,5639,,,,,,,,,,,completed,
6286,5639,5640,,,,,,,,,,,completed,
6287,5640,5641,,,,,,,,,,,completed,
6288,5641,5642,,,,,,,,,,,completed,
6289,5642,5643,,,,,,,,,,,completed,
6291,5643,5644,,,,,,,,,,,completed,
6292,5644,5645,,,,,,,,,,,completed,
6294,5645,5646,,,,,,,,,,,completed,
6295,5646,5647,,,,,,,,,,,completed,
6296,5647,5649,,,,,,,,,,,completed,
6297,5649,5650,,,,,,,,,,,completed,
6298,5650,5651,,,,,,,,,,,completed,
6302,5651,5652,,,,,,,,,,,completed,
6303,5652,5653,,,,,,,,,,,completed,
6304,5653,5654,,,,,,,,,,,completed,
6305,5654,5655,,,,,,,,,,,completed,
6306,5655,5656,,,,,,,,,,,completed,
6307,5656,5657,,,,,,,,,,,completed,
6308,5657,5658,,,,,,,,,,,completed,
6309,5658,5659,,,,,,,,,,,completed,
6311,5659,5660,,,,,,,,,,,completed,
6312,5660,5661,,,,,,,,,,,completed,
6313,5661,5662,,,,,,,,,,,completed,
6314,5662,5663,,,,,,,,,,,completed,
6315,5663,5664,,,,,,,,,,,completed,
6316,5664,5665,,,,,,,,,,,completed,
6317,5665,5666,,,,,,,,,,,completed,
6318,5666,5667,,,,,,,,,,,completed,
6319,5667,5668,,,,,,,,,,,completed,
6320,5668,5669,,,,,,,,,,,completed,
6321,5669,5670,,,,,,,,,,,completed,
6322,5670,5671,,,,,,,,,,,completed,
6323,5671,5672,,,,,,,,,,,completed,
6324,5672,5673,,,,,,,,,,,completed,
6327,5673,5674,,,,,,,,,,,completed,
6328,5674,5675,,,,,,,,,,,completed,
6330,5675,5676,,,,,,,,,,,completed,
6332,5676,5677,,,,,,,,,,,completed,
6333,5677,5678,,,,,,,,,,,completed,
6334,5678,5679,,,,,,,,,,,completed,
6335,5679,5680,,,,,,,,,,,completed,
6336,5680,5681,,,,,,,,,,,completed,
6337,5681,5682,,,,,,,,,,,completed,
6339,5682,5683,,,,,,,,,,,completed,
6340,5683,5684,,,,,,,,,,,completed,
6342,5684,5685,,,,,,,,,,,completed,
6344,5685,5686,,,,,,,,,,,completed,
6346,5686,5687,,,,,,,,,,,completed,
6347,5687,5688,,,,,,,,,,,completed,
6348,5688,5689,,,,,,,,,,,completed,
6349,5689,5691,,,,,,,,,,,completed,
6350,5691,5692,,,,,,,,,,,completed,
6351,5692,5693,,,,,,,,,,,completed,
6352,5693,5694,,,,,,,,,,,completed,
6353,5694,5695,,,,,,,,,,,completed,
6357,5695,5696,,,,,,,,,,,completed,
6359,5696,5697,,,,,,,,,,,completed,
6360,5697,5698,,,,,,,,,,,completed,
6361,5698,5699,,,,,,,,,,,completed,
6362,5699,5700,,,,,,,,,,,completed,
6363,5700,5701,,,,,,,,,,,completed,
6364,5701,5702,,,,,,,,,,,completed,
6365,5702,5703,,,,,,,,,,,completed,
6366,5703,5704,,,,,,,,,,,completed,
6367,5704,5705,,,,,,,,,,,completed,
6369,5705,5706,,,,,,,,,,,completed,
6370,5706,5707,,,,,,,,,,,completed,
6372,5707,5708,,,,,,,,,,,completed,
6373,5708,5709,,,,,,,,,,,completed,
6374,5709,5710,,,,,,,,,,,completed,
6375,5710,5714,,,,,,,,,,,completed,
6376,5714,5715,,,,,,,,,,,completed,
6377,5715,5716,,,,,,,,,,,completed,
6378,5716,5717,,,,,,,,,,,completed,
6379,5717,5718,,,,,,,,,,,completed,
6380,5718,5720,,,,,,,,,,,completed,
6381,5720,5721,,,,,,,,,,,completed,
6383,5721,5722,,,,,,,,,,,completed,
6384,5722,5723,,,,,,,,,,,completed,
6386,5723,5724,,,,,,,,,,,completed,
6387,5724,5725,,,,,,,,,,,completed,
6388,5725,5726,,,,,,,,,,,completed,
6389,5726,5727,,,,,,,,,,,completed,
6392,5727,5730,,,,,,,,,,,completed,
6395,5730,5731,,,,,,,,,,,completed,
6397,5731,5732,,,,,,,,,,,completed,
6399,5732,5733,,,,,,,,,,,completed,
6400,5733,5734,,,,,,,,,,,completed,
6401,5734,5735,,,,,,,,,,,completed,
6402,5735,5737,,,,,,,,,,,completed,
6404,5737,5738,,,,,,,,,,,completed,
6405,5738,5740,,,,,,,,,,,completed,
6406,5740,5741,,,,,,,,,,,completed,
6407,5741,5742,,,,,,,,,,,completed,
6408,5742,5743,,,,,,,,,,,completed,
6409,5743,5744,,,,,,,,,,,completed,
6410,5744,5745,,,,,,,,,,,completed,
6411,5745,5746,,,,,,,,,,,completed,
6412,5746,5747,,,,,,,,,,,completed,
6413,5747,5748,,,,,,,,,,,completed,
6414,5748,5749,,,,,,,,,,,completed,
6415,5749,5750,,,,,,,,,,,completed,
6417,5750,5751,,,,,,,,,,,completed,
6418,5751,5753,,,,,,,,,,,completed,
6420,5753,5754,,,,,,,,,,,completed,
6421,5754,5755,,,,,,,,,,,completed,
6422,5755,5756,,,,,,,,,,,completed,
6423,5756,5757,,,,,,,,,,,completed,
6424,5757,5758,,,,,,,,,,,completed,
6425,5758,5759,,,,,,,,,,,completed,
6426,5759,5760,,,,,,,,,,,completed,
6427,5760,5761,,,,,,,,,,,completed,
6428,5761,5762,,,,,,,,,,,completed,
6430,5762,5763,,,,,,,,,,,completed,
6431,5763,5764,,,,,,,,,,,completed,
6432,5764,5765,,,,,,,,,,,completed,
6433,5765,5766,,,,,,,,,,,completed,
6434,5766,5767,,,,,,,,,,,completed,
6437,5767,5768,,,,,,,,,,,completed,
6438,5768,5769,,,,,,,,,,,completed,
6439,5769,5770,,,,,,,,,,,completed,
6440,5770,5771,,,,,,,,,,,completed,
6441,5771,5772,,,,,,,,,,,completed,
6444,5772,5773,,,,,,,,,,,completed,
6445,5773,5774,,,,,,,,,,,completed,
6446,5774,5775,,,,,,,,,,,completed,
6447,5775,5776,,,,,,,,,,,completed,
6448,5776,5778,,,,,,,,,,,completed,
6449,5778,5779,,,,,,,,,,,completed,
6450,5779,5780,,,,,,,,,,,completed,
6451,5780,5781,,,,,,,,,,,completed,
6452,5781,5782,,,,,,,,,,,completed,
6453,5782,5783,,,,,,,,,,,completed,
6454,5783,5784,,,,,,,,,,,completed,
6455,5784,5785,,,,,,,,,,,completed,
6456,5785,5786,,,,,,,,,,,completed,
6457,5786,5787,,,,,,,,,,,completed,
6458,5787,5788,,,,,,,,,,,completed,
6459,5788,5790,,,,,,,,,,,completed,
6460,5790,5791,,,,,,,,,,,completed,
6461,5791,5792,,,,,,,,,,,completed,
6463,5792,5793,,,,,,,,,,,completed,
6464,5793,5794,,,,,,,,,,,completed,
6465,5794,5795,,,,,,,,,,,completed,
6466,5795,5796,,,,,,,,,,,completed,
6467,5796,5797,,,,,,,,,,,completed,
6468,5797,5798,,,,,,,,,,,completed,
6469,5798,5799,,,,,,,,,,,completed,
6470,5799,5800,,,,,,,,,,,completed,
6473,5800,5801,,,,,,,,,,,completed,
6474,5801,5802,,,,,,,,,,,completed,
6475,5802,5803,,,,,,,,,,,completed,
6477,5803,5804,,,,,,,,,,,completed,
6478,5804,5805,,,,,,,,,,,completed,
6479,5805,5806,,,,,,,,,,,completed,
6481,5806,5807,,,,,,,,,,,completed,
6482,5807,5808,,,,,,,,,,,completed,
6483,5808,5809,,,,,,,,,,,completed,
6484,5809,5810,,,,,,,,,,,completed,
6485,5810,5811,,,,,,,,,,,completed,
6486,5811,5812,,,,,,,,,,,completed,
6487,5812,5813,,,,,,,,,,,completed,
6488,5813,5814,,,,,,,,,,,completed,
6489,5814,5815,,,,,,,,,,,completed,
6490,5815,5816,,,,,,,,,,,completed,
6491,5816,5817,,,,,,,,,,,completed,
6492,5817,5818,,,,,,,,,,,completed,
6493,5818,5820,,,,,,,,,,,completed,
6494,5820,5821,,,,,,,,,,,completed,
6495,5821,5822,,,,,,,,,,,completed,
6496,5822,5823,,,,,,,,,,,completed,
6497,5823,5824,,,,,,,,,,,completed,
6498,5824,5825,,,,,,,,,,,completed,
6499,5825,5826,,,,,,,,,,,completed,
6503,5826,5827,,,,,,,,,,,completed,
6504,5827,5828,,,,,,,,,,,completed,
6505,5828,5829,,,,,,,,,,,completed,
6506,5829,5830,,,,,,,,,,,completed,
6507,5830,5831,,,,,,,,,,,completed,
6508,5831,5832,,,,,,,,,,,completed,
6509,5832,5833,,,,,,,,,,,completed,
6511,5833,5834,,,,,,,,,,,completed,
6512,5834,5835,,,,,,,,,,,completed,
6514,5835,5838,,,,,,,,,,,completed,
6515,5838,5840,,,,,,,,,,,completed,
6516,5840,5841,,,,,,,,,,,completed,
6517,5841,5842,,,,,,,,,,,completed,
6518,5842,5844,,,,,,,,,,,completed,
6519,5844,5845,,,,,,,,,,,completed,
6520,5845,5846,,,,,,,,,,,completed,
6522,5846,5847,,,,,,,,,,,completed,
6523,5847,5849,,,,,,,,,,,completed,
6524,5849,5850,,,,,,,,,,,completed,
6525,5850,5851,,,,,,,,,,,completed,
6527,5851,5852,,,,,,,,,,,completed,
6528,5852,5853,,,,,,,,,,,completed,
6529,5853,5854,,,,,,,,,,,completed,
6530,5854,5855,,,,,,,,,,,completed,
6531,5855,5856,,,,,,,,,,,completed,
6532,5856,5857,,,,,,,,,,,completed,
6533,5857,5858,,,,,,,,,,,completed,
6534,5858,5859,,,,,,,,,,,completed,
6537,5859,5860,,,,,,,,,,,completed,
6538,5860,5861,,,,,,,,,,,completed,
6539,5861,5862,,,,,,,,,,,completed,
6540,5862,5863,,,,,,,,,,,completed,
6542,5863,5864,,,,,,,,,,,completed,
6543,5864,5865,,,,,,,,,,,completed,
6544,5865,5866,,,,,,,,,,,completed,
6545,5866,5867,,,,,,,,,,,completed,
6546,5867,5868,,,,,,,,,,,completed,
6548,5868,5871,,,,,,,,,,,completed,
6549,5871,5872,,,,,,,,,,,completed,
6550,5872,5873,,,,,,,,,,,completed,
6551,5873,5874,,,,,,,,,,,completed,
6552,5874,5875,,,,,,,,,,,completed,
6553,5875,5876,,,,,,,,,,,completed,
6554,5876,5877,,,,,,,,,,,completed,
6555,5877,5878,,,,,,,,,,,completed,
6556,5878,5879,,,,,,,,,,,completed,
6557,5879,5880,,,,,,,,,,,completed,
6558,5880,5881,,,,,,,,,,,completed,
6559,5881,5882,,,,,,,,,,,completed,
6561,5882,5883,,,,,,,,,,,completed,
6563,5883,5884,,,,,,,,,,,completed,
6564,5884,5885,,,,,,,,,,,completed,
6565,5885,5886,,,,,,,,,,,completed,
6567,5886,5887,,,,,,,,,,,completed,
6568,5887,5888,,,,,,,,,,,completed,
6569,5888,5889,,,,,,,,,,,completed,
6570,5889,5890,,,,,,,,,,,completed,
6571,5890,5891,,,,,,,,,,,completed,
6572,5891,5892,,,,,,,,,,,completed,
6573,5892,5893,,,,,,,,,,,completed,
6574,5893,5894,,,,,,,,,,,completed,
6575,5894,5896,,,,,,,,,,,completed,
6576,5896,5897,,,,,,,,,,,completed,
6577,5897,5899,,,,,,,,,,,completed,
6579,5899,5900,,,,,,,,,,,completed,
6580,5900,5902,,,,,,,,,,,completed,
6581,5902,5903,,,,,,,,,,,completed,
6582,5903,5904,,,,,,,,,,,completed,
6584,5904,5905,,,,,,,,,,,completed,
6585,5905,5906,,,,,,,,,,,completed,
6586,5906,5907,,,,,,,,,,,completed,
6588,5907,5908,,,,,,,,,,,completed,
6589,5908,5909,,,,,,,,,,,completed,
6590,5909,5910,,,,,,,,,,,completed,
6591,5910,5911,,,,,,,,,,,completed,
6592,5911,5912,,,,,,,,,,,completed,
6593,5912,5913,,,,,,,,,,,completed,
6595,5913,5914,,,,,,,,,,,completed,
6596,5914,5915,,,,,,,,,,,completed,
6598,5915,5916,,,,,,,,,,,completed,
6599,5916,5917,,,,,,,,,,,completed,
6600,5917,5918,,,,,,,,,,,completed,
6602,5918,5919,,,,,,,,,,,completed,
6603,5919,5920,,,,,,,,,,,completed,
6604,5920,5922,,,,,,,,,,,completed,
6605,5922,5923,,,,,,,,,,,completed,
6606,5923,5925,,,,,,,,,,,completed,
6607,5925,5926,,,,,,,,,,,completed,
6608,5926,5927,,,,,,,,,,,completed,
6609,5927,5928,,,,,,,,,,,completed,
6610,5928,5929,,,,,,,,,,,completed,
6613,5929,5930,,,,,,,,,,,completed,
6616,5930,5931,,,,,,,,,,,completed,
6617,5931,5932,,,,,,,,,,,completed,
6618,5932,5933,,,,,,,,,,,completed,
6619,5933,5934,,,,,,,,,,,completed,
6620,5934,5935,,,,,,,,,,,completed,
6621,5935,5937,,,,,,,,,,,completed,
6622,5937,5938,,,,,,,,,,,completed,
6623,5938,5941,,,,,,,,,,,completed,
6628,5941,5942,,,,,,,,,,,completed,
6629,5942,5943,,,,,,,,,,,completed,
6630,5943,5944,,,,,,,,,,,completed,
6631,5944,5945,,,,,,,,,,,completed,
6632,5945,5946,,,,,,,,,,,completed,
6633,5946,5947,,,,,,,,,,,completed,
6634,5947,5948,,,,,,,,,,,completed,
6635,5948,5949,,,,,,,,,,,completed,
6636,5949,5950,,,,,,,,,,,completed,
6639,5950,5951,,,,,,,,,,,completed,
6640,5951,5952,,,,,,,,,,,completed,
6641,5952,5953,,,,,,,,,,,completed,
6642,5953,5954,,,,,,,,,,,completed,
6643,5954,5955,,,,,,,,,,,completed,
6644,5955,5956,,,,,,,,,,,completed,
6646,5956,5957,,,,,,,,,,,completed,
6649,5957,5958,,,,,,,,,,,completed,
6650,5958,5959,,,,,,,,,,,completed,
6651,5959,5960,,,,,,,,,,,completed,
6652,5960,5961,,,,,,,,,,,completed,
6653,5961,5962,,,,,,,,,,,completed,
6654,5962,5963,,,,,,,,,,,completed,
6655,5963,5964,,,,,,,,,,,completed,
6657,5964,5965,,,,,,,,,,,completed,
6659,5965,5966,,,,,,,,,,,completed,
6660,5966,5967,,,,,,,,,,,completed,
6663,5967,5968,,,,,,,,,,,completed,
6664,5968,5969,,,,,,,,,,,completed,
6665,5969,5970,,,,,,,,,,,completed,
6666,5970,5971,,,,,,,,,,,completed,
6667,5971,5972,,,,,,,,,,,completed,
6670,5972,5973,,,,,,,,,,,completed,
6671,5973,5974,,,,,,,,,,,completed,
6672,5974,5976,,,,,,,,,,,completed,
6673,5976,5977,,,,,,,,,,,completed,
6674,5977,5978,,,,,,,,,,,completed,
6675,5978,5979,,,,,,,,,,,completed,
6676,5979,5980,,,,,,,,,,,completed,
6679,5980,5981,,,,,,,,,,,completed,
6683,5981,5982,,,,,,,,,,,completed,
6684,5982,5983,,,,,,,,,,,completed,
6685,5983,5984,,,,,,,,,,,completed,
6686,5984,5985,,,,,,,,,,,completed,
6690,5985,5986,,,,,,,,,,,completed,
6691,5986,5987,,,,,,,,,,,completed,
6692,5987,5988,,,,,,,,,,,completed,
6693,5988,5989,,,,,,,,,,,completed,
6694,5989,5990,,,,,,,,,,,completed,
6695,5990,5991,,,,,,,,,,,completed,
6696,5991,5992,,,,,,,,,,,completed,
6697,5992,5993,,,,,,,,,,,completed,
6698,5993,5994,,,,,,,,,,,completed,
6699,5994,5995,,,,,,,,,,,completed,
6701,5995,5996,,,,,,,,,,,completed,
6703,5996,5997,,,,,,,,,,,completed,
6704,5997,5998,,,,,,,,,,,completed,
6705,5998,5999,,,,,,,,,,,completed,
6707,5999,6000,,,,,,,,,,,completed,
6708,6000,6001,,,,,,,,,,,completed,
6709,6001,6002,,,,,,,,,,,completed,
6710,6002,6003,,,,,,,,,,,completed,
6711,6003,6004,,,,,,,,,,,completed,
6712,6004,6005,,,,,,,,,,,completed,
6713,6005,6006,,,,,,,,,,,completed,
6714,6006,6007,,,,,,,,,,,completed,
6715,6007,6008,,,,,,,,,,,completed,
6717,6008,6009,,,,,,,,,,,completed,
6718,6009,6010,,,,,,,,,,,completed,
6719,6010,6011,,,,,,,,,,,completed,
6720,6011,6012,,,,,,,,,,,completed,
6721,6012,6013,,,,,,,,,,,completed,
6722,6013,6014,,,,,,,,,,,completed,
6723,6014,6015,,,,,,,,,,,completed,
6724,6015,6016,,,,,,,,,,,completed,
6725,6016,6017,,,,,,,,,,,completed,
6727,6017,6018,,,,,,,,,,,completed,
6728,6018,6019,,,,,,,,,,,completed,
6729,6019,6020,,,,,,,,,,,completed,
6730,6020,6021,,,,,,,,,,,completed,
6731,6021,6022,,,,,,,,,,,completed,
6733,6022,6024,,,,,,,,,,,completed,
6734,6024,6025,,,,,,,,,,,completed,
6735,6025,6026,,,,,,,,,,,completed,
6736,6026,6028,,,,,,,,,,,completed,
6738,6028,6029,,,,,,,,,,,completed,
6739,6029,6030,,,,,,,,,,,completed,
6740,6030,6031,,,,,,,,,,,completed,
6741,6031,6032,,,,,,,,,,,completed,
6743,6032,6033,,,,,,,,,,,completed,
6744,6033,6034,,,,,,,,,,,completed,
6746,6034,6035,,,,,,,,,,,completed,
6747,6035,6036,,,,,,,,,,,completed,
6748,6036,6038,,,,,,,,,,,completed,
6750,6038,6039,,,,,,,,,,,completed,
6752,6039,6040,,,,,,,,,,,completed,
6753,6040,6041,,,,,,,,,,,completed,
6754,6041,6042,,,,,,,,,,,completed,
6755,6042,6043,,,,,,,,,,,completed,
6756,6043,6044,,,,,,,,,,,completed,
6757,6044,6045,,,,,,,,,,,completed,
6759,6045,6046,,,,,,,,,,,completed,
6760,6046,6047,,,,,,,,,,,completed,
6761,6047,6048,,,,,,,,,,,completed,
6762,6048,6049,,,,,,,,,,,completed,
6764,6049,6050,,,,,,,,,,,completed,
6765,6050,6051,,,,,,,,,,,completed,
6766,6051,6052,,,,,,,,,,,completed,
6768,6052,6053,,,,,,,,,,,completed,
6769,6053,6054,,,,,,,,,,,completed,
6770,6054,6055,,,,,,,,,,,completed,
6773,6055,6056,,,,,,,,,,,completed,
6775,6056,6057,,,,,,,,,,,completed,
6776,6057,6058,,,,,,,,,,,completed,
6777,6058,6059,,,,,,,,,,,completed,
6778,6059,6060,,,,,,,,,,,completed,
6779,6060,6061,,,,,,,,,,,completed,
6780,6061,6062,,,,,,,,,,,completed,
6781,6062,6063,,,,,,,,,,,completed,
6782,6063,6064,,,,,,,,,,,completed,
6786,6064,6065,,,,,,,,,,,completed,
6787,6065,6066,,,,,,,,,,,completed,
6789,6066,6067,,,,,,,,,,,completed,
6790,6067,6068,,,,,,,,,,,completed,
6791,6068,6069,,,,,,,,,,,completed,
6793,6069,6070,,,,,,,,,,,completed,
6794,6070,6071,,,,,,,,,,,completed,
6795,6071,6072,,,,,,,,,,,completed,
6796,6072,6073,,,,,,,,,,,completed,
6797,6073,6074,,,,,,,,,,,completed,
6798,6074,6076,,,,,,,,,,,completed,
6800,6076,6078,,,,,,,,,,,completed,
6801,6078,6079,,,,,,,,,,,completed,
6802,6079,6080,,,,,,,,,,,completed,
6807,6080,6081,,,,,,,,,,,completed,
6808,6081,6082,,,,,,,,,,,completed,
6809,6082,6083,,,,,,,,,,,completed,
6812,6083,6084,,,,,,,,,,,completed,
6815,6084,6085,,,,,,,,,,,completed,
6816,6085,6086,,,,,,,,,,,completed,
6818,6086,6087,,,,,,,,,,,completed,
6819,6087,6088,,,,,,,,,,,completed,
6820,6088,6089,,,,,,,,,,,completed,
6821,6089,6090,,,,,,,,,,,completed,
6822,6090,6091,,,,,,,,,,,completed,
6823,6091,6093,,,,,,,,,,,completed,
6824,6093,6094,,,,,,,,,,,completed,
6825,6094,6096,,,,,,,,,,,completed,
6826,6096,6097,,,,,,,,,,,completed,
6827,6097,6098,,,,,,,,,,,completed,
6829,6098,6099,,,,,,,,,,,completed,
6830,6099,6100,,,,,,,,,,,completed,
6831,6100,6101,,,,,,,,,,,completed,
6834,6101,6102,,,,,,,,,,,completed,
6835,6102,6103,,,,,,,,,,,completed,
6836,6103,6104,,,,,,,,,,,completed,
6837,6104,6105,,,,,,,,,,,completed,
6839,6105,6106,,,,,,,,,,,completed,
6840,6106,6107,,,,,,,,,,,completed,
6842,6107,6108,,,,,,,,,,,completed,
6843,6108,6109,,,,,,,,,,,completed,
6844,6109,6110,,,,,,,,,,,completed,
6845,6110,6111,,,,,,,,,,,completed,
6846,6111,6112,,,,,,,,,,,completed,
6847,6112,6113,,,,,,,,,,,completed,
6848,6113,6114,,,,,,,,,,,completed,
6849,6114,6115,,,,,,,,,,,completed,
6850,6115,6116,,,,,,,,,,,completed,
6851,6116,6117,,,,,,,,,,,completed,
6852,6117,6118,,,,,,,,,,,completed,
6854,6118,6119,,,,,,,,,,,completed,
6856,6119,6120,,,,,,,,,,,completed,
6858,6120,6121,,,,,,,,,,,completed,
6860,6121,6122,,,,,,,,,,,completed,
6861,6122,6123,,,,,,,,,,,completed,
6862,6123,6124,,,,,,,,,,,completed,
6864,6124,6125,,,,,,,,,,,completed,
6865,6125,6126,,,,,,,,,,,completed,
6867,6126,6127,,,,,,,,,,,completed,
6868,6127,6128,,,,,,,,,,,completed,
6871,6128,6129,,,,,,,,,,,completed,
6872,6129,6130,,,,,,,,,,,completed,
6874,6130,6131,,,,,,,,,,,completed,
6875,6131,6132,,,,,,,,,,,completed,
6876,6132,6133,,,,,,,,,,,completed,
6877,6133,6134,,,,,,,,,,,completed,
6879,6134,6135,,,,,,,,,,,completed,
6880,6135,6137,,,,,,,,,,,completed,
6881,6137,6138,,,,,,,,,,,completed,
6882,6138,6139,,,,,,,,,,,completed,
6883,6139,6140,,,,,,,,,,,completed,
6884,6140,6141,,,,,,,,,,,completed,
6885,6141,6142,,,,,,,,,,,completed,
6886,6142,6143,,,,,,,,,,,completed,
6887,6143,6144,,,,,,,,,,,completed,
6888,6144,6145,,,,,,,,,,,completed,
6889,6145,6146,,,,,,,,,,,completed,
6890,6146,6149,,,,,,,,,,,completed,
6891,6149,6150,,,,,,,,,,,completed,
6892,6150,6151,,,,,,,,,,,completed,
6893,6151,6152,,,,,,,,,,,completed,
6894,6152,6153,,,,,,,,,,,completed,
6895,6153,6154,,,,,,,,,,,completed,
6897,6154,6155,,,,,,,,,,,completed,
6898,6155,6156,,,,,,,,,,,completed,
6899,6156,6157,,,,,,,,,,,completed,
6900,6157,6158,,,,,,,,,,,completed,
6901,6158,6159,,,,,,,,,,,completed,
6902,6159,6162,,,,,,,,,,,completed,
6903,6162,6163,,,,,,,,,,,completed,
6908,6163,6164,,,,,,,,,,,completed,
6909,6164,6165,,,,,,,,,,,completed,
6910,6165,6166,,,,,,,,,,,completed,
6912,6166,6167,,,,,,,,,,,completed,
6914,6167,6168,,,,,,,,,,,completed,
6915,6168,6170,,,,,,,,,,,completed,
6916,6170,6171,,,,,,,,,,,completed,
6917,6171,6172,,,,,,,,,,,completed,
6919,6172,6173,,,,,,,,,,,completed,
6921,6173,6174,,,,,,,,,,,completed,
6923,6174,6175,,,,,,,,,,,completed,
6924,6175,6176,,,,,,,,,,,completed,
6925,6176,6178,,,,,,,,,,,completed,
6926,6178,6179,,,,,,,,,,,completed,
6927,6179,6180,,,,,,,,,,,completed,
6928,6180,6181,,,,,,,,,,,completed,
6929,6181,6182,,,,,,,,,,,completed,
6930,6182,6183,,,,,,,,,,,completed,
6931,6183,6184,,,,,,,,,,,completed,
6932,6184,6186,,,,,,,,,,,completed,
6933,6186,6188,,,,,,,,,,,completed,
6935,6188,6189,,,,,,,,,,,completed,
6937,6189,6190,,,,,,,,,,,completed,
6938,6190,6191,,,,,,,,,,,completed,
6939,6191,6192,,,,,,,,,,,completed,
6940,6192,6193,,,,,,,,,,,completed,
6941,6193,6194,,,,,,,,,,,completed,
6942,6194,6195,,,,,,,,,,,completed,
6943,6195,6196,,,,,,,,,,,completed,
6944,6196,6197,,,,,,,,,,,completed,
6945,6197,6198,,,,,,,,,,,completed,
6946,6198,6199,,,,,,,,,,,completed,
6947,6199,6200,,,,,,,,,,,completed,
6948,6200,6201,,,,,,,,,,,completed,
6949,6201,6202,,,,,,,,,,,completed,
6950,6202,6203,,,,,,,,,,,completed,
6951,6203,6204,,,,,,,,,,,completed,
6952,6204,6205,,,,,,,,,,,completed,
6953,6205,6206,,,,,,,,,,,completed,
6954,6206,6207,,,,,,,,,,,completed,
6955,6207,6208,,,,,,,,,,,completed,
6956,6208,6210,,,,,,,,,,,completed,
6958,6210,6211,,,,,,,,,,,completed,
6959,6211,6212,,,,,,,,,,,completed,
6960,6212,6213,,,,,,,,,,,completed,
6961,6213,6214,,,,,,,,,,,completed,
6962,6214,6215,,,,,,,,,,,completed,
6963,6215,6216,,,,,,,,,,,completed,
6966,6216,6217,,,,,,,,,,,completed,
6967,6217,6218,,,,,,,,,,,completed,
6968,6218,6219,,,,,,,,,,,completed,
6969,6219,6220,,,,,,,,,,,completed,
6970,6220,6221,,,,,,,,,,,completed,
6971,6221,6222,,,,,,,,,,,completed,
6972,6222,6223,,,,,,,,,,,completed,
6974,6223,6224,,,,,,,,,,,completed,
6975,6224,6225,,,,,,,,,,,completed,
6976,6225,6226,,,,,,,,,,,completed,
6977,6226,6227,,,,,,,,,,,completed,
6978,6227,6228,,,,,,,,,,,completed,
6980,6228,6229,,,,,,,,,,,completed,
6981,6229,6230,,,,,,,,,,,completed,
6982,6230,6231,,,,,,,,,,,completed,
6984,6231,6232,,,,,,,,,,,completed,
6985,6232,6233,,,,,,,,,,,completed,
6986,6233,6234,,,,,,,,,,,completed,
6987,6234,6235,,,,,,,,,,,completed,
6988,6235,6236,,,,,,,,,,,completed,
6989,6236,6237,,,,,,,,,,,completed,
6990,6237,6238,,,,,,,,,,,completed,
6991,6238,6239,,,,,,,,,,,completed,
6992,6239,6240,,,,,,,,,,,completed,
6995,6240,6241,,,,,,,,,,,completed,
6996,6241,6243,,,,,,,,,,,completed,
6997,6243,6244,,,,,,,,,,,completed,
6998,6244,6245,,,,,,,,,,,completed,
6999,6245,6247,,,,,,,,,,,completed,
7001,6247,6248,,,,,,,,,,,completed,
7002,6248,6249,,,,,,,,,,,completed,
7003,6249,6251,,,,,,,,,,,completed,
7005,6251,6252,,,,,,,,,,,completed,
7006,6252,6254,,,,,,,,,,,completed,
7007,6254,6255,,,,,,,,,,,completed,
7008,6255,6256,,,,,,,,,,,completed,
7010,6256,6257,,,,,,,,,,,completed,
7011,6257,6258,,,,,,,,,,,completed,
7012,6258,6259,,,,,,,,,,,completed,
7013,6259,6261,,,,,,,,,,,completed,
7014,6261,6262,,,,,,,,,,,completed,
7015,6262,6263,,,,,,,,,,,completed,
7016,6263,6265,,,,,,,,,,,completed,
7018,6265,6266,,,,,,,,,,,completed,
7019,6266,6267,,,,,,,,,,,completed,
7021,6267,6268,,,,,,,,,,,completed,
7022,6268,6269,,,,,,,,,,,completed,
7023,6269,6270,,,,,,,,,,,completed,
7024,6270,6271,,,,,,,,,,,completed,
7025,6271,6272,,,,,,,,,,,completed,
7026,6272,6273,,,,,,,,,,,completed,
7027,6273,6274,,,,,,,,,,,completed,
7028,6274,6275,,,,,,,,,,,completed,
7029,6275,6276,,,,,,,,,,,completed,
7030,6276,6277,,,,,,,,,,,completed,
7033,6277,6278,,,,,,,,,,,completed,
7034,6278,6279,,,,,,,,,,,completed,
7035,6279,6280,,,,,,,,,,,completed,
7036,6280,6281,,,,,,,,,,,completed,
7037,6281,6282,,,,,,,,,,,completed,
7039,6282,6283,,,,,,,,,,,completed,
7040,6283,6284,,,,,,,,,,,completed,
7041,6284,6285,,,,,,,,,,,completed,
7042,6285,6286,,,,,,,,,,,completed,
7043,6286,6287,,,,,,,,,,,completed,
7044,6287,6288,,,,,,,,,,,completed,
7045,6288,6289,,,,,,,,,,,completed,
7046,6289,6290,,,,,,,,,,,completed,
7048,6290,6291,,,,,,,,,,,completed,
7049,6291,6292,,,,,,,,,,,completed,
7050,6292,6294,,,,,,,,,,,completed,
7051,6294,6295,,,,,,,,,,,completed,
7052,6295,6296,,,,,,,,,,,completed,
7053,6296,6297,,,,,,,,,,,completed,
7054,6297,6298,,,,,,,,,,,completed,
7055,6298,6299,,,,,,,,,,,completed,
7057,6299,6300,,,,,,,,,,,completed,
7058,6300,6301,,,,,,,,,,,completed,
7059,6301,6302,,,,,,,,,,,completed,
7062,6302,6303,,,,,,,,,,,completed,
7063,6303,6305,,,,,,,,,,,completed,
7064,6305,6306,,,,,,,,,,,completed,
7066,6306,6307,,,,,,,,,,,completed,
7067,6307,6308,,,,,,,,,,,completed,
7068,6308,6309,,,,,,,,,,,completed,
7069,6309,6311,,,,,,,,,,,completed,
7070,6311,6312,,,,,,,,,,,completed,
7072,6312,6313,,,,,,,,,,,completed,
7073,6313,6314,,,,,,,,,,,completed,
7074,6314,6315,,,,,,,,,,,completed,
7075,6315,6316,,,,,,,,,,,completed,
7077,6316,6317,,,,,,,,,,,completed,
7078,6317,6318,,,,,,,,,,,completed,
7079,6318,6319,,,,,,,,,,,completed,
7081,6319,6320,,,,,,,,,,,completed,
7082,6320,6321,,,,,,,,,,,completed,
7086,6321,6322,,,,,,,,,,,completed,
7088,6322,6323,,,,,,,,,,,completed,
7089,6323,6324,,,,,,,,,,,completed,
7091,6324,6325,,,,,,,,,,,completed,
7094,6325,6326,,,,,,,,,,,completed,
7095,6326,6327,,,,,,,,,,,completed,
7096,6327,6328,,,,,,,,,,,completed,
7097,6328,6329,,,,,,,,,,,completed,
7098,6329,6330,,,,,,,,,,,completed,
7100,6330,6331,,,,,,,,,,,completed,
7101,6331,6332,,,,,,,,,,,completed,
7102,6332,6333,,,,,,,,,,,completed,
7103,6333,6334,,,,,,,,,,,completed,
7104,6334,6336,,,,,,,,,,,completed,
7105,6336,6337,,,,,,,,,,,completed,
7106,6337,6338,,,,,,,,,,,completed,
7107,6338,6339,,,,,,,,,,,completed,
7108,6339,6340,,,,,,,,,,,completed,
7110,6340,6341,,,,,,,,,,,completed,
7111,6341,6342,,,,,,,,,,,completed,
7112,6342,6343,,,,,,,,,,,completed,
7113,6343,6344,,,,,,,,,,,completed,
7114,6344,6345,,,,,,,,,,,completed,
7116,6345,6346,,,,,,,,,,,completed,
7118,6346,6347,,,,,,,,,,,completed,
7119,6347,6348,,,,,,,,,,,completed,
7120,6348,6349,,,,,,,,,,,completed,
7121,6349,6350,,,,,,,,,,,completed,
7124,6350,6351,,,,,,,,,,,completed,
7125,6351,6352,,,,,,,,,,,completed,
7126,6352,6353,,,,,,,,,,,completed,
7127,6353,6355,,,,,,,,,,,completed,
7128,6355,6356,,,,,,,,,,,completed,
7130,6356,6357,,,,,,,,,,,completed,
7131,6357,6358,,,,,,,,,,,completed,
7132,6358,6359,,,,,,,,,,,completed,
7133,6359,6360,,,,,,,,,,,completed,
7134,6360,6361,,,,,,,,,,,completed,
7135,6361,6363,,,,,,,,,,,completed,
7136,6363,6364,,,,,,,,,,,completed,
7137,6364,6365,,,,,,,,,,,completed,
7138,6365,6368,,,,,,,,,,,completed,
7139,6368,6370,,,,,,,,,,,completed,
7140,6370,6371,,,,,,,,,,,completed,
7141,6371,6372,,,,,,,,,,,completed,
7143,6372,6373,,,,,,,,,,,completed,
7144,6373,6374,,,,,,,,,,,completed,
7145,6374,6375,,,,,,,,,,,completed,
7146,6375,6376,,,,,,,,,,,completed,
7147,6376,6377,,,,,,,,,,,completed,
7148,6377,6378,,,,,,,,,,,completed,
7149,6378,6379,,,,,,,,,,,completed,
7150,6379,6380,,,,,,,,,,,completed,
7151,6380,6381,,,,,,,,,,,completed,
7152,6381,6382,,,,,,,,,,,completed,
7153,6382,6383,,,,,,,,,,,completed,
7154,6383,6384,,,,,,,,,,,completed,
7155,6384,6385,,,,,,,,,,,completed,
7156,6385,6386,,,,,,,,,,,completed,
7157,6386,6387,,,,,,,,,,,completed,
7158,6387,6388,,,,,,,,,,,completed,
7160,6388,6390,,,,,,,,,,,completed,
7161,6390,6391,,,,,,,,,,,completed,
7164,6391,6392,,,,,,,,,,,completed,
7165,6392,6393,,,,,,,,,,,completed,
7166,6393,6394,,,,,,,,,,,completed,
7167,6394,6395,,,,,,,,,,,completed,
7170,6395,6396,,,,,,,,,,,completed,
7171,6396,6397,,,,,,,,,,,completed,
7173,6397,6399,,,,,,,,,,,completed,
7174,6399,6400,,,,,,,,,,,completed,
7176,6400,6401,,,,,,,,,,,completed,
7177,6401,6402,,,,,,,,,,,completed,
7178,6402,6403,,,,,,,,,,,completed,
7179,6403,6404,,,,,,,,,,,completed,
7180,6404,6405,,,,,,,,,,,completed,
7181,6405,6406,,,,,,,,,,,completed,
7182,6406,6407,,,,,,,,,,,completed,
7183,6407,6408,,,,,,,,,,,completed,
7187,6408,6409,,,,,,,,,,,completed,
7188,6409,6410,,,,,,,,,,,completed,
7189,6410,6411,,,,,,,,,,,completed,
7190,6411,6412,,,,,,,,,,,completed,
7192,6412,6413,,,,,,,,,,,completed,
7193,6413,6414,,,,,,,,,,,completed,
7195,6414,6415,,,,,,,,,,,completed,
7196,6415,6416,,,,,,,,,,,completed,
7197,6416,6417,,,,,,,,,,,completed,
7198,6417,6418,,,,,,,,,,,completed,
7199,6418,6419,,,,,,,,,,,completed,
7200,6419,6420,,,,,,,,,,,completed,
7202,6420,6421,,,,,,,,,,,completed,
7203,6421,6422,,,,,,,,,,,completed,
7204,6422,6423,,,,,,,,,,,completed,
7205,6423,6424,,,,,,,,,,,completed,
7206,6424,6425,,,,,,,,,,,completed,
7207,6425,6427,,,,,,,,,,,completed,
7208,6427,6428,,,,,,,,,,,completed,
7209,6428,6429,,,,,,,,,,,completed,
7210,6429,6430,,,,,,,,,,,completed,
7211,6430,6431,,,,,,,,,,,completed,
7212,6431,6432,,,,,,,,,,,completed,
7213,6432,6433,,,,,,,,,,,completed,
7216,6433,6435,,,,,,,,,,,completed,
7217,6435,6436,,,,,,,,,,,completed,
7218,6436,6437,,,,,,,,,,,completed,
7219,6437,6438,,,,,,,,,,,completed,
7220,6438,6439,,,,,,,,,,,completed,
7221,6439,6440,,,,,,,,,,,completed,
7222,6440,6441,,,,,,,,,,,completed,
7223,6441,6442,,,,,,,,,,,completed,
7224,6442,6443,,,,,,,,,,,completed,
7225,6443,6444,,,,,,,,,,,completed,
7226,6444,6445,,,,,,,,,,,completed,
7227,6445,6446,,,,,,,,,,,completed,
7228,6446,6447,,,,,,,,,,,completed,
7229,6447,6448,,,,,,,,,,,completed,
7230,6448,6449,,,,,,,,,,,completed,
7232,6449,6450,,,,,,,,,,,completed,
7233,6450,6451,,,,,,,,,,,completed,
7235,6451,6452,,,,,,,,,,,completed,
7236,6452,6453,,,,,,,,,,,completed,
7237,6453,6454,,,,,,,,,,,completed,
7238,6454,6456,,,,,,,,,,,completed,
7239,6456,6457,,,,,,,,,,,completed,
7240,6457,6458,,,,,,,,,,,completed,
7244,6458,6459,,,,,,,,,,,completed,
7246,6459,6460,,,,,,,,,,,completed,
7247,6460,6461,,,,,,,,,,,completed,
7249,6461,6462,,,,,,,,,,,completed,
7250,6462,6463,,,,,,,,,,,completed,
7251,6463,6464,,,,,,,,,,,completed,
7254,6464,6465,,,,,,,,,,,completed,
7255,6465,6466,,,,,,,,,,,completed,
7256,6466,6467,,,,,,,,,,,completed,
7259,6467,6468,,,,,,,,,,,completed,
7261,6468,6469,,,,,,,,,,,completed,
7262,6469,6470,,,,,,,,,,,completed,
7263,6470,6472,,,,,,,,,,,completed,
7264,6472,6473,,,,,,,,,,,completed,
7265,6473,6474,,,,,,,,,,,completed,
7267,6474,6475,,,,,,,,,,,completed,
7269,6475,6476,,,,,,,,,,,completed,
7272,6476,6477,,,,,,,,,,,completed,
7273,6477,6478,,,,,,,,,,,completed,
7274,6478,6479,,,,,,,,,,,completed,
7275,6479,6480,,,,,,,,,,,completed,
7276,6480,6481,,,,,,,,,,,completed,
7277,6481,6482,,,,,,,,,,,completed,
7278,6482,6483,,,,,,,,,,,completed,
7279,6483,6484,,,,,,,,,,,completed,
7283,6484,6487,,,,,,,,,,,completed,
7285,6487,6488,,,,,,,,,,,completed,
7286,6488,6489,,,,,,,,,,,completed,
7287,6489,6491,,,,,,,,,,,completed,
7289,6491,6492,,,,,,,,,,,completed,
7290,6492,6493,,,,,,,,,,,completed,
7291,6493,6494,,,,,,,,,,,completed,
7293,6494,6495,,,,,,,,,,,completed,
7299,6495,6496,,,,,,,,,,,completed,
7300,6496,6497,,,,,,,,,,,completed,
7303,6497,6498,,,,,,,,,,,completed,
7304,6498,6499,,,,,,,,,,,completed,
7305,6499,6500,,,,,,,,,,,completed,
7306,6500,6501,,,,,,,,,,,completed,
7307,6501,6503,,,,,,,,,,,completed,
7308,6503,6504,,,,,,,,,,,completed,
7309,6504,6505,,,,,,,,,,,completed,
7310,6505,6506,,,,,,,,,,,completed,
7311,6506,6507,,,,,,,,,,,completed,
7313,6507,6508,,,,,,,,,,,completed,
7314,6508,6509,,,,,,,,,,,completed,
7315,6509,6510,,,,,,,,,,,completed,
7316,6510,6511,,,,,,,,,,,completed,
7318,6511,6512,,,,,,,,,,,completed,
7321,6512,6513,,,,,,,,,,,completed,
7324,6513,6515,,,,,,,,,,,completed,
7325,6515,6516,,,,,,,,,,,completed,
7327,6516,6517,,,,,,,,,,,completed,
7329,6517,6518,,,,,,,,,,,completed,
7330,6518,6520,,,,,,,,,,,completed,
7331,6520,6521,,,,,,,,,,,completed,
7332,6521,6522,,,,,,,,,,,completed,
7333,6522,6523,,,,,,,,,,,completed,
7334,6523,6524,,,,,,,,,,,completed,
7335,6524,6525,,,,,,,,,,,completed,
7336,6525,6526,,,,,,,,,,,completed,
7338,6526,6527,,,,,,,,,,,completed,
7339,6527,6528,,,,,,,,,,,completed,
7340,6528,6529,,,,,,,,,,,completed,
7341,6529,6530,,,,,,,,,,,completed,
7342,6530,6531,,,,,,,,,,,completed,
7343,6531,6532,,,,,,,,,,,completed,
7344,6532,6533,,,,,,,,,,,completed,
7345,6533,6534,,,,,,,,,,,completed,
7346,6534,6535,,,,,,,,,,,completed,
7347,6535,6536,,,,,,,,,,,completed,
7349,6536,6537,,,,,,,,,,,completed,
7350,6537,6538,,,,,,,,,,,completed,
7351,6538,6539,,,,,,,,,,,completed,
7352,6539,6540,,,,,,,,,,,completed,
7353,6540,6541,,,,,,,,,,,completed,
7355,6541,6542,,,,,,,,,,,completed,
7356,6542,6543,,,,,,,,,,,completed,
7357,6543,6544,,,,,,,,,,,completed,
7358,6544,6546,,,,,,,,,,,completed,
7359,6546,6547,,,,,,,,,,,completed,
7360,6547,6548,,,,,,,,,,,completed,
7361,6548,6549,,,,,,,,,,,completed,
7362,6549,6550,,,,,,,,,,,completed,
7363,6550,6551,,,,,,,,,,,completed,
7364,6551,6552,,,,,,,,,,,completed,
7366,6552,6553,,,,,,,,,,,completed,
7367,6553,6554,,,,,,,,,,,completed,
7369,6554,6555,,,,,,,,,,,completed,
7370,6555,6556,,,,,,,,,,,completed,
7371,6556,6558,,,,,,,,,,,completed,
7373,6558,6559,,,,,,,,,,,completed,
7374,6559,6560,,,,,,,,,,,completed,
7375,6560,6561,,,,,,,,,,,completed,
7376,6561,6562,,,,,,,,,,,completed,
7377,6562,6563,,,,,,,,,,,completed,
7378,6563,6564,,,,,,,,,,,completed,
7379,6564,6569,,,,,,,,,,,completed,
7380,6569,6570,,,,,,,,,,,completed,
7381,6570,6571,,,,,,,,,,,completed,
7382,6571,6572,,,,,,,,,,,completed,
7383,6572,6573,,,,,,,,,,,completed,
7384,6573,6574,,,,,,,,,,,completed,
7386,6574,6575,,,,,,,,,,,completed,
7387,6575,6576,,,,,,,,,,,completed,
7388,6576,6577,,,,,,,,,,,completed,
7389,6577,6578,,,,,,,,,,,completed,
7391,6578,6579,,,,,,,,,,,completed,
7392,6579,6580,,,,,,,,,,,completed,
7393,6580,6581,,,,,,,,,,,completed,
7395,6581,6582,,,,,,,,,,,completed,
7396,6582,6583,,,,,,,,,,,completed,
7397,6583,6584,,,,,,,,,,,completed,
7398,6584,6585,,,,,,,,,,,completed,
7399,6585,6586,,,,,,,,,,,completed,
7400,6586,6587,,,,,,,,,,,completed,
7401,6587,6590,,,,,,,,,,,completed,
7402,6590,6591,,,,,,,,,,,completed,
7403,6591,6592,,,,,,,,,,,completed,
7404,6592,6593,,,,,,,,,,,completed,
7405,6593,6594,,,,,,,,,,,completed,
7406,6594,6595,,,,,,,,,,,completed,
7408,6595,6596,,,,,,,,,,,completed,
7409,6596,6597,,,,,,,,,,,completed,
7410,6597,6598,,,,,,,,,,,completed,
7412,6598,6599,,,,,,,,,,,completed,
7413,6599,6600,,,,,,,,,,,completed,
7414,6600,6602,,,,,,,,,,,completed,
7415,6602,6603,,,,,,,,,,,completed,
7416,6603,6604,,,,,,,,,,,completed,
7417,6604,6605,,,,,,,,,,,completed,
7418,6605,6606,,,,,,,,,,,completed,
7419,6606,6607,,,,,,,,,,,completed,
7422,6607,6610,,,,,,,,,,,completed,
7423,6610,6611,,,,,,,,,,,completed,
7424,6611,6612,,,,,,,,,,,completed,
7426,6612,6613,,,,,,,,,,,completed,
7427,6613,6614,,,,,,,,,,,completed,
7428,6614,6615,,,,,,,,,,,completed,
7429,6615,6616,,,,,,,,,,,completed,
7430,6616,6617,,,,,,,,,,,completed,
7432,6617,6618,,,,,,,,,,,completed,
7433,6618,6619,,,,,,,,,,,completed,
7434,6619,6620,,,,,,,,,,,completed,
7435,6620,6622,,,,,,,,,,,completed,
7436,6622,6623,,,,,,,,,,,completed,
7437,6623,6624,,,,,,,,,,,completed,
7438,6624,6625,,,,,,,,,,,completed,
7439,6625,6626,,,,,,,,,,,completed,
7440,6626,6627,,,,,,,,,,,completed,
7441,6627,6628,,,,,,,,,,,completed,
7442,6628,6629,,,,,,,,,,,completed,
7443,6629,6630,,,,,,,,,,,completed,
7446,6630,6632,,,,,,,,,,,completed,
7448,6632,6633,,,,,,,,,,,completed,
7449,6633,6634,,,,,,,,,,,completed,
7450,6634,6635,,,,,,,,,,,completed,
7451,6635,6636,,,,,,,,,,,completed,
7452,6636,6637,,,,,,,,,,,completed,
7453,6637,6638,,,,,,,,,,,completed,
7454,6638,6639,,,,,,,,,,,completed,
7455,6639,6640,,,,,,,,,,,completed,
7456,6640,6642,,,,,,,,,,,completed,
7459,6642,6644,,,,,,,,,,,completed,
7460,6644,6645,,,,,,,,,,,completed,
7461,6645,6647,,,,,,,,,,,completed,
7462,6647,6648,,,,,,,,,,,completed,
7463,6648,6649,,,,,,,,,,,completed,
7464,6649,6650,,,,,,,,,,,completed,
7465,6650,6651,,,,,,,,,,,completed,
7466,6651,6652,,,,,,,,,,,completed,
7467,6652,6654,,,,,,,,,,,completed,
7468,6654,6655,,,,,,,,,,,completed,
7469,6655,6656,,,,,,,,,,,completed,
7470,6656,6657,,,,,,,,,,,completed,
7471,6657,6658,,,,,,,,,,,completed,
7472,6658,6659,,,,,,,,,,,completed,
7475,6659,6660,,,,,,,,,,,completed,
7476,6660,6661,,,,,,,,,,,completed,
7477,6661,6662,,,,,,,,,,,completed,
7478,6662,6663,,,,,,,,,,,completed,
7479,6663,6664,,,,,,,,,,,completed,
7481,6664,6665,,,,,,,,,,,completed,
7482,6665,6666,,,,,,,,,,,completed,
7483,6666,6667,,,,,,,,,,,completed,
7484,6667,6668,,,,,,,,,,,completed,
7485,6668,6669,,,,,,,,,,,completed,
7486,6669,6671,,,,,,,,,,,completed,
7487,6671,6672,,,,,,,,,,,completed,
7488,6672,6673,,,,,,,,,,,completed,
7489,6673,6674,,,,,,,,,,,completed,
7492,6674,6675,,,,,,,,,,,completed,
7493,6675,6676,,,,,,,,,,,completed,
7494,6676,6678,,,,,,,,,,,completed,
7495,6678,6679,,,,,,,,,,,completed,
7496,6679,6680,,,,,,,,,,,completed,
7497,6680,6681,,,,,,,,,,,completed,
7498,6681,6682,,,,,,,,,,,completed,
7500,6682,6683,,,,,,,,,,,completed,
7502,6683,6684,,,,,,,,,,,completed,
7505,6684,6685,,,,,,,,,,,completed,
7506,6685,6686,,,,,,,,,,,completed,
7507,6686,6687,,,,,,,,,,,completed,
7509,6687,6688,,,,,,,,,,,completed,
7510,6688,6689,,,,,,,,,,,completed,
7511,6689,6690,,,,,,,,,,,completed,
7512,6690,6691,,,,,,,,,,,completed,
7513,6691,6692,,,,,,,,,,,completed,
7514,6692,6693,,,,,,,,,,,completed,
7516,6693,6695,,,,,,,,,,,completed,
7517,6695,6696,,,,,,,,,,,completed,
7519,6696,6697,,,,,,,,,,,completed,
7521,6697,6699,,,,,,,,,,,completed,
7522,6699,6700,,,,,,,,,,,completed,
7526,6700,6701,,,,,,,,,,,completed,
7527,6701,6702,,,,,,,,,,,completed,
7528,6702,6703,,,,,,,,,,,completed,
7529,6703,6704,,,,,,,,,,,completed,
7530,6704,6705,,,,,,,,,,,completed,
7532,6705,6706,,,,,,,,,,,completed,
7533,6706,6707,,,,,,,,,,,completed,
7534,6707,6708,,,,,,,,,,,completed,
7535,6708,6709,,,,,,,,,,,completed,
7536,6709,6710,,,,,,,,,,,completed,
7538,6710,6711,,,,,,,,,,,completed,
7539,6711,6712,,,,,,,,,,,completed,
7540,6712,6713,,,,,,,,,,,completed,
7541,6713,6714,,,,,,,,,,,completed,
7543,6714,6715,,,,,,,,,,,completed,
7544,6715,6716,,,,,,,,,,,completed,
7545,6716,6717,,,,,,,,,,,completed,
7546,6717,6720,,,,,,,,,,,completed,
7547,6720,6721,,,,,,,,,,,completed,
7548,6721,6722,,,,,,,,,,,completed,
7549,6722,6723,,,,,,,,,,,completed,
7551,6723,6724,,,,,,,,,,,completed,
7552,6724,6725,,,,,,,,,,,completed,
7553,6725,6726,,,,,,,,,,,completed,
7555,6726,6727,,,,,,,,,,,completed,
7556,6727,6728,,,,,,,,,,,completed,
7557,6728,6729,,,,,,,,,,,completed,
7558,6729,6730,,,,,,,,,,,completed,
7559,6730,6731,,,,,,,,,,,completed,
7560,6731,6732,,,,,,,,,,,completed,
7561,6732,6733,,,,,,,,,,,completed,
7562,6733,6734,,,,,,,,,,,completed,
7565,6734,6735,,,,,,,,,,,completed,
7566,6735,6736,,,,,,,,,,,completed,
7567,6736,6737,,,,,,,,,,,completed,
7568,6737,6739,,,,,,,,,,,completed,
7569,6739,6740,,,,,,,,,,,completed,
7570,6740,6741,,,,,,,,,,,completed,
7572,6741,6742,,,,,,,,,,,completed,
7575,6742,6743,,,,,,,,,,,completed,
7576,6743,6744,,,,,,,,,,,completed,
7577,6744,6745,,,,,,,,,,,completed,
7578,6745,6746,,,,,,,,,,,completed,
7580,6746,6747,,,,,,,,,,,completed,
7582,6747,6748,,,,,,,,,,,completed,
7583,6748,6750,,,,,,,,,,,completed,
7584,6750,6751,,,,,,,,,,,completed,
7586,6751,6752,,,,,,,,,,,completed,
7587,6752,6753,,,,,,,,,,,completed,
7588,6753,6754,,,,,,,,,,,completed,
7589,6754,6755,,,,,,,,,,,completed,
7590,6755,6756,,,,,,,,,,,completed,
7592,6756,6757,,,,,,,,,,,completed,
7593,6757,6758,,,,,,,,,,,completed,
7594,6758,6759,,,,,,,,,,,completed,
7595,6759,6760,,,,,,,,,,,completed,
7597,6760,6761,,,,,,,,,,,completed,
7600,6761,6762,,,,,,,,,,,completed,
7601,6762,6763,,,,,,,,,,,completed,
7602,6763,6764,,,,,,,,,,,completed,
7603,6764,6765,,,,,,,,,,,completed,
7604,6765,6766,,,,,,,,,,,completed,
7605,6766,6767,,,,,,,,,,,completed,
7606,6767,6768,,,,,,,,,,,completed,
7607,6768,6769,,,,,,,,,,,completed,
7608,6769,6771,,,,,,,,,,,completed,
7611,6771,6772,,,,,,,,,,,completed,
7612,6772,6773,,,,,,,,,,,completed,
7613,6773,6774,,,,,,,,,,,completed,
7614,6774,6776,,,,,,,,,,,completed,
7615,6776,6777,,,,,,,,,,,completed,
7616,6777,6778,,,,,,,,,,,completed,
7617,6778,6779,,,,,,,,,,,completed,
7618,6779,6780,,,,,,,,,,,completed,
7619,6780,6781,,,,,,,,,,,completed,
7620,6781,6782,,,,,,,,,,,completed,
7622,6782,6783,,,,,,,,,,,completed,
7623,6783,6784,,,,,,,,,,,completed,
7624,6784,6785,,,,,,,,,,,completed,
7625,6785,6786,,,,,,,,,,,completed,
7627,6786,6787,,,,,,,,,,,completed,
7628,6787,6788,,,,,,,,,,,completed,
7629,6788,6789,,,,,,,,,,,completed,
7631,6789,6790,,,,,,,,,,,completed,
7633,6790,6791,,,,,,,,,,,completed,
7634,6791,6792,,,,,,,,,,,completed,
7636,6792,6793,,,,,,,,,,,completed,
7637,6793,6794,,,,,,,,,,,completed,
7638,6794,6795,,,,,,,,,,,completed,
7640,6795,6796,,,,,,,,,,,completed,
7643,6796,6797,,,,,,,,,,,completed,
7644,6797,6798,,,,,,,,,,,completed,
7645,6798,6799,,,,,,,,,,,completed,
7647,6799,6800,,,,,,,,,,,completed,
7649,6800,6801,,,,,,,,,,,completed,
7651,6801,6802,,,,,,,,,,,completed,
7652,6802,6803,,,,,,,,,,,completed,
7653,6803,6804,,,,,,,,,,,completed,
7654,6804,6805,,,,,,,,,,,completed,
7656,6805,6806,,,,,,,,,,,completed,
7657,6806,6807,,,,,,,,,,,completed,
7658,6807,6808,,,,,,,,,,,completed,
7659,6808,6809,,,,,,,,,,,completed,
7660,6809,6810,,,,,,,,,,,completed,
7661,6810,6811,,,,,,,,,,,completed,
7662,6811,6812,,,,,,,,,,,completed,
7663,6812,6813,,,,,,,,,,,completed,
7666,6813,6814,,,,,,,,,,,completed,
7668,6814,6815,,,,,,,,,,,completed,
7669,6815,6817,,,,,,,,,,,completed,
7670,6817,6818,,,,,,,,,,,completed,
7671,6818,6819,,,,,,,,,,,completed,
7672,6819,6820,,,,,,,,,,,completed,
7673,6820,6822,,,,,,,,,,,completed,
7674,6822,6823,,,,,,,,,,,completed,
7675,6823,6824,,,,,,,,,,,completed,
7676,6824,6825,,,,,,,,,,,completed,
7677,6825,6826,,,,,,,,,,,completed,
7678,6826,6827,,,,,,,,,,,completed,
7679,6827,6828,,,,,,,,,,,completed,
7680,6828,6829,,,,,,,,,,,completed,
7682,6829,6830,,,,,,,,,,,completed,
7683,6830,6831,,,,,,,,,,,completed,
7684,6831,6832,,,,,,,,,,,completed,
7686,6832,6833,,,,,,,,,,,completed,
7687,6833,6834,,,,,,,,,,,completed,
7688,6834,6835,,,,,,,,,,,completed,
7691,6835,6836,,,,,,,,,,,completed,
7692,6836,6838,,,,,,,,,,,completed,
7693,6838,6839,,,,,,,,,,,completed,
7694,6839,6841,,,,,,,,,,,completed,
7695,6841,6842,,,,,,,,,,,completed,
7696,6842,6843,,,,,,,,,,,completed,
7697,6843,6844,,,,,,,,,,,completed,
7698,6844,6845,,,,,,,,,,,completed,
7699,6845,6846,,,,,,,,,,,completed,
7700,6846,6847,,,,,,,,,,,completed,
7701,6847,6848,,,,,,,,,,,completed,
7702,6848,6849,,,,,,,,,,,completed,
7703,6849,6851,,,,,,,,,,,completed,
7705,6851,6852,,,,,,,,,,,completed,
7706,6852,6854,,,,,,,,,,,completed,
7707,6854,6855,,,,,,,,,,,completed,
7709,6855,6856,,,,,,,,,,,completed,
7710,6856,6857,,,,,,,,,,,completed,
7711,6857,6858,,,,,,,,,,,completed,
7712,6858,6859,,,,,,,,,,,completed,
7713,6859,6860,,,,,,,,,,,completed,
7714,6860,6861,,,,,,,,,,,completed,
7715,6861,6862,,,,,,,,,,,completed,
7716,6862,6863,,,,,,,,,,,completed,
7717,6863,6864,,,,,,,,,,,completed,
7719,6864,6865,,,,,,,,,,,completed,
7720,6865,6866,,,,,,,,,,,completed,
7721,6866,6867,,,,,,,,,,,completed,
7722,6867,6868,,,,,,,,,,,completed,
7723,6868,6869,,,,,,,,,,,completed,
7725,6869,6870,,,,,,,,,,,completed,
7727,6870,6871,,,,,,,,,,,completed,
7728,6871,6872,,,,,,,,,,,completed,
7729,6872,6873,,,,,,,,,,,completed,
7730,6873,6874,,,,,,,,,,,completed,
7731,6874,6875,,,,,,,,,,,completed,
7732,6875,6876,,,,,,,,,,,completed,
7733,6876,6877,,,,,,,,,,,completed,
7734,6877,6878,,,,,,,,,,,completed,
7735,6878,6879,,,,,,,,,,,completed,
7738,6879,6880,,,,,,,,,,,completed,
7739,6880,6881,,,,,,,,,,,completed,
7740,6881,6882,,,,,,,,,,,completed,
7743,6882,6884,,,,,,,,,,,completed,
7744,6884,6885,,,,,,,,,,,completed,
7745,6885,6886,,,,,,,,,,,completed,
7746,6886,6887,,,,,,,,,,,completed,
7748,6887,6889,,,,,,,,,,,completed,
7749,6889,6890,,,,,,,,,,,completed,
7750,6890,6891,,,,,,,,,,,completed,
7751,6891,6892,,,,,,,,,,,completed,
7753,6892,6893,,,,,,,,,,,completed,
7754,6893,6894,,,,,,,,,,,completed,
7755,6894,6895,,,,,,,,,,,completed,
7756,6895,6896,,,,,,,,,,,completed,
7757,6896,6897,,,,,,,,,,,completed,
7758,6897,6898,,,,,,,,,,,completed,
7759,6898,6900,,,,,,,,,,,completed,
7760,6900,6901,,,,,,,,,,,completed,
7761,6901,6903,,,,,,,,,,,completed,
7762,6903,6904,,,,,,,,,,,completed,
7763,6904,6905,,,,,,,,,,,completed,
7765,6905,6906,,,,,,,,,,,completed,
7766,6906,6907,,,,,,,,,,,completed,
7767,6907,6908,,,,,,,,,,,completed,
7768,6908,6909,,,,,,,,,,,completed,
7769,6909,6910,,,,,,,,,,,completed,
7770,6910,6911,,,,,,,,,,,completed,
7771,6911,6912,,,,,,,,,,,completed,
7772,6912,6913,,,,,,,,,,,completed,
7773,6913,6914,,,,,,,,,,,completed,
7776,6914,6915,,,,,,,,,,,completed,
7777,6915,6916,,,,,,,,,,,completed,
7778,6916,6918,,,,,,,,,,,completed,
7781,6918,6919,,,,,,,,,,,completed,
7783,6919,6920,,,,,,,,,,,completed,
7784,6920,6921,,,,,,,,,,,completed,
7785,6921,6922,,,,,,,,,,,completed,
7786,6922,6923,,,,,,,,,,,completed,
7788,6923,6924,,,,,,,,,,,completed,
7789,6924,6925,,,,,,,,,,,completed,
7790,6925,6926,,,,,,,,,,,completed,
7791,6926,6927,,,,,,,,,,,completed,
7792,6927,6928,,,,,,,,,,,completed,
7794,6928,6930,,,,,,,,,,,completed,
7795,6930,6931,,,,,,,,,,,completed,
7796,6931,6932,,,,,,,,,,,completed,
7797,6932,6933,,,,,,,,,,,completed,
7798,6933,6934,,,,,,,,,,,completed,
7800,6934,6935,,,,,,,,,,,completed,
7801,6935,6937,,,,,,,,,,,completed,
7802,6937,6938,,,,,,,,,,,completed,
7803,6938,6939,,,,,,,,,,,completed,
7805,6939,6940,,,,,,,,,,,completed,
7806,6940,6941,,,,,,,,,,,completed,
7807,6941,6942,,,,,,,,,,,completed,
7809,6942,6943,,,,,,,,,,,completed,
7811,6943,6944,,,,,,,,,,,completed,
7812,6944,6945,,,,,,,,,,,completed,
7813,6945,6946,,,,,,,,,,,completed,
7814,6946,6947,,,,,,,,,,,completed,
7815,6947,6948,,,,,,,,,,,completed,
7816,6948,6949,,,,,,,,,,,completed,
7817,6949,6950,,,,,,,,,,,completed,
7818,6950,6951,,,,,,,,,,,completed,
7819,6951,6952,,,,,,,,,,,completed,
7820,6952,6953,,,,,,,,,,,completed,
7821,6953,6954,,,,,,,,,,,completed,
7822,6954,6955,,,,,,,,,,,completed,
7823,6955,6956,,,,,,,,,,,completed,
7824,6956,6957,,,,,,,,,,,completed,
7825,6957,6959,,,,,,,,,,,completed,
7826,6959,6961,,,,,,,,,,,completed,
7827,6961,6962,,,,,,,,,,,completed,
7828,6962,6963,,,,,,,,,,,completed,
7829,6963,6964,,,,,,,,,,,completed,
7830,6964,6965,,,,,,,,,,,completed,
7833,6965,6966,,,,,,,,,,,completed,
7834,6966,6967,,,,,,,,,,,completed,
7836,6967,6968,,,,,,,,,,,completed,
7838,6968,6969,,,,,,,,,,,completed,
7839,6969,6970,,,,,,,,,,,completed,
7840,6970,6971,,,,,,,,,,,completed,
7842,6971,6972,,,,,,,,,,,completed,
7843,6972,6973,,,,,,,,,,,completed,
7844,6973,6974,,,,,,,,,,,completed,
7845,6974,6975,,,,,,,,,,,completed,
7846,6975,6976,,,,,,,,,,,completed,
7847,6976,6977,,,,,,,,,,,completed,
7848,6977,6979,,,,,,,,,,,completed,
7850,6979,6980,,,,,,,,,,,completed,
7851,6980,6981,,,,,,,,,,,completed,
7852,6981,6982,,,,,,,,,,,completed,
7853,6982,6984,,,,,,,,,,,completed,
7854,6984,6985,,,,,,,,,,,completed,
7856,6985,6986,,,,,,,,,,,completed,
7859,6986,6987,,,,,,,,,,,completed,
7860,6987,6988,,,,,,,,,,,completed,
7861,6988,6989,,,,,,,,,,,completed,
7862,6989,6990,,,,,,,,,,,completed,
7863,6990,6991,,,,,,,,,,,completed,
7864,6991,6992,,,,,,,,,,,completed,
7865,6992,6993,,,,,,,,,,,completed,
7866,6993,6994,,,,,,,,,,,completed,
7867,6994,6995,,,,,,,,,,,completed,
7868,6995,6997,,,,,,,,,,,completed,
7870,6997,6998,,,,,,,,,,,completed,
7871,6998,7000,,,,,,,,,,,completed,
7873,7000,7001,,,,,,,,,,,completed,
7875,7001,7002,,,,,,,,,,,completed,
7876,7002,7003,,,,,,,,,,,completed,
7877,7003,7004,,,,,,,,,,,completed,
7878,7004,7005,,,,,,,,,,,completed,
7880,7005,7006,,,,,,,,,,,completed,
7881,7006,7007,,,,,,,,,,,completed,
7882,7007,7008,,,,,,,,,,,completed,
7883,7008,7009,,,,,,,,,,,completed,
7884,7009,7010,,,,,,,,,,,completed,
7885,7010,7011,,,,,,,,,,,completed,
7886,7011,7012,,,,,,,,,,,completed,
7887,7012,7013,,,,,,,,,,,completed,
7888,7013,7014,,,,,,,,,,,completed,
7889,7014,7015,,,,,,,,,,,completed,
7890,7015,7016,,,,,,,,,,,completed,
7891,7016,7019,,,,,,,,,,,completed,
7892,7019,7020,,,,,,,,,,,completed,
7893,7020,7021,,,,,,,,,,,completed,
7894,7021,7022,,,,,,,,,,,completed,
7895,7022,7023,,,,,,,,,,,completed,
7897,7023,7024,,,,,,,,,,,completed,
7898,7024,7025,,,,,,,,,,,completed,
7899,7025,7026,,,,,,,,,,,completed,
7900,7026,7027,,,,,,,,,,,completed,
7901,7027,7028,,,,,,,,,,,completed,
7902,7028,7029,,,,,,,,,,,completed,
7903,7029,7030,,,,,,,,,,,completed,
7905,7030,7031,,,,,,,,,,,completed,
7906,7031,7032,,,,,,,,,,,completed,
7907,7032,7033,,,,,,,,,,,completed,
7908,7033,7034,,,,,,,,,,,completed,
7909,7034,7035,,,,,,,,,,,completed,
7911,7035,7036,,,,,,,,,,,completed,
7913,7036,7037,,,,,,,,,,,completed,
7914,7037,7038,,,,,,,,,,,completed,
7916,7038,7039,,,,,,,,,,,completed,
7917,7039,7040,,,,,,,,,,,completed,
7919,7040,7041,,,,,,,,,,,completed,
7920,7041,7042,,,,,,,,,,,completed,
7921,7042,7043,,,,,,,,,,,completed,
7922,7043,7044,,,,,,,,,,,completed,
7923,7044,7045,,,,,,,,,,,completed,
7924,7045,7046,,,,,,,,,,,completed,
7925,7046,7047,,,,,,,,,,,completed,
7926,7047,7048,,,,,,,,,,,completed,
7928,7048,7049,,,,,,,,,,,completed,
7929,7049,7050,,,,,,,,,,,completed,
7930,7050,7051,,,,,,,,,,,completed,
7931,7051,7052,,,,,,,,,,,completed,
7932,7052,7053,,,,,,,,,,,completed,
7933,7053,7054,,,,,,,,,,,completed,
7934,7054,7055,,,,,,,,,,,completed,
7935,7055,7056,,,,,,,,,,,completed,
7938,7056,7057,,,,,,,,,,,completed,
7939,7057,7058,,,,,,,,,,,completed,
7940,7058,7059,,,,,,,,,,,completed,
7941,7059,7060,,,,,,,,,,,completed,
7942,7060,7061,,,,,,,,,,,completed,
7943,7061,7062,,,,,,,,,,,completed,
7944,7062,7063,,,,,,,,,,,completed,
7945,7063,7064,,,,,,,,,,,completed,
7946,7064,7065,,,,,,,,,,,completed,
7947,7065,7066,,,,,,,,,,,completed,
7948,7066,7067,,,,,,,,,,,completed,
7949,7067,7068,,,,,,,,,,,completed,
7950,7068,7069,,,,,,,,,,,completed,
7951,7069,7070,,,,,,,,,,,completed,
7952,7070,7071,,,,,,,,,,,completed,
7954,7071,7072,,,,,,,,,,,completed,
7955,7072,7073,,,,,,,,,,,completed,
7956,7073,7074,,,,,,,,,,,completed,
7957,7074,7075,,,,,,,,,,,completed,
7958,7075,7076,,,,,,,,,,,completed,
7959,7076,7077,,,,,,,,,,,completed,
7960,7077,7078,,,,,,,,,,,completed,
7961,7078,7079,,,,,,,,,,,completed,
7962,7079,7080,,,,,,,,,,,completed,
7963,7080,7081,,,,,,,,,,,completed,
7964,7081,7082,,,,,,,,,,,completed,
7965,7082,7083,,,,,,,,,,,completed,
7967,7083,7084,,,,,,,,,,,completed,
7971,7084,7085,,,,,,,,,,,completed,
7972,7085,7086,,,,,,,,,,,completed,
7973,7086,7087,,,,,,,,,,,completed,
7974,7087,7088,,,,,,,,,,,completed,
7976,7088,7089,,,,,,,,,,,completed,
7978,7089,7090,,,,,,,,,,,completed,
7979,7090,7091,,,,,,,,,,,completed,
7981,7091,7092,,,,,,,,,,,completed,
7983,7092,7093,,,,,,,,,,,completed,
7984,7093,7094,,,,,,,,,,,completed,
7986,7094,7096,,,,,,,,,,,completed,
7987,7096,7097,,,,,,,,,,,completed,
7988,7097,7098,,,,,,,,,,,completed,
7989,7098,7099,,,,,,,,,,,completed,
7990,7099,7100,,,,,,,,,,,completed,
7991,7100,7101,,,,,,,,,,,completed,
7992,7101,7102,,,,,,,,,,,completed,
7993,7102,7103,,,,,,,,,,,completed,
7994,7103,7104,,,,,,,,,,,completed,
7995,7104,7105,,,,,,,,,,,completed,
7996,7105,7106,,,,,,,,,,,completed,
7998,7106,7107,,,,,,,,,,,completed,
7999,7107,7108,,,,,,,,,,,completed,
8000,7108,7109,,,,,,,,,,,completed,
8001,7109,7110,,,,,,,,,,,completed,
8002,7110,7111,,,,,,,,,,,completed,
8003,7111,7112,,,,,,,,,,,completed,
8004,7112,7113,,,,,,,,,,,completed,
8005,7113,7114,,,,,,,,,,,completed,
8006,7114,7115,,,,,,,,,,,completed,
8007,7115,7117,,,,,,,,,,,completed,
8008,7117,7118,,,,,,,,,,,completed,
8009,7118,7119,,,,,,,,,,,completed,
8010,7119,7120,,,,,,,,,,,completed,
8012,7120,7121,,,,,,,,,,,completed,
8015,7121,7122,,,,,,,,,,,completed,
8016,7122,7123,,,,,,,,,,,completed,
8017,7123,7124,,,,,,,,,,,completed,
8018,7124,7125,,,,,,,,,,,completed,
8020,7125,7126,,,,,,,,,,,completed,
8021,7126,7127,,,,,,,,,,,completed,
8022,7127,7128,,,,,,,,,,,completed,
8023,7128,7129,,,,,,,,,,,completed,
8025,7129,7130,,,,,,,,,,,completed,
8028,7130,7131,,,,,,,,,,,completed,
8029,7131,7132,,,,,,,,,,,completed,
8030,7132,7133,,,,,,,,,,,completed,
8031,7133,7134,,,,,,,,,,,completed,
8032,7134,7136,,,,,,,,,,,completed,
8033,7136,7137,,,,,,,,,,,completed,
8034,7137,7138,,,,,,,,,,,completed,
8035,7138,7139,,,,,,,,,,,completed,
8036,7139,7140,,,,,,,,,,,completed,
8037,7140,7141,,,,,,,,,,,completed,
8038,7141,7143,,,,,,,,,,,completed,
8039,7143,7144,,,,,,,,,,,completed,
8040,7144,7145,,,,,,,,,,,completed,
8042,7145,7146,,,,,,,,,,,completed,
8043,7146,7147,,,,,,,,,,,completed,
8044,7147,7148,,,,,,,,,,,completed,
8045,7148,7149,,,,,,,,,,,completed,
8046,7149,7150,,,,,,,,,,,completed,
8047,7150,7151,,,,,,,,,,,completed,
8048,7151,7152,,,,,,,,,,,completed,
8049,7152,7153,,,,,,,,,,,completed,
8050,7153,7154,,,,,,,,,,,completed,
8052,7154,7155,,,,,,,,,,,completed,
8053,7155,7156,,,,,,,,,,,completed,
8054,7156,7157,,,,,,,,,,,completed,
8055,7157,7158,,,,,,,,,,,completed,
8056,7158,7159,,,,,,,,,,,completed,
8058,7159,7160,,,,,,,,,,,completed,
8059,7160,7163,,,,,,,,,,,completed,
8061,7163,7164,,,,,,,,,,,completed,
8062,7164,7165,,,,,,,,,,,completed,
8063,7165,7166,,,,,,,,,,,completed,
8064,7166,7167,,,,,,,,,,,completed,
8066,7167,7168,,,,,,,,,,,completed,
8067,7168,7170,,,,,,,,,,,completed,
8069,7170,7172,,,,,,,,,,,completed,
8071,7172,7173,,,,,,,,,,,completed,
8072,7173,7174,,,,,,,,,,,completed,
8073,7174,7175,,,,,,,,,,,completed,
8074,7175,7177,,,,,,,,,,,completed,
8075,7177,7178,,,,,,,,,,,completed,
8076,7178,7179,,,,,,,,,,,completed,
8077,7179,7180,,,,,,,,,,,completed,
8078,7180,7181,,,,,,,,,,,completed,
8079,7181,7182,,,,,,,,,,,completed,
8080,7182,7183,,,,,,,,,,,completed,
8081,7183,7184,,,,,,,,,,,completed,
8082,7184,7185,,,,,,,,,,,completed,
8084,7185,7186,,,,,,,,,,,completed,
8085,7186,7189,,,,,,,,,,,completed,
8086,7189,7190,,,,,,,,,,,completed,
8087,7190,7191,,,,,,,,,,,completed,
8088,7191,7192,,,,,,,,,,,completed,
8090,7192,7193,,,,,,,,,,,completed,
8091,7193,7194,,,,,,,,,,,completed,
8092,7194,7195,,,,,,,,,,,completed,
8093,7195,7196,,,,,,,,,,,completed,
8094,7196,7197,,,,,,,,,,,completed,
8095,7197,7198,,,,,,,,,,,completed,
8096,7198,7199,,,,,,,,,,,completed,
8097,7199,7201,,,,,,,,,,,completed,
8098,7201,7202,,,,,,,,,,,completed,
8099,7202,7203,,,,,,,,,,,completed,
8100,7203,7204,,,,,,,,,,,completed,
8101,7204,7205,,,,,,,,,,,completed,
8102,7205,7206,,,,,,,,,,,completed,
8103,7206,7207,,,,,,,,,,,completed,
8105,7207,7208,,,,,,,,,,,completed,
8106,7208,7209,,,,,,,,,,,completed,
8107,7209,7210,,,,,,,,,,,completed,
8108,7210,7211,,,,,,,,,,,completed,
8110,7211,7212,,,,,,,,,,,completed,
8112,7212,7213,,,,,,,,,,,completed,
8114,7213,7214,,,,,,,,,,,completed,
8115,7214,7215,,,,,,,,,,,completed,
8116,7215,7216,,,,,,,,,,,completed,
8117,7216,7218,,,,,,,,,,,completed,
8118,7218,7219,,,,,,,,,,,completed,
8119,7219,7220,,,,,,,,,,,completed,
8120,7220,7221,,,,,,,,,,,completed,
8121,7221,7222,,,,,,,,,,,completed,
8122,7222,7224,,,,,,,,,,,completed,
8123,7224,7225,,,,,,,,,,,completed,
8124,7225,7227,,,,,,,,,,,completed,
8125,7227,7228,,,,,,,,,,,completed,
8126,7228,7229,,,,,,,,,,,completed,
8127,7229,7230,,,,,,,,,,,completed,
8128,7230,7231,,,,,,,,,,,completed,
8129,7231,7232,,,,,,,,,,,completed,
8130,7232,7234,,,,,,,,,,,completed,
8131,7234,7235,,,,,,,,,,,completed,
8132,7235,7236,,,,,,,,,,,completed,
8134,7236,7237,,,,,,,,,,,completed,
8135,7237,7238,,,,,,,,,,,completed,
8136,7238,7240,,,,,,,,,,,completed,
8138,7240,7241,,,,,,,,,,,completed,
8139,7241,7242,,,,,,,,,,,completed,
8140,7242,7243,,,,,,,,,,,completed,
8141,7243,7244,,,,,,,,,,,completed,
8142,7244,7245,,,,,,,,,,,completed,
8143,7245,7246,,,,,,,,,,,completed,
8144,7246,7247,,,,,,,,,,,completed,
8145,7247,7248,,,,,,,,,,,completed,
8146,7248,7249,,,,,,,,,,,completed,
8147,7249,7250,,,,,,,,,,,completed,
8148,7250,7251,,,,,,,,,,,completed,
8150,7251,7252,,,,,,,,,,,completed,
8151,7252,7253,,,,,,,,,,,completed,
8152,7253,7254,,,,,,,,,,,completed,
8153,7254,7255,,,,,,,,,,,completed,
8154,7255,7256,,,,,,,,,,,completed,
8156,7256,7257,,,,,,,,,,,completed,
8157,7257,7258,,,,,,,,,,,completed,
8158,7258,7260,,,,,,,,,,,completed,
8161,7260,7261,,,,,,,,,,,completed,
8162,7261,7262,,,,,,,,,,,completed,
8164,7262,7263,,,,,,,,,,,completed,
8165,7263,7264,,,,,,,,,,,completed,
8166,7264,7265,,,,,,,,,,,completed,
8167,7265,7266,,,,,,,,,,,completed,
8168,7266,7267,,,,,,,,,,,completed,
8169,7267,7268,,,,,,,,,,,completed,
8170,7268,7269,,,,,,,,,,,completed,
8171,7269,7270,,,,,,,,,,,completed,
8172,7270,7271,,,,,,,,,,,completed,
8173,7271,7272,,,,,,,,,,,completed,
8174,7272,7273,,,,,,,,,,,completed,
8175,7273,7274,,,,,,,,,,,completed,
8176,7274,7275,,,,,,,,,,,completed,
8177,7275,7276,,,,,,,,,,,completed,
8178,7276,7277,,,,,,,,,,,completed,
8179,7277,7278,,,,,,,,,,,completed,
8181,7278,7279,,,,,,,,,,,completed,
8182,7279,7280,,,,,,,,,,,completed,
8184,7280,7281,,,,,,,,,,,completed,
8186,7281,7282,,,,,,,,,,,completed,
8187,7282,7283,,,,,,,,,,,completed,
8188,7283,7284,,,,,,,,,,,completed,
8189,7284,7285,,,,,,,,,,,completed,
8190,7285,7286,,,,,,,,,,,completed,
8191,7286,7287,,,,,,,,,,,completed,
8192,7287,7288,,,,,,,,,,,completed,
8193,7288,7289,,,,,,,,,,,completed,
8194,7289,7290,,,,,,,,,,,completed,
8196,7290,7291,,,,,,,,,,,completed,
8197,7291,7293,,,,,,,,,,,completed,
8198,7293,7294,,,,,,,,,,,completed,
8199,7294,7295,,,,,,,,,,,completed,
8201,7295,7296,,,,,,,,,,,completed,
8203,7296,7297,,,,,,,,,,,completed,
8205,7297,7298,,,,,,,,,,,completed,
8206,7298,7299,,,,,,,,,,,completed,
8207,7299,7300,,,,,,,,,,,completed,
8208,7300,7301,,,,,,,,,,,completed,
8209,7301,7302,,,,,,,,,,,completed,
8211,7302,7303,,,,,,,,,,,completed,
8212,7303,7304,,,,,,,,,,,completed,
8213,7304,7305,,,,,,,,,,,completed,
8216,7305,7306,,,,,,,,,,,completed,
8217,7306,7307,,,,,,,,,,,completed,
8218,7307,7308,,,,,,,,,,,completed,
8219,7308,7309,,,,,,,,,,,completed,
8220,7309,7310,,,,,,,,,,,completed,
8221,7310,7311,,,,,,,,,,,completed,
8222,7311,7312,,,,,,,,,,,completed,
8223,7312,7313,,,,,,,,,,,completed,
8224,7313,7314,,,,,,,,,,,completed,
8226,7314,7315,,,,,,,,,,,completed,
8227,7315,7316,,,,,,,,,,,completed,
8228,7316,7318,,,,,,,,,,,completed,
8229,7318,7319,,,,,,,,,,,completed,
8230,7319,7320,,,,,,,,,,,completed,
8231,7320,7321,,,,,,,,,,,completed,
8232,7321,7322,,,,,,,,,,,completed,
8233,7322,7323,,,,,,,,,,,completed,
8234,7323,7324,,,,,,,,,,,completed,
8235,7324,7325,,,,,,,,,,,completed,
8236,7325,7326,,,,,,,,,,,completed,
8237,7326,7327,,,,,,,,,,,completed,
8239,7327,7328,,,,,,,,,,,completed,
8240,7328,7329,,,,,,,,,,,completed,
8241,7329,7330,,,,,,,,,,,completed,
8242,7330,7331,,,,,,,,,,,completed,
8243,7331,7333,,,,,,,,,,,completed,
8244,7333,7334,,,,,,,,,,,completed,
8245,7334,7335,,,,,,,,,,,completed,
8247,7335,7336,,,,,,,,,,,completed,
8248,7336,7337,,,,,,,,,,,completed,
8249,7337,7338,,,,,,,,,,,completed,
8250,7338,7339,,,,,,,,,,,completed,
8251,7339,7340,,,,,,,,,,,completed,
8252,7340,7341,,,,,,,,,,,completed,
8253,7341,7342,,,,,,,,,,,completed,
8254,7342,7343,,,,,,,,,,,completed,
8256,7343,7344,,,,,,,,,,,completed,
8258,7344,7346,,,,,,,,,,,completed,
8259,7346,7347,,,,,,,,,,,completed,
8260,7347,7348,,,,,,,,,,,completed,
8262,7348,7349,,,,,,,,,,,completed,
8263,7349,7350,,,,,,,,,,,completed,
8264,7350,7351,,,,,,,,,,,completed,
8265,7351,7352,,,,,,,,,,,completed,
8266,7352,7353,,,,,,,,,,,completed,
8267,7353,7354,,,,,,,,,,,completed,
8268,7354,7356,,,,,,,,,,,completed,
8269,7356,7357,,,,,,,,,,,completed,
8270,7357,7358,,,,,,,,,,,completed,
8271,7358,7359,,,,,,,,,,,completed,
8272,7359,7361,,,,,,,,,,,completed,
8273,7361,7363,,,,,,,,,,,completed,
8275,7363,7364,,,,,,,,,,,completed,
8276,7364,7365,,,,,,,,,,,completed,
8278,7365,7366,,,,,,,,,,,completed,
8279,7366,7368,,,,,,,,,,,completed,
8280,7368,7369,,,,,,,,,,,completed,
8281,7369,7370,,,,,,,,,,,completed,
8282,7370,7371,,,,,,,,,,,completed,
8283,7371,7372,,,,,,,,,,,completed,
8284,7372,7373,,,,,,,,,,,completed,
8287,7373,7374,,,,,,,,,,,completed,
8289,7374,7376,,,,,,,,,,,completed,
8290,7376,7377,,,,,,,,,,,completed,
8291,7377,7378,,,,,,,,,,,completed,
8293,7378,7379,,,,,,,,,,,completed,
8294,7379,7380,,,,,,,,,,,completed,
8295,7380,7381,,,,,,,,,,,completed,
8296,7381,7382,,,,,,,,,,,completed,
8298,7382,7383,,,,,,,,,,,completed,
8299,7383,7384,,,,,,,,,,,completed,
8300,7384,7385,,,,,,,,,,,completed,
8301,7385,7386,,,,,,,,,,,completed,
8302,7386,7387,,,,,,,,,,,completed,
8303,7387,7388,,,,,,,,,,,completed,
8305,7388,7389,,,,,,,,,,,completed,
8306,7389,7390,,,,,,,,,,,completed,
8308,7390,7392,,,,,,,,,,,completed,
8309,7392,7393,,,,,,,,,,,completed,
8310,7393,7395,,,,,,,,,,,completed,
8312,7395,7396,,,,,,,,,,,completed,
8313,7396,7399,,,,,,,,,,,completed,
8314,7399,7400,,,,,,,,,,,completed,
8315,7400,7401,,,,,,,,,,,completed,
8316,7401,7402,,,,,,,,,,,completed,
8317,7402,7403,,,,,,,,,,,completed,
8318,7403,7404,,,,,,,,,,,completed,
8319,7404,7405,,,,,,,,,,,completed,
8322,7405,7406,,,,,,,,,,,completed,
8323,7406,7407,,,,,,,,,,,completed,
8324,7407,7408,,,,,,,,,,,completed,
8325,7408,7409,,,,,,,,,,,completed,
8326,7409,7410,,,,,,,,,,,completed,
8327,7410,7411,,,,,,,,,,,completed,
8328,7411,7412,,,,,,,,,,,completed,
8329,7412,7413,,,,,,,,,,,completed,
8330,7413,7414,,,,,,,,,,,completed,
8331,7414,7416,,,,,,,,,,,completed,
8332,7416,7417,,,,,,,,,,,completed,
8333,7417,7418,,,,,,,,,,,completed,
8334,7418,7419,,,,,,,,,,,completed,
8335,7419,7420,,,,,,,,,,,completed,
8336,7420,7421,,,,,,,,,,,completed,
8337,7421,7422,,,,,,,,,,,completed,
8338,7422,7423,,,,,,,,,,,completed,
8340,7423,7424,,,,,,,,,,,completed,
8341,7424,7425,,,,,,,,,,,completed,
8342,7425,7426,,,,,,,,,,,completed,
8343,7426,7427,,,,,,,,,,,completed,
8344,7427,7428,,,,,,,,,,,completed,
8346,7428,7429,,,,,,,,,,,completed,
8347,7429,7430,,,,,,,,,,,completed,
8348,7430,7431,,,,,,,,,,,completed,
8349,7431,7432,,,,,,,,,,,completed,
8350,7432,7433,,,,,,,,,,,completed,
8351,7433,7434,,,,,,,,,,,completed,
8352,7434,7435,,,,,,,,,,,completed,
8353,7435,7436,,,,,,,,,,,completed,
8354,7436,7437,,,,,,,,,,,completed,
8355,7437,7438,,,,,,,,,,,completed,
8356,7438,7439,,,,,,,,,,,completed,
8357,7439,7440,,,,,,,,,,,completed,
8359,7440,7441,,,,,,,,,,,completed,
8360,7441,7442,,,,,,,,,,,completed,
8361,7442,7443,,,,,,,,,,,completed,
8362,7443,7444,,,,,,,,,,,completed,
8363,7444,7445,,,,,,,,,,,completed,
8365,7445,7446,,,,,,,,,,,completed,
8366,7446,7447,,,,,,,,,,,completed,
8367,7447,7448,,,,,,,,,,,completed,
8368,7448,7449,,,,,,,,,,,completed,
8369,7449,7450,,,,,,,,,,,completed,
8370,7450,7451,,,,,,,,,,,completed,
8372,7451,7452,,,,,,,,,,,completed,
8373,7452,7453,,,,,,,,,,,completed,
8374,7453,7454,,,,,,,,,,,completed,
8375,7454,7455,,,,,,,,,,,completed,
8376,7455,7456,,,,,,,,,,,completed,
8377,7456,7457,,,,,,,,,,,completed,
8378,7457,7458,,,,,,,,,,,completed,
8379,7458,7459,,,,,,,,,,,completed,
8380,7459,7460,,,,,,,,,,,completed,
8382,7460,7461,,,,,,,,,,,completed,
8383,7461,7464,,,,,,,,,,,completed,
8385,7464,7465,,,,,,,,,,,completed,
8386,7465,7466,,,,,,,,,,,completed,
8387,7466,7467,,,,,,,,,,,completed,
8388,7467,7468,,,,,,,,,,,completed,
8389,7468,7469,,,,,,,,,,,completed,
8390,7469,7470,,,,,,,,,,,completed,
8391,7470,7471,,,,,,,,,,,completed,
8392,7471,7472,,,,,,,,,,,completed,
8395,7472,7473,,,,,,,,,,,completed,
8396,7473,7474,,,,,,,,,,,completed,
8397,7474,7475,,,,,,,,,,,completed,
8398,7475,7476,,,,,,,,,,,completed,
8399,7476,7478,,,,,,,,,,,completed,
8400,7478,7479,,,,,,,,,,,completed,
8401,7479,7480,,,,,,,,,,,completed,
8402,7480,7481,,,,,,,,,,,completed,
8403,7481,7482,,,,,,,,,,,completed,
8404,7482,7483,,,,,,,,,,,completed,
8405,7483,7484,,,,,,,,,,,completed,
8406,7484,7485,,,,,,,,,,,completed,
8407,7485,7486,,,,,,,,,,,completed,
8408,7486,7487,,,,,,,,,,,completed,
8410,7487,7488,,,,,,,,,,,completed,
8411,7488,7489,,,,,,,,,,,completed,
8414,7489,7490,,,,,,,,,,,completed,
8415,7490,7491,,,,,,,,,,,completed,
8417,7491,7493,,,,,,,,,,,completed,
8418,7493,7495,,,,,,,,,,,completed,
8419,7495,7496,,,,,,,,,,,completed,
8420,7496,7497,,,,,,,,,,,completed,
8421,7497,7498,,,,,,,,,,,completed,
8422,7498,7499,,,,,,,,,,,completed,
8423,7499,7500,,,,,,,,,,,completed,
8425,7500,7501,,,,,,,,,,,completed,
8427,7501,7502,,,,,,,,,,,completed,
8429,7502,7503,,,,,,,,,,,completed,
8430,7503,7504,,,,,,,,,,,completed,
8431,7504,7505,,,,,,,,,,,completed,
8433,7505,7506,,,,,,,,,,,completed,
8434,7506,7507,,,,,,,,,,,completed,
8435,7507,7508,,,,,,,,,,,completed,
8436,7508,7509,,,,,,,,,,,completed,
8437,7509,7510,,,,,,,,,,,completed,
8438,7510,7511,,,,,,,,,,,completed,
8439,7511,7512,,,,,,,,,,,completed,
8441,7512,7513,,,,,,,,,,,completed,
8442,7513,7514,,,,,,,,,,,completed,
8443,7514,7515,,,,,,,,,,,completed,
8444,7515,7516,,,,,,,,,,,completed,
8445,7516,7517,,,,,,,,,,,completed,
8446,7517,7518,,,,,,,,,,,completed,
8448,7518,7519,,,,,,,,,,,completed,
8449,7519,7520,,,,,,,,,,,completed,
8450,7520,7521,,,,,,,,,,,completed,
8451,7521,7523,,,,,,,,,,,completed,
8452,7523,7524,,,,,,,,,,,completed,
8453,7524,7525,,,,,,,,,,,completed,
8454,7525,7526,,,,,,,,,,,completed,
8455,7526,7528,,,,,,,,,,,completed,
8456,7528,7530,,,,,,,,,,,completed,
8457,7530,7531,,,,,,,,,,,completed,
8459,7531,7532,,,,,,,,,,,completed,
8460,7532,7533,,,,,,,,,,,completed,
8461,7533,7535,,,,,,,,,,,completed,
8462,7535,7536,,,,,,,,,,,completed,
8463,7536,7537,,,,,,,,,,,completed,
8464,7537,7538,,,,,,,,,,,completed,
8465,7538,7539,,,,,,,,,,,completed,
8466,7539,7540,,,,,,,,,,,completed,
8468,7540,7541,,,,,,,,,,,completed,
8469,7541,7542,,,,,,,,,,,completed,
8470,7542,7543,,,,,,,,,,,completed,
8471,7543,7544,,,,,,,,,,,completed,
8472,7544,7545,,,,,,,,,,,completed,
8474,7545,7546,,,,,,,,,,,completed,
8475,7546,7547,,,,,,,,,,,completed,
8477,7547,7548,,,,,,,,,,,completed,
8478,7548,7549,,,,,,,,,,,completed,
8479,7549,7550,,,,,,,,,,,completed,
8480,7550,7551,,,,,,,,,,,completed,
8481,7551,7552,,,,,,,,,,,completed,
8482,7552,7553,,,,,,,,,,,completed,
8484,7553,7554,,,,,,,,,,,completed,
8485,7554,7555,,,,,,,,,,,completed,
8486,7555,7556,,,,,,,,,,,completed,
8487,7556,7557,,,,,,,,,,,completed,
8488,7557,7558,,,,,,,,,,,completed,
8489,7558,7559,,,,,,,,,,,completed,
8491,7559,7560,,,,,,,,,,,completed,
8493,7560,7561,,,,,,,,,,,completed,
8494,7561,7562,,,,,,,,,,,completed,
8496,7562,7563,,,,,,,,,,,completed,
8497,7563,7564,,,,,,,,,,,completed,
8498,7564,7565,,,,,,,,,,,completed,
8499,7565,7566,,,,,,,,,,,completed,
8501,7566,7567,,,,,,,,,,,completed,
8503,7567,7568,,,,,,,,,,,completed,
8504,7568,7569,,,,,,,,,,,completed,
8506,7569,7570,,,,,,,,,,,completed,
8507,7570,7571,,,,,,,,,,,completed,
8509,7571,7575,,,,,,,,,,,completed,
8511,7575,7576,,,,,,,,,,,completed,
8512,7576,7577,,,,,,,,,,,completed,
8514,7577,7578,,,,,,,,,,,completed,
8515,7578,7580,,,,,,,,,,,completed,
8516,7580,7582,,,,,,,,,,,completed,
8517,7582,7583,,,,,,,,,,,completed,
8519,7583,7584,,,,,,,,,,,completed,
8520,7584,7585,,,,,,,,,,,completed,
8521,7585,7587,,,,,,,,,,,completed,
8524,7587,7588,,,,,,,,,,,completed,
8525,7588,7589,,,,,,,,,,,completed,
8527,7589,7590,,,,,,,,,,,completed,
8528,7590,7591,,,,,,,,,,,completed,
8529,7591,7592,,,,,,,,,,,completed,
8530,7592,7594,,,,,,,,,,,completed,
8532,7594,7595,,,,,,,,,,,completed,
8533,7595,7596,,,,,,,,,,,completed,
8534,7596,7597,,,,,,,,,,,completed,
8535,7597,7598,,,,,,,,,,,completed,
8536,7598,7599,,,,,,,,,,,completed,
8537,7599,7600,,,,,,,,,,,completed,
8538,7600,7601,,,,,,,,,,,completed,
8539,7601,7602,,,,,,,,,,,completed,
8540,7602,7603,,,,,,,,,,,completed,
8541,7603,7604,,,,,,,,,,,completed,
8544,7604,7605,,,,,,,,,,,completed,
8545,7605,7606,,,,,,,,,,,completed,
8546,7606,7607,,,,,,,,,,,completed,
8547,7607,7608,,,,,,,,,,,completed,
8550,7608,7609,,,,,,,,,,,completed,
8551,7609,7610,,,,,,,,,,,completed,
8552,7610,7611,,,,,,,,,,,completed,
8553,7611,7612,,,,,,,,,,,completed,
8554,7612,7613,,,,,,,,,,,completed,
8555,7613,7614,,,,,,,,,,,completed,
8556,7614,7615,,,,,,,,,,,completed,
8557,7615,7616,,,,,,,,,,,completed,
8558,7616,7617,,,,,,,,,,,completed,
8559,7617,7618,,,,,,,,,,,completed,
8560,7618,7619,,,,,,,,,,,completed,
8561,7619,7620,,,,,,,,,,,completed,
8562,7620,7621,,,,,,,,,,,completed,
8563,7621,7622,,,,,,,,,,,completed,
8565,7622,7623,,,,,,,,,,,completed,
8566,7623,7624,,,,,,,,,,,completed,
8567,7624,7625,,,,,,,,,,,completed,
8568,7625,7626,,,,,,,,,,,completed,
8569,7626,7627,,,,,,,,,,,completed,
8571,7627,7628,,,,,,,,,,,completed,
8572,7628,7629,,,,,,,,,,,completed,
8573,7629,7630,,,,,,,,,,,completed,
8575,7630,7632,,,,,,,,,,,completed,
8576,7632,7633,,,,,,,,,,,completed,
8577,7633,7635,,,,,,,,,,,completed,
8578,7635,7636,,,,,,,,,,,completed,
8579,7636,7637,,,,,,,,,,,completed,
8580,7637,7639,,,,,,,,,,,completed,
8581,7639,7640,,,,,,,,,,,completed,
8583,7640,7641,,,,,,,,,,,completed,
8584,7641,7642,,,,,,,,,,,completed,
8585,7642,7643,,,,,,,,,,,completed,
8586,7643,7644,,,,,,,,,,,completed,
8588,7644,7646,,,,,,,,,,,completed,
8590,7646,7647,,,,,,,,,,,completed,
8591,7647,7648,,,,,,,,,,,completed,
8592,7648,7649,,,,,,,,,,,completed,
8593,7649,7650,,,,,,,,,,,completed,
8595,7650,7651,,,,,,,,,,,completed,
8596,7651,7652,,,,,,,,,,,completed,
8597,7652,7653,,,,,,,,,,,completed,
8598,7653,7654,,,,,,,,,,,completed,
8599,7654,7655,,,,,,,,,,,completed,
8600,7655,7657,,,,,,,,,,,completed,
8601,7657,7658,,,,,,,,,,,completed,
8602,7658,7659,,,,,,,,,,,completed,
8603,7659,7660,,,,,,,,,,,completed,
8604,7660,7661,,,,,,,,,,,completed,
8605,7661,7663,,,,,,,,,,,completed,
8606,7663,7664,,,,,,,,,,,completed,
8607,7664,7665,,,,,,,,,,,completed,
8608,7665,7666,,,,,,,,,,,completed,
8609,7666,7667,,,,,,,,,,,completed,
8611,7667,7668,,,,,,,,,,,completed,
8613,7668,7669,,,,,,,,,,,completed,
8615,7669,7670,,,,,,,,,,,completed,
8616,7670,7672,,,,,,,,,,,completed,
8618,7672,7673,,,,,,,,,,,completed,
8621,7673,7674,,,,,,,,,,,completed,
8622,7674,7675,,,,,,,,,,,completed,
8623,7675,7676,,,,,,,,,,,completed,
8624,7676,7677,,,,,,,,,,,completed,
8625,7677,7679,,,,,,,,,,,completed,
8627,7679,7680,,,,,,,,,,,completed,
8628,7680,7681,,,,,,,,,,,completed,
8629,7681,7682,,,,,,,,,,,completed,
8630,7682,7683,,,,,,,,,,,completed,
8632,7683,7684,,,,,,,,,,,completed,
8633,7684,7686,,,,,,,,,,,completed,
8634,7686,7687,,,,,,,,,,,completed,
8635,7687,7688,,,,,,,,,,,completed,
8636,7688,7689,,,,,,,,,,,completed,
8637,7689,7690,,,,,,,,,,,completed,
8638,7690,7692,,,,,,,,,,,completed,
8639,7692,7693,,,,,,,,,,,completed,
8640,7693,7694,,,,,,,,,,,completed,
8641,7694,7695,,,,,,,,,,,completed,
8642,7695,7696,,,,,,,,,,,completed,
8643,7696,7697,,,,,,,,,,,completed,
8644,7697,7698,,,,,,,,,,,completed,
8645,7698,7700,,,,,,,,,,,completed,
8647,7700,7701,,,,,,,,,,,completed,
8648,7701,7703,,,,,,,,,,,completed,
8650,7703,7704,,,,,,,,,,,completed,
8651,7704,7705,,,,,,,,,,,completed,
8652,7705,7706,,,,,,,,,,,completed,
8653,7706,7707,,,,,,,,,,,completed,
8655,7707,7708,,,,,,,,,,,completed,
8656,7708,7709,,,,,,,,,,,completed,
8657,7709,7710,,,,,,,,,,,completed,
8658,7710,7711,,,,,,,,,,,completed,
8659,7711,7712,,,,,,,,,,,completed,
8660,7712,7713,,,,,,,,,,,completed,
8661,7713,7714,,,,,,,,,,,completed,
8662,7714,7715,,,,,,,,,,,completed,
8663,7715,7716,,,,,,,,,,,completed,
8665,7716,7717,,,,,,,,,,,completed,
8667,7717,7718,,,,,,,,,,,completed,
8668,7718,7719,,,,,,,,,,,completed,
8669,7719,7720,,,,,,,,,,,completed,
8671,7720,7721,,,,,,,,,,,completed,
8672,7721,7722,,,,,,,,,,,completed,
8674,7722,7723,,,,,,,,,,,completed,
8675,7723,7724,,,,,,,,,,,completed,
8676,7724,7726,,,,,,,,,,,completed,
8677,7726,7727,,,,,,,,,,,completed,
8678,7727,7728,,,,,,,,,,,completed,
8679,7728,7729,,,,,,,,,,,completed,
8681,7729,7731,,,,,,,,,,,completed,
8682,7731,7733,,,,,,,,,,,completed,
8683,7733,7734,,,,,,,,,,,completed,
8684,7734,7735,,,,,,,,,,,completed,
8685,7735,7736,,,,,,,,,,,completed,
8686,7736,7737,,,,,,,,,,,completed,
8687,7737,7738,,,,,,,,,,,completed,
8688,7738,7739,,,,,,,,,,,completed,
8689,7739,7740,,,,,,,,,,,completed,
8690,7740,7741,,,,,,,,,,,completed,
8691,7741,7742,,,,,,,,,,,completed,
8692,7742,7743,,,,,,,,,,,completed,
8694,7743,7744,,,,,,,,,,,completed,
8695,7744,7745,,,,,,,,,,,completed,
8696,7745,7746,,,,,,,,,,,completed,
8697,7746,7747,,,,,,,,,,,completed,
8698,7747,7748,,,,,,,,,,,completed,
8700,7748,7749,,,,,,,,,,,completed,
8701,7749,7750,,,,,,,,,,,completed,
8702,7750,7751,,,,,,,,,,,completed,
8703,7751,7753,,,,,,,,,,,completed,
8705,7753,7754,,,,,,,,,,,completed,
8706,7754,7755,,,,,,,,,,,completed,
8707,7755,7756,,,,,,,,,,,completed,
8708,7756,7757,,,,,,,,,,,completed,
8709,7757,7758,,,,,,,,,,,completed,
8710,7758,7759,,,,,,,,,,,completed,
8712,7759,7760,,,,,,,,,,,completed,
8713,7760,7762,,,,,,,,,,,completed,
8714,7762,7763,,,,,,,,,,,completed,
8715,7763,7764,,,,,,,,,,,completed,
8717,7764,7765,,,,,,,,,,,completed,
8718,7765,7766,,,,,,,,,,,completed,
8719,7766,7767,,,,,,,,,,,completed,
8720,7767,7768,,,,,,,,,,,completed,
8721,7768,7769,,,,,,,,,,,completed,
8722,7769,7770,,,,,,,,,,,completed,
8723,7770,7771,,,,,,,,,,,completed,
8724,7771,7772,,,,,,,,,,,completed,
8725,7772,7773,,,,,,,,,,,completed,
8726,7773,7774,,,,,,,,,,,completed,
8727,7774,7776,,,,,,,,,,,completed,
8728,7776,7777,,,,,,,,,,,completed,
8729,7777,7779,,,,,,,,,,,completed,
8730,7779,7780,,,,,,,,,,,completed,
8731,7780,7782,,,,,,,,,,,completed,
8732,7782,7783,,,,,,,,,,,completed,
8733,7783,7784,,,,,,,,,,,completed,
8734,7784,7786,,,,,,,,,,,completed,
8736,7786,7787,,,,,,,,,,,completed,
8737,7787,7788,,,,,,,,,,,completed,
8738,7788,7789,,,,,,,,,,,completed,
8739,7789,7790,,,,,,,,,,,completed,
8741,7790,7791,,,,,,,,,,,completed,
8742,7791,7792,,,,,,,,,,,completed,
8743,7792,7793,,,,,,,,,,,completed,
8744,7793,7794,,,,,,,,,,,completed,
8745,7794,7795,,,,,,,,,,,completed,
8747,7795,7796,,,,,,,,,,,completed,
8748,7796,7797,,,,,,,,,,,completed,
8749,7797,7798,,,,,,,,,,,completed,
8750,7798,7799,,,,,,,,,,,completed,
8751,7799,7800,,,,,,,,,,,completed,
8752,7800,7801,,,,,,,,,,,completed,
8753,7801,7802,,,,,,,,,,,completed,
8754,7802,7803,,,,,,,,,,,completed,
8757,7803,7804,,,,,,,,,,,completed,
8760,7804,7805,,,,,,,,,,,completed,
8761,7805,7806,,,,,,,,,,,completed,
8763,7806,7807,,,,,,,,,,,completed,
8764,7807,7808,,,,,,,,,,,completed,
8765,7808,7809,,,,,,,,,,,completed,
8767,7809,7810,,,,,,,,,,,completed,
8768,7810,7811,,,,,,,,,,,completed,
8770,7811,7812,,,,,,,,,,,completed,
8773,7812,7813,,,,,,,,,,,completed,
8774,7813,7814,,,,,,,,,,,completed,
8775,7814,7815,,,,,,,,,,,completed,
8776,7815,7816,,,,,,,,,,,completed,
8778,7816,7817,,,,,,,,,,,completed,
8779,7817,7819,,,,,,,,,,,completed,
8780,7819,7820,,,,,,,,,,,completed,
8781,7820,7821,,,,,,,,,,,completed,
8783,7821,7822,,,,,,,,,,,completed,
8784,7822,7823,,,,,,,,,,,completed,
8785,7823,7824,,,,,,,,,,,completed,
8786,7824,7825,,,,,,,,,,,completed,
8787,7825,7826,,,,,,,,,,,completed,
8788,7826,7827,,,,,,,,,,,completed,
8789,7827,7829,,,,,,,,,,,completed,
8790,7829,7830,,,,,,,,,,,completed,
8791,7830,7831,,,,,,,,,,,completed,
8792,7831,7832,,,,,,,,,,,completed,
8793,7832,7833,,,,,,,,,,,completed,
8794,7833,7836,,,,,,,,,,,completed,
8795,7836,7837,,,,,,,,,,,completed,
8796,7837,7838,,,,,,,,,,,completed,
8797,7838,7839,,,,,,,,,,,completed,
8799,7839,7840,,,,,,,,,,,completed,
8801,7840,7841,,,,,,,,,,,completed,
8802,7841,7842,,,,,,,,,,,completed,
8803,7842,7843,,,,,,,,,,,completed,
8804,7843,7845,,,,,,,,,,,completed,
8806,7845,7848,,,,,,,,,,,completed,
8808,7848,7849,,,,,,,,,,,completed,
8809,7849,7850,,,,,,,,,,,completed,
8810,7850,7851,,,,,,,,,,,completed,
8811,7851,7852,,,,,,,,,,,completed,
8813,7852,7854,,,,,,,,,,,completed,
8814,7854,7855,,,,,,,,,,,completed,
8817,7855,7856,,,,,,,,,,,completed,
8819,7856,7857,,,,,,,,,,,completed,
8820,7857,7858,,,,,,,,,,,completed,
8821,7858,7859,,,,,,,,,,,completed,
8822,7859,7860,,,,,,,,,,,completed,
8823,7860,7861,,,,,,,,,,,completed,
8824,7861,7862,,,,,,,,,,,completed,
8825,7862,7863,,,,,,,,,,,completed,
8826,7863,7864,,,,,,,,,,,completed,
8827,7864,7865,,,,,,,,,,,completed,
8828,7865,7866,,,,,,,,,,,completed,
8830,7866,7867,,,,,,,,,,,completed,
8831,7867,7868,,,,,,,,,,,completed,
8832,7868,7869,,,,,,,,,,,completed,
8833,7869,7870,,,,,,,,,,,completed,
8835,7870,7871,,,,,,,,,,,completed,
8836,7871,7872,,,,,,,,,,,completed,
8837,7872,7873,,,,,,,,,,,completed,
8838,7873,7874,,,,,,,,,,,completed,
8839,7874,7875,,,,,,,,,,,completed,
8840,7875,7876,,,,,,,,,,,completed,
8841,7876,7877,,,,,,,,,,,completed,
8842,7877,7878,,,,,,,,,,,completed,
8843,7878,7879,,,,,,,,,,,completed,
8844,7879,7880,,,,,,,,,,,completed,
8845,7880,7881,,,,,,,,,,,completed,
8846,7881,7883,,,,,,,,,,,completed,
8847,7883,7884,,,,,,,,,,,completed,
8848,7884,7885,,,,,,,,,,,completed,
8849,7885,7886,,,,,,,,,,,completed,
8851,7886,7887,,,,,,,,,,,completed,
8852,7887,7888,,,,,,,,,,,completed,
8853,7888,7891,,,,,,,,,,,completed,
8855,7891,7892,,,,,,,,,,,completed,
8856,7892,7893,,,,,,,,,,,completed,
8857,7893,7894,,,,,,,,,,,completed,
8858,7894,7895,,,,,,,,,,,completed,
8859,7895,7896,,,,,,,,,,,completed,
8860,7896,7897,,,,,,,,,,,completed,
8861,7897,7898,,,,,,,,,,,completed,
8862,7898,7899,,,,,,,,,,,completed,
8863,7899,7900,,,,,,,,,,,completed,
8864,7900,7901,,,,,,,,,,,completed,
8865,7901,7902,,,,,,,,,,,completed,
8866,7902,7903,,,,,,,,,,,completed,
8867,7903,7904,,,,,,,,,,,completed,
8868,7904,7906,,,,,,,,,,,completed,
8869,7906,7907,,,,,,,,,,,completed,
8870,7907,7908,,,,,,,,,,,completed,
8871,7908,7909,,,,,,,,,,,completed,
8873,7909,7910,,,,,,,,,,,completed,
8874,7910,7911,,,,,,,,,,,completed,
8875,7911,7912,,,,,,,,,,,completed,
8876,7912,7913,,,,,,,,,,,completed,
8877,7913,7914,,,,,,,,,,,completed,
8880,7914,7915,,,,,,,,,,,completed,
8881,7915,7916,,,,,,,,,,,completed,
8882,7916,7918,,,,,,,,,,,completed,
8883,7918,7919,,,,,,,,,,,completed,
8885,7919,7920,,,,,,,,,,,completed,
8886,7920,7921,,,,,,,,,,,completed,
8887,7921,7922,,,,,,,,,,,completed,
8888,7922,7923,,,,,,,,,,,completed,
8889,7923,7924,,,,,,,,,,,completed,
8890,7924,7925,,,,,,,,,,,completed,
8891,7925,7926,,,,,,,,,,,completed,
8893,7926,7927,,,,,,,,,,,completed,
8895,7927,7928,,,,,,,,,,,completed,
8896,7928,7930,,,,,,,,,,,completed,
8897,7930,7931,,,,,,,,,,,completed,
8898,7931,7932,,,,,,,,,,,completed,
8899,7932,7933,,,,,,,,,,,completed,
8901,7933,7934,,,,,,,,,,,completed,
8902,7934,7935,,,,,,,,,,,completed,
8904,7935,7936,,,,,,,,,,,completed,
8906,7936,7937,,,,,,,,,,,completed,
8908,7937,7938,,,,,,,,,,,completed,
8910,7938,7939,,,,,,,,,,,completed,
8911,7939,7940,,,,,,,,,,,completed,
8912,7940,7941,,,,,,,,,,,completed,
8913,7941,7942,,,,,,,,,,,completed,
8915,7942,7943,,,,,,,,,,,completed,
8918,7943,7944,,,,,,,,,,,completed,
8919,7944,7945,,,,,,,,,,,completed,
8920,7945,7946,,,,,,,,,,,completed,
8921,7946,7947,,,,,,,,,,,completed,
8922,7947,7948,,,,,,,,,,,completed,
8923,7948,7949,,,,,,,,,,,completed,
8925,7949,7950,,,,,,,,,,,completed,
8926,7950,7951,,,,,,,,,,,completed,
8927,7951,7953,,,,,,,,,,,completed,
8928,7953,7954,,,,,,,,,,,completed,
8930,7954,7955,,,,,,,,,,,completed,
8931,7955,7956,,,,,,,,,,,completed,
8932,7956,7957,,,,,,,,,,,completed,
8933,7957,7958,,,,,,,,,,,completed,
8934,7958,7959,,,,,,,,,,,completed,
8935,7959,7960,,,,,,,,,,,completed,
8936,7960,7961,,,,,,,,,,,completed,
8937,7961,7962,,,,,,,,,,,completed,
8939,7962,7963,,,,,,,,,,,completed,
8940,7963,7964,,,,,,,,,,,completed,
8941,7964,7965,,,,,,,,,,,completed,
8944,7965,7966,,,,,,,,,,,completed,
8945,7966,7967,,,,,,,,,,,completed,
8947,7967,7968,,,,,,,,,,,completed,
8948,7968,7969,,,,,,,,,,,completed,
8949,7969,7970,,,,,,,,,,,completed,
8950,7970,7971,,,,,,,,,,,completed,
8951,7971,7972,,,,,,,,,,,completed,
8952,7972,7973,,,,,,,,,,,completed,
8953,7973,7974,,,,,,,,,,,completed,
8954,7974,7975,,,,,,,,,,,completed,
8955,7975,7977,,,,,,,,,,,completed,
8956,7977,7979,,,,,,,,,,,completed,
8958,7979,7980,,,,,,,,,,,completed,
8959,7980,7981,,,,,,,,,,,completed,
8961,7981,7982,,,,,,,,,,,completed,
8963,7982,7984,,,,,,,,,,,completed,
8964,7984,7985,,,,,,,,,,,completed,
8965,7985,7986,,,,,,,,,,,completed,
8966,7986,7987,,,,,,,,,,,completed,
8967,7987,7990,,,,,,,,,,,completed,
8969,7990,7991,,,,,,,,,,,completed,
8970,7991,7992,,,,,,,,,,,completed,
8971,7992,7993,,,,,,,,,,,completed,
8972,7993,7994,,,,,,,,,,,completed,
8973,7994,7995,,,,,,,,,,,completed,
8974,7995,7996,,,,,,,,,,,completed,
8975,7996,7997,,,,,,,,,,,completed,
8976,7997,7999,,,,,,,,,,,completed,
8977,7999,8000,,,,,,,,,,,completed,
8978,8000,8001,,,,,,,,,,,completed,
8979,8001,8002,,,,,,,,,,,completed,
8980,8002,8003,,,,,,,,,,,completed,
8981,8003,8004,,,,,,,,,,,completed,
8982,8004,8005,,,,,,,,,,,completed,
8984,8005,8006,,,,,,,,,,,completed,
8985,8006,8007,,,,,,,,,,,completed,
8986,8007,8008,,,,,,,,,,,completed,
8987,8008,8009,,,,,,,,,,,completed,
8988,8009,8010,,,,,,,,,,,completed,
8989,8010,8011,,,,,,,,,,,completed,
8991,8011,8012,,,,,,,,,,,completed,
8992,8012,8013,,,,,,,,,,,completed,
8993,8013,8014,,,,,,,,,,,completed,
8994,8014,8015,,,,,,,,,,,completed,
8995,8015,8016,,,,,,,,,,,completed,
8996,8016,8017,,,,,,,,,,,completed,
8997,8017,8018,,,,,,,,,,,completed,
8998,8018,8020,,,,,,,,,,,completed,
8999,8020,8021,,,,,,,,,,,completed,
9000,8021,8022,,,,,,,,,,,completed,
9001,8022,8023,,,,,,,,,,,completed,
9002,8023,8024,,,,,,,,,,,completed,
9003,8024,8025,,,,,,,,,,,completed,
9004,8025,8026,,,,,,,,,,,completed,
9006,8026,8027,,,,,,,,,,,completed,
9007,8027,8028,,,,,,,,,,,completed,
9008,8028,8029,,,,,,,,,,,completed,
9009,8029,8030,,,,,,,,,,,completed,
9010,8030,8032,,,,,,,,,,,completed,
9011,8032,8033,,,,,,,,,,,completed,
9012,8033,8034,,,,,,,,,,,completed,
9013,8034,8035,,,,,,,,,,,completed,
9014,8035,8036,,,,,,,,,,,completed,
9015,8036,8037,,,,,,,,,,,completed,
9016,8037,8038,,,,,,,,,,,completed,
9017,8038,8039,,,,,,,,,,,completed,
9018,8039,8040,,,,,,,,,,,completed,
9019,8040,8041,,,,,,,,,,,completed,
9020,8041,8042,,,,,,,,,,,completed,
9021,8042,8043,,,,,,,,,,,completed,
9022,8043,8044,,,,,,,,,,,completed,
9024,8044,8045,,,,,,,,,,,completed,
9025,8045,8046,,,,,,,,,,,completed,
9026,8046,8047,,,,,,,,,,,completed,
9027,8047,8048,,,,,,,,,,,completed,
9028,8048,8050,,,,,,,,,,,completed,
9029,8050,8051,,,,,,,,,,,completed,
9030,8051,8052,,,,,,,,,,,completed,
9031,8052,8053,,,,,,,,,,,completed,
9032,8053,8054,,,,,,,,,,,completed,
9033,8054,8055,,,,,,,,,,,completed,
9035,8055,8056,,,,,,,,,,,completed,
9036,8056,8057,,,,,,,,,,,completed,
9037,8057,8058,,,,,,,,,,,completed,
9039,8058,8059,,,,,,,,,,,completed,
9040,8059,8060,,,,,,,,,,,completed,
9041,8060,8061,,,,,,,,,,,completed,
9042,8061,8062,,,,,,,,,,,completed,
9043,8062,8063,,,,,,,,,,,completed,
9044,8063,8064,,,,,,,,,,,completed,
9045,8064,8065,,,,,,,,,,,completed,
9046,8065,8066,,,,,,,,,,,completed,
9048,8066,8067,,,,,,,,,,,completed,
9049,8067,8068,,,,,,,,,,,completed,
9050,8068,8069,,,,,,,,,,,completed,
9052,8069,8070,,,,,,,,,,,completed,
9053,8070,8071,,,,,,,,,,,completed,
9054,8071,8072,,,,,,,,,,,completed,
9055,8072,8073,,,,,,,,,,,completed,
9056,8073,8074,,,,,,,,,,,completed,
9057,8074,8076,,,,,,,,,,,completed,
9058,8076,8077,,,,,,,,,,,completed,
9059,8077,8078,,,,,,,,,,,completed,
9060,8078,8079,,,,,,,,,,,completed,
9061,8079,8080,,,,,,,,,,,completed,
9063,8080,8081,,,,,,,,,,,completed,
9065,8081,8082,,,,,,,,,,,completed,
9066,8082,8083,,,,,,,,,,,completed,
9067,8083,8084,,,,,,,,,,,completed,
9068,8084,8085,,,,,,,,,,,completed,
9069,8085,8086,,,,,,,,,,,completed,
9070,8086,8087,,,,,,,,,,,completed,
9071,8087,8088,,,,,,,,,,,completed,
9072,8088,8089,,,,,,,,,,,completed,
9073,8089,8090,,,,,,,,,,,completed,
9074,8090,8091,,,,,,,,,,,completed,
9075,8091,8092,,,,,,,,,,,completed,
9077,8092,8093,,,,,,,,,,,completed,
9078,8093,8095,,,,,,,,,,,completed,
9079,8095,8096,,,,,,,,,,,completed,
9080,8096,8099,,,,,,,,,,,completed,
9081,8099,8100,,,,,,,,,,,completed,
9082,8100,8101,,,,,,,,,,,completed,
9083,8101,8102,,,,,,,,,,,completed,
9084,8102,8103,,,,,,,,,,,completed,
9085,8103,8104,,,,,,,,,,,completed,
9087,8104,8105,,,,,,,,,,,completed,
9089,8105,8106,,,,,,,,,,,completed,
9090,8106,8107,,,,,,,,,,,completed,
9091,8107,8109,,,,,,,,,,,completed,
9092,8109,8110,,,,,,,,,,,completed,
9094,8110,8111,,,,,,,,,,,completed,
9095,8111,8112,,,,,,,,,,,completed,
9096,8112,8113,,,,,,,,,,,completed,
9097,8113,8114,,,,,,,,,,,completed,
9098,8114,8115,,,,,,,,,,,completed,
9099,8115,8116,,,,,,,,,,,completed,
9100,8116,8117,,,,,,,,,,,completed,
9102,8117,8118,,,,,,,,,,,completed,
9103,8118,8119,,,,,,,,,,,completed,
9104,8119,8120,,,,,,,,,,,completed,
9105,8120,8122,,,,,,,,,,,completed,
9106,8122,8123,,,,,,,,,,,completed,
9107,8123,8124,,,,,,,,,,,completed,
9108,8124,8125,,,,,,,,,,,completed,
9109,8125,8126,,,,,,,,,,,completed,
9111,8126,8127,,,,,,,,,,,completed,
9112,8127,8128,,,,,,,,,,,completed,
9114,8128,8129,,,,,,,,,,,completed,
9115,8129,8130,,,,,,,,,,,completed,
9116,8130,8131,,,,,,,,,,,completed,
9117,8131,8132,,,,,,,,,,,completed,
9119,8132,8133,,,,,,,,,,,completed,
9120,8133,8134,,,,,,,,,,,completed,
9122,8134,8136,,,,,,,,,,,completed,
9123,8136,8137,,,,,,,,,,,completed,
9124,8137,8138,,,,,,,,,,,completed,
9125,8138,8139,,,,,,,,,,,completed,
9126,8139,8140,,,,,,,,,,,completed,
9127,8140,8141,,,,,,,,,,,completed,
9128,8141,8142,,,,,,,,,,,completed,
9130,8142,8143,,,,,,,,,,,completed,
9132,8143,8144,,,,,,,,,,,completed,
9133,8144,8146,,,,,,,,,,,completed,
9134,8146,8147,,,,,,,,,,,completed,
9135,8147,8148,,,,,,,,,,,completed,
9136,8148,8149,,,,,,,,,,,completed,
9137,8149,8150,,,,,,,,,,,completed,
9138,8150,8151,,,,,,,,,,,completed,
9139,8151,8152,,,,,,,,,,,completed,
9140,8152,8153,,,,,,,,,,,completed,
9142,8153,8154,,,,,,,,,,,completed,
9143,8154,8155,,,,,,,,,,,completed,
9144,8155,8156,,,,,,,,,,,completed,
9145,8156,8157,,,,,,,,,,,completed,
9146,8157,8158,,,,,,,,,,,completed,
9147,8158,8159,,,,,,,,,,,completed,
9148,8159,8161,,,,,,,,,,,completed,
9150,8161,8162,,,,,,,,,,,completed,
9152,8162,8163,,,,,,,,,,,completed,
9153,8163,8164,,,,,,,,,,,completed,
9154,8164,8165,,,,,,,,,,,completed,
9155,8165,8166,,,,,,,,,,,completed,
9156,8166,8167,,,,,,,,,,,completed,
9157,8167,8168,,,,,,,,,,,completed,
9158,8168,8170,,,,,,,,,,,completed,
9159,8170,8171,,,,,,,,,,,completed,
9160,8171,8172,,,,,,,,,,,completed,
9161,8172,8174,,,,,,,,,,,completed,
9162,8174,8175,,,,,,,,,,,completed,
9164,8175,8176,,,,,,,,,,,completed,
9165,8176,8177,,,,,,,,,,,completed,
9166,8177,8178,,,,,,,,,,,completed,
9167,8178,8179,,,,,,,,,,,completed,
9168,8179,8180,,,,,,,,,,,completed,
9169,8180,8181,,,,,,,,,,,completed,
9170,8181,8182,,,,,,,,,,,completed,
9172,8182,8183,,,,,,,,,,,completed,
9173,8183,8184,,,,,,,,,,,completed,
9174,8184,8185,,,,,,,,,,,completed,
9175,8185,8186,,,,,,,,,,,completed,
9177,8186,8187,,,,,,,,,,,completed,
9178,8187,8188,,,,,,,,,,,completed,
9179,8188,8189,,,,,,,,,,,completed,
9181,8189,8190,,,,,,,,,,,completed,
9182,8190,8191,,,,,,,,,,,completed,
9183,8191,8192,,,,,,,,,,,completed,
9184,8192,8193,,,,,,,,,,,completed,
9185,8193,8194,,,,,,,,,,,completed,
9186,8194,8195,,,,,,,,,,,completed,
9187,8195,8196,,,,,,,,,,,completed,
9188,8196,8198,,,,,,,,,,,completed,
9189,8198,8199,,,,,,,,,,,completed,
9191,8199,8200,,,,,,,,,,,completed,
9192,8200,8201,,,,,,,,,,,completed,
9193,8201,8203,,,,,,,,,,,completed,
9195,8203,8204,,,,,,,,,,,completed,
9196,8204,8206,,,,,,,,,,,completed,
9197,8206,8207,,,,,,,,,,,completed,
9198,8207,8208,,,,,,,,,,,completed,
9199,8208,8209,,,,,,,,,,,completed,
9200,8209,8210,,,,,,,,,,,completed,
9201,8210,8211,,,,,,,,,,,completed,
9202,8211,8212,,,,,,,,,,,completed,
9204,8212,8213,,,,,,,,,,,completed,
9205,8213,8214,,,,,,,,,,,completed,
9206,8214,8215,,,,,,,,,,,completed,
9207,8215,8216,,,,,,,,,,,completed,
9208,8216,8217,,,,,,,,,,,completed,
9211,8217,8218,,,,,,,,,,,completed,
9212,8218,8219,,,,,,,,,,,completed,
9213,8219,8220,,,,,,,,,,,completed,
9214,8220,8221,,,,,,,,,,,completed,
9216,8221,8222,,,,,,,,,,,completed,
9217,8222,8223,,,,,,,,,,,completed,
9218,8223,8224,,,,,,,,,,,completed,
9219,8224,8225,,,,,,,,,,,completed,
9220,8225,8226,,,,,,,,,,,completed,
9221,8226,8227,,,,,,,,,,,completed,
9222,8227,8228,,,,,,,,,,,completed,
9224,8228,8229,,,,,,,,,,,completed,
9226,8229,8230,,,,,,,,,,,completed,
9227,8230,8231,,,,,,,,,,,completed,
9228,8231,8232,,,,,,,,,,,completed,
9229,8232,8233,,,,,,,,,,,completed,
9230,8233,8234,,,,,,,,,,,completed,
9232,8234,8235,,,,,,,,,,,completed,
9233,8235,8236,,,,,,,,,,,completed,
9234,8236,8237,,,,,,,,,,,completed,
9236,8237,8238,,,,,,,,,,,completed,
9237,8238,8239,,,,,,,,,,,completed,
9238,8239,8240,,,,,,,,,,,completed,
9239,8240,8241,,,,,,,,,,,completed,
9240,8241,8242,,,,,,,,,,,completed,
9241,8242,8243,,,,,,,,,,,completed,
9242,8243,8244,,,,,,,,,,,completed,
9243,8244,8246,,,,,,,,,,,completed,
9245,8246,8247,,,,,,,,,,,completed,
9248,8247,8248,,,,,,,,,,,completed,
9249,8248,8249,,,,,,,,,,,completed,
9251,8249,8250,,,,,,,,,,,completed,
9252,8250,8251,,,,,,,,,,,completed,
9254,8251,8252,,,,,,,,,,,completed,
9255,8252,8253,,,,,,,,,,,completed,
9256,8253,8254,,,,,,,,,,,completed,
9257,8254,8255,,,,,,,,,,,completed,
9258,8255,8256,,,,,,,,,,,completed,
9259,8256,8257,,,,,,,,,,,completed,
9260,8257,8258,,,,,,,,,,,completed,
9261,8258,8259,,,,,,,,,,,completed,
9263,8259,8260,,,,,,,,,,,completed,
9264,8260,8261,,,,,,,,,,,completed,
9265,8261,8262,,,,,,,,,,,completed,
9266,8262,8263,,,,,,,,,,,completed,
9268,8263,8264,,,,,,,,,,,completed,
9270,8264,8265,,,,,,,,,,,completed,
9272,8265,8266,,,,,,,,,,,completed,
9273,8266,8267,,,,,,,,,,,completed,
9275,8267,8268,,,,,,,,,,,completed,
9276,8268,8269,,,,,,,,,,,completed,
9277,8269,8270,,,,,,,,,,,completed,
9278,8270,8271,,,,,,,,,,,completed,
9280,8271,8272,,,,,,,,,,,completed,
9281,8272,8273,,,,,,,,,,,completed,
9282,8273,8274,,,,,,,,,,,completed,
9284,8274,8275,,,,,,,,,,,completed,
9285,8275,8276,,,,,,,,,,,completed,
9286,8276,8277,,,,,,,,,,,completed,
9287,8277,8278,,,,,,,,,,,completed,
9288,8278,8279,,,,,,,,,,,completed,
9289,8279,8280,,,,,,,,,,,completed,
9290,8280,8281,,,,,,,,,,,completed,
9291,8281,8282,,,,,,,,,,,completed,
9295,8282,8283,,,,,,,,,,,completed,
9296,8283,8284,,,,,,,,,,,completed,
9297,8284,8285,,,,,,,,,,,completed,
9298,8285,8287,,,,,,,,,,,completed,
9299,8287,8288,,,,,,,,,,,completed,
9300,8288,8290,,,,,,,,,,,completed,
9301,8290,8291,,,,,,,,,,,completed,
9302,8291,8293,,,,,,,,,,,completed,
9303,8293,8294,,,,,,,,,,,completed,
9304,8294,8295,,,,,,,,,,,completed,
9306,8295,8296,,,,,,,,,,,completed,
9307,8296,8297,,,,,,,,,,,completed,
9308,8297,8298,,,,,,,,,,,completed,
9309,8298,8299,,,,,,,,,,,completed,
9310,8299,8300,,,,,,,,,,,completed,
9313,8300,8301,,,,,,,,,,,completed,
9315,8301,8302,,,,,,,,,,,completed,
9316,8302,8303,,,,,,,,,,,completed,
9317,8303,8304,,,,,,,,,,,completed,
9318,8304,8306,,,,,,,,,,,completed,
9320,8306,8308,,,,,,,,,,,completed,
9321,8308,8309,,,,,,,,,,,completed,
9322,8309,8310,,,,,,,,,,,completed,
9324,8310,8312,,,,,,,,,,,completed,
9325,8312,8313,,,,,,,,,,,completed,
9327,8313,8314,,,,,,,,,,,completed,
9329,8314,8315,,,,,,,,,,,completed,
9330,8315,8316,,,,,,,,,,,completed,
9332,8316,8317,,,,,,,,,,,completed,
9333,8317,8318,,,,,,,,,,,completed,
9334,8318,8319,,,,,,,,,,,completed,
9335,8319,8320,,,,,,,,,,,completed,
9336,8320,8321,,,,,,,,,,,completed,
9337,8321,8322,,,,,,,,,,,completed,
9338,8322,8323,,,,,,,,,,,completed,
9339,8323,8324,,,,,,,,,,,completed,
9340,8324,8325,,,,,,,,,,,completed,
9341,8325,8326,,,,,,,,,,,completed,
9342,8326,8327,,,,,,,,,,,completed,
9343,8327,8329,,,,,,,,,,,completed,
9344,8329,8330,,,,,,,,,,,completed,
9345,8330,8331,,,,,,,,,,,completed,
9346,8331,8332,,,,,,,,,,,completed,
9347,8332,8333,,,,,,,,,,,completed,
9348,8333,8334,,,,,,,,,,,completed,
9349,8334,8335,,,,,,,,,,,completed,
9351,8335,8336,,,,,,,,,,,completed,
9352,8336,8337,,,,,,,,,,,completed,
9354,8337,8338,,,,,,,,,,,completed,
9355,8338,8340,,,,,,,,,,,completed,
9356,8340,8342,,,,,,,,,,,completed,
9357,8342,8343,,,,,,,,,,,completed,
9358,8343,8344,,,,,,,,,,,completed,
9359,8344,8345,,,,,,,,,,,completed,
9360,8345,8346,,,,,,,,,,,completed,
9361,8346,8348,,,,,,,,,,,completed,
9362,8348,8349,,,,,,,,,,,completed,
9363,8349,8350,,,,,,,,,,,completed,
9364,8350,8351,,,,,,,,,,,completed,
9365,8351,8352,,,,,,,,,,,completed,
9366,8352,8354,,,,,,,,,,,completed,
9367,8354,8355,,,,,,,,,,,completed,
9368,8355,8356,,,,,,,,,,,completed,
9369,8356,8357,,,,,,,,,,,completed,
9370,8357,8358,,,,,,,,,,,completed,
9371,8358,8359,,,,,,,,,,,completed,
9372,8359,8360,,,,,,,,,,,completed,
9373,8360,8362,,,,,,,,,,,completed,
9374,8362,8363,,,,,,,,,,,completed,
9376,8363,8364,,,,,,,,,,,completed,
9378,8364,8365,,,,,,,,,,,completed,
9379,8365,8366,,,,,,,,,,,completed,
9381,8366,8367,,,,,,,,,,,completed,
9382,8367,8368,,,,,,,,,,,completed,
9384,8368,8369,,,,,,,,,,,completed,
9385,8369,8370,,,,,,,,,,,completed,
9386,8370,8371,,,,,,,,,,,completed,
9387,8371,8372,,,,,,,,,,,completed,
9390,8372,8374,,,,,,,,,,,completed,
9392,8374,8375,,,,,,,,,,,completed,
9393,8375,8376,,,,,,,,,,,completed,
9395,8376,8377,,,,,,,,,,,completed,
9397,8377,8378,,,,,,,,,,,completed,
9398,8378,8379,,,,,,,,,,,completed,
9399,8379,8380,,,,,,,,,,,completed,
9401,8380,8381,,,,,,,,,,,completed,
9402,8381,8382,,,,,,,,,,,completed,
9403,8382,8383,,,,,,,,,,,completed,
9405,8383,8384,,,,,,,,,,,completed,
9406,8384,8385,,,,,,,,,,,completed,
9407,8385,8386,,,,,,,,,,,completed,
9409,8386,8387,,,,,,,,,,,completed,
9410,8387,8388,,,,,,,,,,,completed,
9411,8388,8389,,,,,,,,,,,completed,
9412,8389,8390,,,,,,,,,,,completed,
9413,8390,8391,,,,,,,,,,,completed,
9414,8391,8392,,,,,,,,,,,completed,
9415,8392,8393,,,,,,,,,,,completed,
9416,8393,8394,,,,,,,,,,,completed,
9417,8394,8395,,,,,,,,,,,completed,
9418,8395,8396,,,,,,,,,,,completed,
9420,8396,8397,,,,,,,,,,,completed,
9421,8397,8398,,,,,,,,,,,completed,
9422,8398,8399,,,,,,,,,,,completed,
9423,8399,8400,,,,,,,,,,,completed,
9424,8400,8402,,,,,,,,,,,completed,
9425,8402,8403,,,,,,,,,,,completed,
9426,8403,8404,,,,,,,,,,,completed,
9427,8404,8405,,,,,,,,,,,completed,
9429,8405,8407,,,,,,,,,,,completed,
9430,8407,8408,,,,,,,,,,,completed,
9432,8408,8409,,,,,,,,,,,completed,
9433,8409,8410,,,,,,,,,,,completed,
9434,8410,8411,,,,,,,,,,,completed,
9437,8411,8412,,,,,,,,,,,completed,
9439,8412,8413,,,,,,,,,,,completed,
9441,8413,8414,,,,,,,,,,,completed,
9442,8414,8415,,,,,,,,,,,completed,
9443,8415,8416,,,,,,,,,,,completed,
9444,8416,8417,,,,,,,,,,,completed,
9446,8417,8418,,,,,,,,,,,completed,
9447,8418,8420,,,,,,,,,,,completed,
9449,8420,8421,,,,,,,,,,,completed,
9451,8421,8422,,,,,,,,,,,completed,
9452,8422,8423,,,,,,,,,,,completed,
9453,8423,8424,,,,,,,,,,,completed,
9454,8424,8426,,,,,,,,,,,completed,
9455,8426,8427,,,,,,,,,,,completed,
9456,8427,8428,,,,,,,,,,,completed,
9457,8428,8429,,,,,,,,,,,completed,
9459,8429,8430,,,,,,,,,,,completed,
9460,8430,8431,,,,,,,,,,,completed,
9462,8431,8432,,,,,,,,,,,completed,
9463,8432,8433,,,,,,,,,,,completed,
9464,8433,8434,,,,,,,,,,,completed,
9465,8434,8435,,,,,,,,,,,completed,
9466,8435,8436,,,,,,,,,,,completed,
9467,8436,8438,,,,,,,,,,,completed,
9468,8438,8439,,,,,,,,,,,completed,
9469,8439,8440,,,,,,,,,,,completed,
9470,8440,8441,,,,,,,,,,,completed,
9471,8441,8442,,,,,,,,,,,completed,
9472,8442,8443,,,,,,,,,,,completed,
9473,8443,8444,,,,,,,,,,,completed,
9474,8444,8445,,,,,,,,,,,completed,
9476,8445,8446,,,,,,,,,,,completed,
9477,8446,8447,,,,,,,,,,,completed,
9478,8447,8449,,,,,,,,,,,completed,
9480,8449,8450,,,,,,,,,,,completed,
9482,8450,8451,,,,,,,,,,,completed,
9483,8451,8452,,,,,,,,,,,completed,
9484,8452,8453,,,,,,,,,,,completed,
9485,8453,8454,,,,,,,,,,,completed,
9486,8454,8455,,,,,,,,,,,completed,
9487,8455,8456,,,,,,,,,,,completed,
9488,8456,8457,,,,,,,,,,,completed,
9489,8457,8458,,,,,,,,,,,completed,
9490,8458,8462,,,,,,,,,,,completed,
9491,8462,8464,,,,,,,,,,,completed,
9492,8464,8465,,,,,,,,,,,completed,
9494,8465,8466,,,,,,,,,,,completed,
9495,8466,8467,,,,,,,,,,,completed,
9496,8467,8468,,,,,,,,,,,completed,
9498,8468,8469,,,,,,,,,,,completed,
9500,8469,8470,,,,,,,,,,,completed,
9501,8470,8471,,,,,,,,,,,completed,
9502,8471,8472,,,,,,,,,,,completed,
9503,8472,8473,,,,,,,,,,,completed,
9504,8473,8474,,,,,,,,,,,completed,
9505,8474,8475,,,,,,,,,,,completed,
9506,8475,8476,,,,,,,,,,,completed,
9508,8476,8477,,,,,,,,,,,completed,
9509,8477,8478,,,,,,,,,,,completed,
9511,8478,8479,,,,,,,,,,,completed,
9512,8479,8480,,,,,,,,,,,completed,
9513,8480,8481,,,,,,,,,,,completed,
9514,8481,8482,,,,,,,,,,,completed,
9516,8482,8483,,,,,,,,,,,completed,
9517,8483,8484,,,,,,,,,,,completed,
9518,8484,8486,,,,,,,,,,,completed,
9520,8486,8487,,,,,,,,,,,completed,
9521,8487,8488,,,,,,,,,,,completed,
9522,8488,8489,,,,,,,,,,,completed,
9524,8489,8490,,,,,,,,,,,completed,
9525,8490,8491,,,,,,,,,,,completed,
9526,8491,8492,,,,,,,,,,,completed,
9527,8492,8493,,,,,,,,,,,completed,
9529,8493,8494,,,,,,,,,,,completed,
9530,8494,8495,,,,,,,,,,,completed,
9531,8495,8496,,,,,,,,,,,completed,
9532,8496,8497,,,,,,,,,,,completed,
9535,8497,8498,,,,,,,,,,,completed,
9536,8498,8499,,,,,,,,,,,completed,
9537,8499,8500,,,,,,,,,,,completed,
9538,8500,8501,,,,,,,,,,,completed,
9539,8501,8502,,,,,,,,,,,completed,
9540,8502,8503,,,,,,,,,,,completed,
9541,8503,8504,,,,,,,,,,,completed,
9542,8504,8505,,,,,,,,,,,completed,
9543,8505,8506,,,,,,,,,,,completed,
9544,8506,8507,,,,,,,,,,,completed,
9546,8507,8508,,,,,,,,,,,completed,
9547,8508,8509,,,,,,,,,,,completed,
9549,8509,8511,,,,,,,,,,,completed,
9550,8511,8512,,,,,,,,,,,completed,
9551,8512,8513,,,,,,,,,,,completed,
9553,8513,8515,,,,,,,,,,,completed,
9554,8515,8516,,,,,,,,,,,completed,
9556,8516,8517,,,,,,,,,,,completed,
9557,8517,8518,,,,,,,,,,,completed,
9558,8518,8520,,,,,,,,,,,completed,
9559,8520,8521,,,,,,,,,,,completed,
9560,8521,8523,,,,,,,,,,,completed,
9561,8523,8524,,,,,,,,,,,completed,
9563,8524,8525,,,,,,,,,,,completed,
9564,8525,8526,,,,,,,,,,,completed,
9565,8526,8527,,,,,,,,,,,completed,
9566,8527,8528,,,,,,,,,,,completed,
9567,8528,8529,,,,,,,,,,,completed,
9568,8529,8530,,,,,,,,,,,completed,
9569,8530,8531,,,,,,,,,,,completed,
9570,8531,8533,,,,,,,,,,,completed,
9571,8533,8534,,,,,,,,,,,completed,
9573,8534,8535,,,,,,,,,,,completed,
9574,8535,8537,,,,,,,,,,,completed,
9575,8537,8539,,,,,,,,,,,completed,
9576,8539,8540,,,,,,,,,,,completed,
9578,8540,8541,,,,,,,,,,,completed,
9579,8541,8542,,,,,,,,,,,completed,
9580,8542,8543,,,,,,,,,,,completed,
9581,8543,8544,,,,,,,,,,,completed,
9582,8544,8546,,,,,,,,,,,completed,
9583,8546,8547,,,,,,,,,,,completed,
9584,8547,8548,,,,,,,,,,,completed,
9585,8548,8549,,,,,,,,,,,completed,
9586,8549,8550,,,,,,,,,,,completed,
9587,8550,8551,,,,,,,,,,,completed,
9588,8551,8552,,,,,,,,,,,completed,
9590,8552,8553,,,,,,,,,,,completed,
9591,8553,8554,,,,,,,,,,,completed,
9592,8554,8555,,,,,,,,,,,completed,
9593,8555,8556,,,,,,,,,,,completed,
9594,8556,8557,,,,,,,,,,,completed,
9595,8557,8559,,,,,,,,,,,completed,
9596,8559,8560,,,,,,,,,,,completed,
9599,8560,8561,,,,,,,,,,,completed,
9600,8561,8564,,,,,,,,,,,completed,
9601,8564,8565,,,,,,,,,,,completed,
9602,8565,8566,,,,,,,,,,,completed,
9603,8566,8567,,,,,,,,,,,completed,
9604,8567,8568,,,,,,,,,,,completed,
9605,8568,8569,,,,,,,,,,,completed,
9606,8569,8570,,,,,,,,,,,completed,
9607,8570,8571,,,,,,,,,,,completed,
9608,8571,8572,,,,,,,,,,,completed,
9609,8572,8574,,,,,,,,,,,completed,
9610,8574,8575,,,,,,,,,,,completed,
9611,8575,8576,,,,,,,,,,,completed,
9612,8576,8577,,,,,,,,,,,completed,
9613,8577,8578,,,,,,,,,,,completed,
9614,8578,8581,,,,,,,,,,,completed,
9615,8581,8582,,,,,,,,,,,completed,
9616,8582,8583,,,,,,,,,,,completed,
9617,8583,8584,,,,,,,,,,,completed,
9619,8584,8585,,,,,,,,,,,completed,
9620,8585,8586,,,,,,,,,,,completed,
9622,8586,8588,,,,,,,,,,,completed,
9624,8588,8589,,,,,,,,,,,completed,
9625,8589,8590,,,,,,,,,,,completed,
9626,8590,8591,,,,,,,,,,,completed,
9627,8591,8592,,,,,,,,,,,completed,
9628,8592,8593,,,,,,,,,,,completed,
9629,8593,8594,,,,,,,,,,,completed,
9630,8594,8595,,,,,,,,,,,completed,
9631,8595,8596,,,,,,,,,,,completed,
9632,8596,8597,,,,,,,,,,,completed,
9633,8597,8598,,,,,,,,,,,completed,
9634,8598,8599,,,,,,,,,,,completed,
9635,8599,8600,,,,,,,,,,,completed,
9636,8600,8601,,,,,,,,,,,completed,
9637,8601,8602,,,,,,,,,,,completed,
9638,8602,8603,,,,,,,,,,,completed,
9639,8603,8604,,,,,,,,,,,completed,
9640,8604,8605,,,,,,,,,,,completed,
9643,8605,8606,,,,,,,,,,,completed,
9645,8606,8607,,,,,,,,,,,completed,
9646,8607,8608,,,,,,,,,,,completed,
9647,8608,8609,,,,,,,,,,,completed,
9648,8609,8610,,,,,,,,,,,completed,
9650,8610,8611,,,,,,,,,,,completed,
9651,8611,8612,,,,,,,,,,,completed,
9652,8612,8613,,,,,,,,,,,completed,
9653,8613,8614,,,,,,,,,,,completed,
9656,8614,8616,,,,,,,,,,,completed,
9657,8616,8617,,,,,,,,,,,completed,
9658,8617,8618,,,,,,,,,,,completed,
9659,8618,8619,,,,,,,,,,,completed,
9660,8619,8620,,,,,,,,,,,completed,
9661,8620,8621,,,,,,,,,,,completed,
9663,8621,8622,,,,,,,,,,,completed,
9664,8622,8623,,,,,,,,,,,completed,
9666,8623,8624,,,,,,,,,,,completed,
9667,8624,8625,,,,,,,,,,,completed,
9668,8625,8626,,,,,,,,,,,completed,
9669,8626,8627,,,,,,,,,,,completed,
9670,8627,8628,,,,,,,,,,,completed,
9671,8628,8629,,,,,,,,,,,completed,
9672,8629,8630,,,,,,,,,,,completed,
9673,8630,8631,,,,,,,,,,,completed,
9674,8631,8633,,,,,,,,,,,completed,
9676,8633,8634,,,,,,,,,,,completed,
9677,8634,8635,,,,,,,,,,,completed,
9678,8635,8636,,,,,,,,,,,completed,
9679,8636,8637,,,,,,,,,,,completed,
9680,8637,8638,,,,,,,,,,,completed,
9682,8638,8639,,,,,,,,,,,completed,
9683,8639,8640,,,,,,,,,,,completed,
9684,8640,8641,,,,,,,,,,,completed,
9685,8641,8642,,,,,,,,,,,completed,
9686,8642,8643,,,,,,,,,,,completed,
9687,8643,8644,,,,,,,,,,,completed,
9688,8644,8645,,,,,,,,,,,completed,
9689,8645,8646,,,,,,,,,,,completed,
9690,8646,8647,,,,,,,,,,,completed,
9691,8647,8648,,,,,,,,,,,completed,
9692,8648,8649,,,,,,,,,,,completed,
9694,8649,8650,,,,,,,,,,,completed,
9695,8650,8651,,,,,,,,,,,completed,
9697,8651,8652,,,,,,,,,,,completed,
9698,8652,8653,,,,,,,,,,,completed,
9700,8653,8654,,,,,,,,,,,completed,
9703,8654,8655,,,,,,,,,,,completed,
9704,8655,8656,,,,,,,,,,,completed,
9705,8656,8657,,,,,,,,,,,completed,
9706,8657,8659,,,,,,,,,,,completed,
9707,8659,8660,,,,,,,,,,,completed,
9708,8660,8661,,,,,,,,,,,completed,
9709,8661,8662,,,,,,,,,,,completed,
9711,8662,8663,,,,,,,,,,,completed,
9712,8663,8664,,,,,,,,,,,completed,
9713,8664,8665,,,,,,,,,,,completed,
9714,8665,8666,,,,,,,,,,,completed,
9715,8666,8667,,,,,,,,,,,completed,
9716,8667,8670,,,,,,,,,,,completed,
9717,8670,8671,,,,,,,,,,,completed,
9718,8671,8672,,,,,,,,,,,completed,
9719,8672,8673,,,,,,,,,,,completed,
9720,8673,8674,,,,,,,,,,,completed,
9722,8674,8675,,,,,,,,,,,completed,
9723,8675,8676,,,,,,,,,,,completed,
9724,8676,8677,,,,,,,,,,,completed,
9725,8677,8679,,,,,,,,,,,completed,
9727,8679,8680,,,,,,,,,,,completed,
9728,8680,8681,,,,,,,,,,,completed,
9730,8681,8682,,,,,,,,,,,completed,
9731,8682,8683,,,,,,,,,,,completed,
9734,8683,8684,,,,,,,,,,,completed,
9735,8684,8685,,,,,,,,,,,completed,
9736,8685,8686,,,,,,,,,,,completed,
9737,8686,8687,,,,,,,,,,,completed,
9738,8687,8688,,,,,,,,,,,completed,
9739,8688,8690,,,,,,,,,,,completed,
9740,8690,8691,,,,,,,,,,,completed,
9741,8691,8692,,,,,,,,,,,completed,
9742,8692,8693,,,,,,,,,,,completed,
9743,8693,8694,,,,,,,,,,,completed,
9744,8694,8696,,,,,,,,,,,completed,
9745,8696,8697,,,,,,,,,,,completed,
9746,8697,8698,,,,,,,,,,,completed,
9747,8698,8699,,,,,,,,,,,completed,
9748,8699,8700,,,,,,,,,,,completed,
9749,8700,8701,,,,,,,,,,,completed,
9750,8701,8702,,,,,,,,,,,completed,
9751,8702,8705,,,,,,,,,,,completed,
9752,8705,8706,,,,,,,,,,,completed,
9753,8706,8707,,,,,,,,,,,completed,
9755,8707,8708,,,,,,,,,,,completed,
9756,8708,8709,,,,,,,,,,,completed,
9757,8709,8710,,,,,,,,,,,completed,
9759,8710,8711,,,,,,,,,,,completed,
9761,8711,8712,,,,,,,,,,,completed,
9762,8712,8713,,,,,,,,,,,completed,
9763,8713,8714,,,,,,,,,,,completed,
9764,8714,8715,,,,,,,,,,,completed,
9765,8715,8716,,,,,,,,,,,completed,
9766,8716,8717,,,,,,,,,,,completed,
9767,8717,8718,,,,,,,,,,,completed,
9768,8718,8719,,,,,,,,,,,completed,
9770,8719,8720,,,,,,,,,,,completed,
9771,8720,8721,,,,,,,,,,,completed,
9772,8721,8722,,,,,,,,,,,completed,
9774,8722,8723,,,,,,,,,,,completed,
9775,8723,8724,,,,,,,,,,,completed,
9776,8724,8725,,,,,,,,,,,completed,
9777,8725,8726,,,,,,,,,,,completed,
9779,8726,8727,,,,,,,,,,,completed,
9780,8727,8728,,,,,,,,,,,completed,
9781,8728,8729,,,,,,,,,,,completed,
9782,8729,8730,,,,,,,,,,,completed,
9783,8730,8731,,,,,,,,,,,completed,
9784,8731,8732,,,,,,,,,,,completed,
9785,8732,8733,,,,,,,,,,,completed,
9786,8733,8734,,,,,,,,,,,completed,
9787,8734,8735,,,,,,,,,,,completed,
9788,8735,8736,,,,,,,,,,,completed,
9789,8736,8738,,,,,,,,,,,completed,
9790,8738,8739,,,,,,,,,,,completed,
9791,8739,8740,,,,,,,,,,,completed,
9792,8740,8742,,,,,,,,,,,completed,
9793,8742,8743,,,,,,,,,,,completed,
9794,8743,8744,,,,,,,,,,,completed,
9795,8744,8745,,,,,,,,,,,completed,
9796,8745,8746,,,,,,,,,,,completed,
9797,8746,8747,,,,,,,,,,,completed,
9798,8747,8748,,,,,,,,,,,completed,
9799,8748,8749,,,,,,,,,,,completed,
9800,8749,8750,,,,,,,,,,,completed,
9801,8750,8751,,,,,,,,,,,completed,
9804,8751,8752,,,,,,,,,,,completed,
9805,8752,8753,,,,,,,,,,,completed,
9807,8753,8754,,,,,,,,,,,completed,
9811,8754,8755,,,,,,,,,,,completed,
9812,8755,8756,,,,,,,,,,,completed,
9813,8756,8757,,,,,,,,,,,completed,
9814,8757,8758,,,,,,,,,,,completed,
9815,8758,8759,,,,,,,,,,,completed,
9816,8759,8761,,,,,,,,,,,completed,
9817,8761,8762,,,,,,,,,,,completed,
9818,8762,8763,,,,,,,,,,,completed,
9819,8763,8764,,,,,,,,,,,completed,
9821,8764,8765,,,,,,,,,,,completed,
9822,8765,8766,,,,,,,,,,,completed,
9823,8766,8767,,,,,,,,,,,completed,
9824,8767,8768,,,,,,,,,,,completed,
9825,8768,8771,,,,,,,,,,,completed,
9826,8771,8772,,,,,,,,,,,completed,
9828,8772,8773,,,,,,,,,,,completed,
9829,8773,8774,,,,,,,,,,,completed,
9830,8774,8775,,,,,,,,,,,completed,
9831,8775,8776,,,,,,,,,,,completed,
9833,8776,8777,,,,,,,,,,,completed,
9835,8777,8778,,,,,,,,,,,completed,
9836,8778,8779,,,,,,,,,,,completed,
9837,8779,8780,,,,,,,,,,,completed,
9838,8780,8781,,,,,,,,,,,completed,
9839,8781,8782,,,,,,,,,,,completed,
9840,8782,8783,,,,,,,,,,,completed,
9842,8783,8784,,,,,,,,,,,completed,
9843,8784,8785,,,,,,,,,,,completed,
9844,8785,8786,,,,,,,,,,,completed,
9847,8786,8787,,,,,,,,,,,completed,
9849,8787,8788,,,,,,,,,,,completed,
9850,8788,8790,,,,,,,,,,,completed,
9851,8790,8791,,,,,,,,,,,completed,
9853,8791,8792,,,,,,,,,,,completed,
9854,8792,8793,,,,,,,,,,,completed,
9855,8793,8794,,,,,,,,,,,completed,
9857,8794,8796,,,,,,,,,,,completed,
9858,8796,8797,,,,,,,,,,,completed,
9859,8797,8798,,,,,,,,,,,completed,
9860,8798,8800,,,,,,,,,,,completed,
9861,8800,8801,,,,,,,,,,,completed,
9862,8801,8802,,,,,,,,,,,completed,
9863,8802,8803,,,,,,,,,,,completed,
9864,8803,8804,,,,,,,,,,,completed,
9865,8804,8805,,,,,,,,,,,completed,
9866,8805,8806,,,,,,,,,,,completed,
9867,8806,8807,,,,,,,,,,,completed,
9868,8807,8808,,,,,,,,,,,completed,
9870,8808,8809,,,,,,,,,,,completed,
9871,8809,8810,,,,,,,,,,,completed,
9872,8810,8811,,,,,,,,,,,completed,
9873,8811,8812,,,,,,,,,,,completed,
9874,8812,8813,,,,,,,,,,,completed,
9875,8813,8814,,,,,,,,,,,completed,
9876,8814,8815,,,,,,,,,,,completed,
9877,8815,8816,,,,,,,,,,,completed,
9879,8816,8817,,,,,,,,,,,completed,
9881,8817,8818,,,,,,,,,,,completed,
9883,8818,8819,,,,,,,,,,,completed,
9884,8819,8820,,,,,,,,,,,completed,
9885,8820,8821,,,,,,,,,,,completed,
9887,8821,8822,,,,,,,,,,,completed,
9889,8822,8823,,,,,,,,,,,completed,
9890,8823,8824,,,,,,,,,,,completed,
9891,8824,8825,,,,,,,,,,,completed,
9892,8825,8826,,,,,,,,,,,completed,
9893,8826,8827,,,,,,,,,,,completed,
9894,8827,8829,,,,,,,,,,,completed,
9896,8829,8830,,,,,,,,,,,completed,
9898,8830,8831,,,,,,,,,,,completed,
9899,8831,8832,,,,,,,,,,,completed,
9900,8832,8833,,,,,,,,,,,completed,
9901,8833,8834,,,,,,,,,,,completed,
9902,8834,8835,,,,,,,,,,,completed,
9903,8835,8836,,,,,,,,,,,completed,
9905,8836,8837,,,,,,,,,,,completed,
9906,8837,8838,,,,,,,,,,,completed,
9908,8838,8839,,,,,,,,,,,completed,
9909,8839,8840,,,,,,,,,,,completed,
9910,8840,8841,,,,,,,,,,,completed,
9911,8841,8842,,,,,,,,,,,completed,
9912,8842,8843,,,,,,,,,,,completed,
9913,8843,8844,,,,,,,,,,,completed,
9914,8844,8845,,,,,,,,,,,completed,
9915,8845,8846,,,,,,,,,,,completed,
9917,8846,8847,,,,,,,,,,,completed,
9918,8847,8848,,,,,,,,,,,completed,
9919,8848,8849,,,,,,,,,,,completed,
9920,8849,8850,,,,,,,,,,,completed,
9921,8850,8851,,,,,,,,,,,completed,
9922,8851,8852,,,,,,,,,,,completed,
9923,8852,8853,,,,,,,,,,,completed,
9924,8853,8854,,,,,,,,,,,completed,
9925,8854,8855,,,,,,,,,,,completed,
9926,8855,8856,,,,,,,,,,,completed,
9927,8856,8858,,,,,,,,,,,completed,
9928,8858,8859,,,,,,,,,,,completed,
9929,8859,8860,,,,,,,,,,,completed,
9930,8860,8862,,,,,,,,,,,completed,
9931,8862,8865,,,,,,,,,,,completed,
9932,8865,8866,,,,,,,,,,,completed,
9933,8866,8867,,,,,,,,,,,completed,
9934,8867,8868,,,,,,,,,,,completed,
9935,8868,8869,,,,,,,,,,,completed,
9936,8869,8870,,,,,,,,,,,completed,
9937,8870,8871,,,,,,,,,,,completed,
9938,8871,8872,,,,,,,,,,,completed,
9939,8872,8873,,,,,,,,,,,completed,
9940,8873,8874,,,,,,,,,,,completed,
9941,8874,8875,,,,,,,,,,,completed,
9942,8875,8876,,,,,,,,,,,completed,
9943,8876,8877,,,,,,,,,,,completed,
9945,8877,8878,,,,,,,,,,,completed,
9947,8878,8879,,,,,,,,,,,completed,
9948,8879,8880,,,,,,,,,,,completed,
9949,8880,8881,,,,,,,,,,,completed,
9950,8881,8882,,,,,,,,,,,completed,
9951,8882,8883,,,,,,,,,,,completed,
9952,8883,8885,,,,,,,,,,,completed,
9953,8885,8886,,,,,,,,,,,completed,
9955,8886,8887,,,,,,,,,,,completed,
9956,8887,8888,,,,,,,,,,,completed,
9957,8888,8890,,,,,,,,,,,completed,
9958,8890,8891,,,,,,,,,,,completed,
9959,8891,8892,,,,,,,,,,,completed,
9960,8892,8893,,,,,,,,,,,completed,
9961,8893,8894,,,,,,,,,,,completed,
9962,8894,8895,,,,,,,,,,,completed,
9963,8895,8896,,,,,,,,,,,completed,
9964,8896,8898,,,,,,,,,,,completed,
9965,8898,8899,,,,,,,,,,,completed,
9967,8899,8901,,,,,,,,,,,completed,
9969,8901,8902,,,,,,,,,,,completed,
9970,8902,8903,,,,,,,,,,,completed,
9971,8903,8904,,,,,,,,,,,completed,
9972,8904,8905,,,,,,,,,,,completed,
9974,8905,8906,,,,,,,,,,,completed,
9976,8906,8907,,,,,,,,,,,completed,
9977,8907,8908,,,,,,,,,,,completed,
9980,8908,8909,,,,,,,,,,,completed,
9981,8909,8910,,,,,,,,,,,completed,
9982,8910,8911,,,,,,,,,,,completed,
9983,8911,8912,,,,,,,,,,,completed,
9984,8912,8913,,,,,,,,,,,completed,
9985,8913,8914,,,,,,,,,,,completed,
9986,8914,8915,,,,,,,,,,,completed,
9988,8915,8916,,,,,,,,,,,completed,
9989,8916,8917,,,,,,,,,,,completed,
9990,8917,8918,,,,,,,,,,,completed,
9991,8918,8920,,,,,,,,,,,completed,
9993,8920,8921,,,,,,,,,,,completed,
9995,8921,8923,,,,,,,,,,,completed,
9996,8923,8924,,,,,,,,,,,completed,
9997,8924,8925,,,,,,,,,,,completed,
9999,8925,8926,,,,,,,,,,,completed,
10000,8926,8927,,,,,,,,,,,completed,
10002,8927,8928,,,,,,,,,,,completed,
10003,8928,8929,,,,,,,,,,,completed,
10004,8929,8930,,,,,,,,,,,completed,
10006,8930,8931,,,,,,,,,,,completed,
10007,8931,8933,,,,,,,,,,,completed,
10009,8933,8934,,,,,,,,,,,completed,
10010,8934,8935,,,,,,,,,,,completed,
10011,8935,8937,,,,,,,,,,,completed,
10012,8937,8938,,,,,,,,,,,completed,
10014,8938,8939,,,,,,,,,,,completed,
10015,8939,8940,,,,,,,,,,,completed,
10016,8940,8941,,,,,,,,,,,completed,
10017,8941,8942,,,,,,,,,,,completed,
10018,8942,8943,,,,,,,,,,,completed,
10019,8943,8944,,,,,,,,,,,completed,
10020,8944,8945,,,,,,,,,,,completed,
10021,8945,8946,,,,,,,,,,,completed,
10022,8946,8947,,,,,,,,,,,completed,
10023,8947,8948,,,,,,,,,,,completed,
10024,8948,8949,,,,,,,,,,,completed,
10025,8949,8950,,,,,,,,,,,completed,
10027,8950,8951,,,,,,,,,,,completed,
10028,8951,8952,,,,,,,,,,,completed,
10029,8952,8953,,,,,,,,,,,completed,
10030,8953,8954,,,,,,,,,,,completed,
10031,8954,8955,,,,,,,,,,,completed,
10033,8955,8956,,,,,,,,,,,completed,
10034,8956,8957,,,,,,,,,,,completed,
10035,8957,8958,,,,,,,,,,,completed,
10038,8958,8959,,,,,,,,,,,completed,
10040,8959,8960,,,,,,,,,,,completed,
10041,8960,8961,,,,,,,,,,,completed,
10042,8961,8962,,,,,,,,,,,completed,
10043,8962,8963,,,,,,,,,,,completed,
10044,8963,8964,,,,,,,,,,,completed,
10045,8964,8965,,,,,,,,,,,completed,
10046,8965,8966,,,,,,,,,,,completed,
10047,8966,8967,,,,,,,,,,,completed,
10048,8967,8968,,,,,,,,,,,completed,
10049,8968,8969,,,,,,,,,,,completed,
10050,8969,8970,,,,,,,,,,,completed,
10051,8970,8971,,,,,,,,,,,completed,
10052,8971,8972,,,,,,,,,,,completed,
10054,8972,8973,,,,,,,,,,,completed,
10057,8973,8974,,,,,,,,,,,completed,
10058,8974,8975,,,,,,,,,,,completed,
10060,8975,8976,,,,,,,,,,,completed,
10061,8976,8977,,,,,,,,,,,completed,
10062,8977,8978,,,,,,,,,,,completed,
10063,8978,8979,,,,,,,,,,,completed,
10064,8979,8980,,,,,,,,,,,completed,
10067,8980,8981,,,,,,,,,,,completed,
10068,8981,8982,,,,,,,,,,,completed,
10069,8982,8983,,,,,,,,,,,completed,
10070,8983,8984,,,,,,,,,,,completed,
10071,8984,8985,,,,,,,,,,,completed,
10072,8985,8986,,,,,,,,,,,completed,
10073,8986,8987,,,,,,,,,,,completed,
10074,8987,8989,,,,,,,,,,,completed,
10075,8989,8990,,,,,,,,,,,completed,
10076,8990,8992,,,,,,,,,,,completed,
10077,8992,8994,,,,,,,,,,,completed,
10079,8994,8997,,,,,,,,,,,completed,
10080,8997,8998,,,,,,,,,,,completed,
10081,8998,8999,,,,,,,,,,,completed,
10085,8999,9000,,,,,,,,,,,completed,
10086,9000,9004,,,,,,,,,,,completed,
10087,9004,9005,,,,,,,,,,,completed,
10089,9005,9006,,,,,,,,,,,completed,
10091,9006,9007,,,,,,,,,,,completed,
10093,9007,9008,,,,,,,,,,,completed,
10094,9008,9009,,,,,,,,,,,completed,
10095,9009,9010,,,,,,,,,,,completed,
10096,9010,9011,,,,,,,,,,,completed,
10097,9011,9012,,,,,,,,,,,completed,
10098,9012,9013,,,,,,,,,,,completed,
10099,9013,9014,,,,,,,,,,,completed,
10100,9014,9015,,,,,,,,,,,completed,
10101,9015,9016,,,,,,,,,,,completed,
10102,9016,9018,,,,,,,,,,,completed,
10104,9018,9019,,,,,,,,,,,completed,
10106,9019,9020,,,,,,,,,,,completed,
10107,9020,9021,,,,,,,,,,,completed,
10108,9021,9022,,,,,,,,,,,completed,
10109,9022,9023,,,,,,,,,,,completed,
10110,9023,9024,,,,,,,,,,,completed,
10111,9024,9025,,,,,,,,,,,completed,
10112,9025,9026,,,,,,,,,,,completed,
10113,9026,9027,,,,,,,,,,,completed,
10115,9027,9028,,,,,,,,,,,completed,
10116,9028,9029,,,,,,,,,,,completed,
10118,9029,9030,,,,,,,,,,,completed,
10119,9030,9031,,,,,,,,,,,completed,
10120,9031,9032,,,,,,,,,,,completed,
10121,9032,9033,,,,,,,,,,,completed,
10122,9033,9034,,,,,,,,,,,completed,
10123,9034,9035,,,,,,,,,,,completed,
10124,9035,9036,,,,,,,,,,,completed,
10125,9036,9037,,,,,,,,,,,completed,
10126,9037,9038,,,,,,,,,,,completed,
10127,9038,9039,,,,,,,,,,,completed,
10128,9039,9040,,,,,,,,,,,completed,
10130,9040,9041,,,,,,,,,,,completed,
10132,9041,9042,,,,,,,,,,,completed,
10133,9042,9043,,,,,,,,,,,completed,
10134,9043,9044,,,,,,,,,,,completed,
10135,9044,9045,,,,,,,,,,,completed,
10136,9045,9046,,,,,,,,,,,completed,
10137,9046,9047,,,,,,,,,,,completed,
10138,9047,9048,,,,,,,,,,,completed,
10139,9048,9049,,,,,,,,,,,completed,
10140,9049,9050,,,,,,,,,,,completed,
10141,9050,9051,,,,,,,,,,,completed,
10143,9051,9053,,,,,,,,,,,completed,
10144,9053,9055,,,,,,,,,,,completed,
10145,9055,9056,,,,,,,,,,,completed,
10148,9056,9057,,,,,,,,,,,completed,
10149,9057,9058,,,,,,,,,,,completed,
10151,9058,9059,,,,,,,,,,,completed,
10152,9059,9060,,,,,,,,,,,completed,
10153,9060,9061,,,,,,,,,,,completed,
10154,9061,9062,,,,,,,,,,,completed,
10155,9062,9063,,,,,,,,,,,completed,
10156,9063,9065,,,,,,,,,,,completed,
10157,9065,9066,,,,,,,,,,,completed,
10158,9066,9067,,,,,,,,,,,completed,
10159,9067,9068,,,,,,,,,,,completed,
10160,9068,9070,,,,,,,,,,,completed,
10161,9070,9071,,,,,,,,,,,completed,
10162,9071,9072,,,,,,,,,,,completed,
10164,9072,9073,,,,,,,,,,,completed,
10165,9073,9074,,,,,,,,,,,completed,
10167,9074,9075,,,,,,,,,,,completed,
10168,9075,9076,,,,,,,,,,,completed,
10169,9076,9077,,,,,,,,,,,completed,
10170,9077,9078,,,,,,,,,,,completed,
10171,9078,9079,,,,,,,,,,,completed,
10173,9079,9080,,,,,,,,,,,completed,
10174,9080,9081,,,,,,,,,,,completed,
10175,9081,9082,,,,,,,,,,,completed,
10176,9082,9083,,,,,,,,,,,completed,
10177,9083,9084,,,,,,,,,,,completed,
10178,9084,9085,,,,,,,,,,,completed,
10179,9085,9086,,,,,,,,,,,completed,
10180,9086,9087,,,,,,,,,,,completed,
10181,9087,9088,,,,,,,,,,,completed,
10182,9088,9089,,,,,,,,,,,completed,
10183,9089,9090,,,,,,,,,,,completed,
10184,9090,9091,,,,,,,,,,,completed,
10186,9091,9092,,,,,,,,,,,completed,
10188,9092,9093,,,,,,,,,,,completed,
10189,9093,9094,,,,,,,,,,,completed,
10190,9094,9095,,,,,,,,,,,completed,
10191,9095,9096,,,,,,,,,,,completed,
10192,9096,9098,,,,,,,,,,,completed,
10193,9098,9099,,,,,,,,,,,completed,
10194,9099,9100,,,,,,,,,,,completed,
10195,9100,9101,,,,,,,,,,,completed,
10196,9101,9102,,,,,,,,,,,completed,
10197,9102,9103,,,,,,,,,,,completed,
10198,9103,9104,,,,,,,,,,,completed,
10199,9104,9105,,,,,,,,,,,completed,
10201,9105,9106,,,,,,,,,,,completed,
10202,9106,9107,,,,,,,,,,,completed,
10203,9107,9108,,,,,,,,,,,completed,
10207,9108,9109,,,,,,,,,,,completed,
10208,9109,9110,,,,,,,,,,,completed,
10210,9110,9111,,,,,,,,,,,completed,
10211,9111,9112,,,,,,,,,,,completed,
10212,9112,9113,,,,,,,,,,,completed,
10213,9113,9115,,,,,,,,,,,completed,
10215,9115,9116,,,,,,,,,,,completed,
10216,9116,9118,,,,,,,,,,,completed,
10217,9118,9119,,,,,,,,,,,completed,
10218,9119,9121,,,,,,,,,,,completed,
10219,9121,9123,,,,,,,,,,,completed,
10220,9123,9124,,,,,,,,,,,completed,
10223,9124,9125,,,,,,,,,,,completed,
10224,9125,9126,,,,,,,,,,,completed,
10225,9126,9127,,,,,,,,,,,completed,
10226,9127,9129,,,,,,,,,,,completed,
10227,9129,9130,,,,,,,,,,,completed,
10229,9130,9131,,,,,,,,,,,completed,
10230,9131,9133,,,,,,,,,,,completed,
10231,9133,9134,,,,,,,,,,,completed,
10233,9134,9135,,,,,,,,,,,completed,
10234,9135,9136,,,,,,,,,,,completed,
10235,9136,9137,,,,,,,,,,,completed,
10236,9137,9139,,,,,,,,,,,completed,
10237,9139,9141,,,,,,,,,,,completed,
10238,9141,9142,,,,,,,,,,,completed,
10239,9142,9143,,,,,,,,,,,completed,
10240,9143,9144,,,,,,,,,,,completed,
10241,9144,9145,,,,,,,,,,,completed,
10242,9145,9146,,,,,,,,,,,completed,
10243,9146,9147,,,,,,,,,,,completed,
10245,9147,9149,,,,,,,,,,,completed,
10246,9149,9151,,,,,,,,,,,completed,
10247,9151,9152,,,,,,,,,,,completed,
10248,9152,9153,,,,,,,,,,,completed,
10249,9153,9155,,,,,,,,,,,completed,
10250,9155,9156,,,,,,,,,,,completed,
10251,9156,9157,,,,,,,,,,,completed,
10252,9157,9158,,,,,,,,,,,completed,
10253,9158,9159,,,,,,,,,,,completed,
10254,9159,9160,,,,,,,,,,,completed,
10255,9160,9161,,,,,,,,,,,completed,
10256,9161,9162,,,,,,,,,,,completed,
10257,9162,9163,,,,,,,,,,,completed,
10259,9163,9164,,,,,,,,,,,completed,
10260,9164,9165,,,,,,,,,,,completed,
10261,9165,9166,,,,,,,,,,,completed,
10264,9166,9167,,,,,,,,,,,completed,
10265,9167,9168,,,,,,,,,,,completed,
10266,9168,9169,,,,,,,,,,,completed,
10268,9169,9170,,,,,,,,,,,completed,
10269,9170,9171,,,,,,,,,,,completed,
10270,9171,9172,,,,,,,,,,,completed,
10271,9172,9173,,,,,,,,,,,completed,
10272,9173,9174,,,,,,,,,,,completed,
10273,9174,9175,,,,,,,,,,,completed,
10274,9175,9176,,,,,,,,,,,completed,
10275,9176,9177,,,,,,,,,,,completed,
10276,9177,9178,,,,,,,,,,,completed,
10277,9178,9179,,,,,,,,,,,completed,
10278,9179,9180,,,,,,,,,,,completed,
10279,9180,9181,,,,,,,,,,,completed,
10280,9181,9182,,,,,,,,,,,completed,
10281,9182,9183,,,,,,,,,,,completed,
10282,9183,9184,,,,,,,,,,,completed,
10283,9184,9185,,,,,,,,,,,completed,
10284,9185,9186,,,,,,,,,,,completed,
10285,9186,9188,,,,,,,,,,,completed,
10286,9188,9189,,,,,,,,,,,completed,
10287,9189,9190,,,,,,,,,,,completed,
10288,9190,9191,,,,,,,,,,,completed,
10289,9191,9192,,,,,,,,,,,completed,
10290,9192,9193,,,,,,,,,,,completed,
10293,9193,9194,,,,,,,,,,,completed,
10294,9194,9195,,,,,,,,,,,completed,
10295,9195,9196,,,,,,,,,,,completed,
10297,9196,9197,,,,,,,,,,,completed,
10298,9197,9198,,,,,,,,,,,completed,
10299,9198,9199,,,,,,,,,,,completed,
10300,9199,9200,,,,,,,,,,,completed,
10301,9200,9201,,,,,,,,,,,completed,
10303,9201,9202,,,,,,,,,,,completed,
10304,9202,9203,,,,,,,,,,,completed,
10307,9203,9204,,,,,,,,,,,completed,
10308,9204,9206,,,,,,,,,,,completed,
10310,9206,9207,,,,,,,,,,,completed,
10312,9207,9209,,,,,,,,,,,completed,
10313,9209,9210,,,,,,,,,,,completed,
10314,9210,9212,,,,,,,,,,,completed,
10315,9212,9213,,,,,,,,,,,completed,
10317,9213,9214,,,,,,,,,,,completed,
10318,9214,9215,,,,,,,,,,,completed,
10319,9215,9216,,,,,,,,,,,completed,
10320,9216,9217,,,,,,,,,,,completed,
10321,9217,9218,,,,,,,,,,,completed,
10322,9218,9220,,,,,,,,,,,completed,
10324,9220,9221,,,,,,,,,,,completed,
10325,9221,9222,,,,,,,,,,,completed,
10326,9222,9224,,,,,,,,,,,completed,
10328,9224,9225,,,,,,,,,,,completed,
10329,9225,9226,,,,,,,,,,,completed,
10330,9226,9227,,,,,,,,,,,completed,
10331,9227,9228,,,,,,,,,,,completed,
10332,9228,9229,,,,,,,,,,,completed,
10333,9229,9230,,,,,,,,,,,completed,
10335,9230,9233,,,,,,,,,,,completed,
10336,9233,9234,,,,,,,,,,,completed,
10337,9234,9235,,,,,,,,,,,completed,
10341,9235,9236,,,,,,,,,,,completed,
10342,9236,9237,,,,,,,,,,,completed,
10343,9237,9238,,,,,,,,,,,completed,
10345,9238,9239,,,,,,,,,,,completed,
10348,9239,9240,,,,,,,,,,,completed,
10349,9240,9241,,,,,,,,,,,completed,
10350,9241,9242,,,,,,,,,,,completed,
10352,9242,9243,,,,,,,,,,,completed,
10356,9243,9244,,,,,,,,,,,completed,
10357,9244,9245,,,,,,,,,,,completed,
10358,9245,9246,,,,,,,,,,,completed,
10359,9246,9247,,,,,,,,,,,completed,
10362,9247,9250,,,,,,,,,,,completed,
10363,9250,9251,,,,,,,,,,,completed,
10364,9251,9252,,,,,,,,,,,completed,
10365,9252,9253,,,,,,,,,,,completed,
10368,9253,9254,,,,,,,,,,,completed,
10369,9254,9256,,,,,,,,,,,completed,
10370,9256,9257,,,,,,,,,,,completed,
10371,9257,9258,,,,,,,,,,,completed,
10373,9258,9259,,,,,,,,,,,completed,
10374,9259,9260,,,,,,,,,,,completed,
10375,9260,9261,,,,,,,,,,,completed,
10376,9261,9262,,,,,,,,,,,completed,
10377,9262,9263,,,,,,,,,,,completed,
10378,9263,9266,,,,,,,,,,,completed,
10379,9266,9267,,,,,,,,,,,completed,
10380,9267,9268,,,,,,,,,,,completed,
10381,9268,9269,,,,,,,,,,,completed,
10382,9269,9270,,,,,,,,,,,completed,
10384,9270,9271,,,,,,,,,,,completed,
10386,9271,9272,,,,,,,,,,,completed,
10387,9272,9273,,,,,,,,,,,completed,
10388,9273,9274,,,,,,,,,,,completed,
10389,9274,9276,,,,,,,,,,,completed,
10390,9276,9277,,,,,,,,,,,completed,
10391,9277,9278,,,,,,,,,,,completed,
10392,9278,9279,,,,,,,,,,,completed,
10393,9279,9280,,,,,,,,,,,completed,
10394,9280,9281,,,,,,,,,,,completed,
10395,9281,9282,,,,,,,,,,,completed,
10397,9282,9283,,,,,,,,,,,completed,
10398,9283,9284,,,,,,,,,,,completed,
10399,9284,9285,,,,,,,,,,,completed,
10400,9285,9286,,,,,,,,,,,completed,
10401,9286,9287,,,,,,,,,,,completed,
10402,9287,9290,,,,,,,,,,,completed,
10406,9290,9291,,,,,,,,,,,completed,
10409,9291,9292,,,,,,,,,,,completed,
10410,9292,9293,,,,,,,,,,,completed,
10411,9293,9294,,,,,,,,,,,completed,
10412,9294,9295,,,,,,,,,,,completed,
10413,9295,9296,,,,,,,,,,,completed,
10414,9296,9297,,,,,,,,,,,completed,
10415,9297,9298,,,,,,,,,,,completed,
10416,9298,9299,,,,,,,,,,,completed,
10417,9299,9300,,,,,,,,,,,completed,
10418,9300,9301,,,,,,,,,,,completed,
10421,9301,9302,,,,,,,,,,,completed,
10422,9302,9303,,,,,,,,,,,completed,
10424,9303,9304,,,,,,,,,,,completed,
10425,9304,9306,,,,,,,,,,,completed,
10426,9306,9307,,,,,,,,,,,completed,
10427,9307,9308,,,,,,,,,,,completed,
10428,9308,9309,,,,,,,,,,,completed,
10429,9309,9312,,,,,,,,,,,completed,
10430,9312,9313,,,,,,,,,,,completed,
10431,9313,9314,,,,,,,,,,,completed,
10432,9314,9315,,,,,,,,,,,completed,
10433,9315,9316,,,,,,,,,,,completed,
10434,9316,9317,,,,,,,,,,,completed,
10435,9317,9318,,,,,,,,,,,completed,
10436,9318,9319,,,,,,,,,,,completed,
10437,9319,9320,,,,,,,,,,,completed,
10439,9320,9321,,,,,,,,,,,completed,
10440,9321,9322,,,,,,,,,,,completed,
10441,9322,9323,,,,,,,,,,,completed,
10442,9323,9324,,,,,,,,,,,completed,
10443,9324,9326,,,,,,,,,,,completed,
10444,9326,9327,,,,,,,,,,,completed,
10445,9327,9328,,,,,,,,,,,completed,
10446,9328,9329,,,,,,,,,,,completed,
10447,9329,9331,,,,,,,,,,,completed,
10448,9331,9332,,,,,,,,,,,completed,
10450,9332,9333,,,,,,,,,,,completed,
10451,9333,9334,,,,,,,,,,,completed,
10452,9334,9335,,,,,,,,,,,completed,
10453,9335,9336,,,,,,,,,,,completed,
10454,9336,9337,,,,,,,,,,,completed,
10456,9337,9340,,,,,,,,,,,completed,
10457,9340,9341,,,,,,,,,,,completed,
10458,9341,9343,,,,,,,,,,,completed,
10459,9343,9344,,,,,,,,,,,completed,
10460,9344,9345,,,,,,,,,,,completed,
10461,9345,9346,,,,,,,,,,,completed,
10462,9346,9347,,,,,,,,,,,completed,
10463,9347,9349,,,,,,,,,,,completed,
10464,9349,9350,,,,,,,,,,,completed,
10465,9350,9351,,,,,,,,,,,completed,
10466,9351,9352,,,,,,,,,,,completed,
10469,9352,9354,,,,,,,,,,,completed,
10470,9354,9355,,,,,,,,,,,completed,
10471,9355,9356,,,,,,,,,,,completed,
10472,9356,9357,,,,,,,,,,,completed,
10473,9357,9358,,,,,,,,,,,completed,
10474,9358,9359,,,,,,,,,,,completed,
10475,9359,9360,,,,,,,,,,,completed,
10477,9360,9361,,,,,,,,,,,completed,
10478,9361,9362,,,,,,,,,,,completed,
10479,9362,9363,,,,,,,,,,,completed,
10481,9363,9364,,,,,,,,,,,completed,
10482,9364,9365,,,,,,,,,,,completed,
10483,9365,9367,,,,,,,,,,,completed,
10485,9367,9368,,,,,,,,,,,completed,
10488,9368,9369,,,,,,,,,,,completed,
10489,9369,9370,,,,,,,,,,,completed,
10490,9370,9371,,,,,,,,,,,completed,
10491,9371,9373,,,,,,,,,,,completed,
10492,9373,9374,,,,,,,,,,,completed,
10493,9374,9375,,,,,,,,,,,completed,
10494,9375,9376,,,,,,,,,,,completed,
10495,9376,9377,,,,,,,,,,,completed,
10496,9377,9378,,,,,,,,,,,completed,
10497,9378,9379,,,,,,,,,,,completed,
10498,9379,9380,,,,,,,,,,,completed,
10499,9380,9381,,,,,,,,,,,completed,
10500,9381,9382,,,,,,,,,,,completed,
10501,9382,9383,,,,,,,,,,,completed,
10503,9383,9384,,,,,,,,,,,completed,
10505,9384,9385,,,,,,,,,,,completed,
10507,9385,9386,,,,,,,,,,,completed,
10510,9386,9387,,,,,,,,,,,completed,
10511,9387,9388,,,,,,,,,,,completed,
10514,9388,9389,,,,,,,,,,,completed,
10516,9389,9390,,,,,,,,,,,completed,
10517,9390,9391,,,,,,,,,,,completed,
10518,9391,9392,,,,,,,,,,,completed,
10519,9392,9393,,,,,,,,,,,completed,
10520,9393,9394,,,,,,,,,,,completed,
10521,9394,9395,,,,,,,,,,,completed,
10522,9395,9396,,,,,,,,,,,completed,
10523,9396,9397,,,,,,,,,,,completed,
10524,9397,9398,,,,,,,,,,,completed,
10525,9398,9399,,,,,,,,,,,completed,
10526,9399,9400,,,,,,,,,,,completed,
10527,9400,9401,,,,,,,,,,,completed,
10528,9401,9402,,,,,,,,,,,completed,
10530,9402,9403,,,,,,,,,,,completed,
10531,9403,9404,,,,,,,,,,,completed,
10532,9404,9405,,,,,,,,,,,completed,
10533,9405,9406,,,,,,,,,,,completed,
10535,9406,9408,,,,,,,,,,,completed,
10536,9408,9409,,,,,,,,,,,completed,
10537,9409,9411,,,,,,,,,,,completed,
10538,9411,9412,,,,,,,,,,,completed,
10539,9412,9413,,,,,,,,,,,completed,
10540,9413,9414,,,,,,,,,,,completed,
10541,9414,9415,,,,,,,,,,,completed,
10542,9415,9416,,,,,,,,,,,completed,
10543,9416,9417,,,,,,,,,,,completed,
10544,9417,9418,,,,,,,,,,,completed,
10545,9418,9419,,,,,,,,,,,completed,
10546,9419,9421,,,,,,,,,,,completed,
10547,9421,9422,,,,,,,,,,,completed,
10548,9422,9423,,,,,,,,,,,completed,
10550,9423,9424,,,,,,,,,,,completed,
10551,9424,9425,,,,,,,,,,,completed,
10552,9425,9426,,,,,,,,,,,completed,
10553,9426,9427,,,,,,,,,,,completed,
10554,9427,9428,,,,,,,,,,,completed,
10555,9428,9429,,,,,,,,,,,completed,
10556,9429,9430,,,,,,,,,,,completed,
10557,9430,9432,,,,,,,,,,,completed,
10558,9432,9433,,,,,,,,,,,completed,
10559,9433,9434,,,,,,,,,,,completed,
10560,9434,9436,,,,,,,,,,,completed,
10562,9436,9437,,,,,,,,,,,completed,
10563,9437,9438,,,,,,,,,,,completed,
10564,9438,9439,,,,,,,,,,,completed,
10565,9439,9440,,,,,,,,,,,completed,
10567,9440,9441,,,,,,,,,,,completed,
10568,9441,9442,,,,,,,,,,,completed,
10570,9442,9443,,,,,,,,,,,completed,
10571,9443,9444,,,,,,,,,,,completed,
10572,9444,9445,,,,,,,,,,,completed,
10573,9445,9446,,,,,,,,,,,completed,
10574,9446,9447,,,,,,,,,,,completed,
10575,9447,9448,,,,,,,,,,,completed,
10576,9448,9449,,,,,,,,,,,completed,
10577,9449,9450,,,,,,,,,,,completed,
10578,9450,9451,,,,,,,,,,,completed,
10579,9451,9452,,,,,,,,,,,completed,
10580,9452,9453,,,,,,,,,,,completed,
10582,9453,9454,,,,,,,,,,,completed,
10583,9454,9455,,,,,,,,,,,completed,
10584,9455,9456,,,,,,,,,,,completed,
10585,9456,9457,,,,,,,,,,,completed,
10586,9457,9460,,,,,,,,,,,completed,
10587,9460,9461,,,,,,,,,,,completed,
10588,9461,9462,,,,,,,,,,,completed,
10589,9462,9463,,,,,,,,,,,completed,
10590,9463,9464,,,,,,,,,,,completed,
10591,9464,9465,,,,,,,,,,,completed,
10592,9465,9466,,,,,,,,,,,completed,
10593,9466,9467,,,,,,,,,,,completed,
10594,9467,9468,,,,,,,,,,,completed,
10595,9468,9469,,,,,,,,,,,completed,
10596,9469,9470,,,,,,,,,,,completed,
10597,9470,9471,,,,,,,,,,,completed,
10598,9471,9472,,,,,,,,,,,completed,
10599,9472,9473,,,,,,,,,,,completed,
10600,9473,9474,,,,,,,,,,,completed,
10601,9474,9475,,,,,,,,,,,completed,
10602,9475,9476,,,,,,,,,,,completed,
10603,9476,9477,,,,,,,,,,,completed,
10604,9477,9478,,,,,,,,,,,completed,
10605,9478,9479,,,,,,,,,,,completed,
10606,9479,9480,,,,,,,,,,,completed,
10608,9480,9481,,,,,,,,,,,completed,
10609,9481,9482,,,,,,,,,,,completed,
10610,9482,9483,,,,,,,,,,,completed,
10611,9483,9484,,,,,,,,,,,completed,
10613,9484,9485,,,,,,,,,,,completed,
10614,9485,9486,,,,,,,,,,,completed,
10615,9486,9488,,,,,,,,,,,completed,
10616,9488,9489,,,,,,,,,,,completed,
10618,9489,9490,,,,,,,,,,,completed,
10619,9490,9491,,,,,,,,,,,completed,
10621,9491,9493,,,,,,,,,,,completed,
10622,9493,9494,,,,,,,,,,,completed,
10623,9494,9495,,,,,,,,,,,completed,
10624,9495,9496,,,,,,,,,,,completed,
10625,9496,9497,,,,,,,,,,,completed,
10626,9497,9498,,,,,,,,,,,completed,
10627,9498,9499,,,,,,,,,,,completed,
10628,9499,9500,,,,,,,,,,,completed,
10630,9500,9501,,,,,,,,,,,completed,
10631,9501,9502,,,,,,,,,,,completed,
10632,9502,9503,,,,,,,,,,,completed,
10633,9503,9504,,,,,,,,,,,completed,
10634,9504,9505,,,,,,,,,,,completed,
10635,9505,9506,,,,,,,,,,,completed,
10636,9506,9507,,,,,,,,,,,completed,
10637,9507,9508,,,,,,,,,,,completed,
10638,9508,9509,,,,,,,,,,,completed,
10639,9509,9510,,,,,,,,,,,completed,
10641,9510,9511,,,,,,,,,,,completed,
10642,9511,9512,,,,,,,,,,,completed,
10643,9512,9513,,,,,,,,,,,completed,
10644,9513,9514,,,,,,,,,,,completed,
10645,9514,9515,,,,,,,,,,,completed,
10646,9515,9516,,,,,,,,,,,completed,
10647,9516,9517,,,,,,,,,,,completed,
10648,9517,9518,,,,,,,,,,,completed,
10649,9518,9519,,,,,,,,,,,completed,
10651,9519,9520,,,,,,,,,,,completed,
10652,9520,9521,,,,,,,,,,,completed,
10653,9521,9523,,,,,,,,,,,completed,
10654,9523,9524,,,,,,,,,,,completed,
10656,9524,9525,,,,,,,,,,,completed,
10657,9525,9526,,,,,,,,,,,completed,
10659,9526,9527,,,,,,,,,,,completed,
10660,9527,9528,,,,,,,,,,,completed,
10662,9528,9529,,,,,,,,,,,completed,
10663,9529,9530,,,,,,,,,,,completed,
10664,9530,9531,,,,,,,,,,,completed,
10665,9531,9532,,,,,,,,,,,completed,
10667,9532,9533,,,,,,,,,,,completed,
10668,9533,9534,,,,,,,,,,,completed,
10671,9534,9535,,,,,,,,,,,completed,
10672,9535,9536,,,,,,,,,,,completed,
10673,9536,9537,,,,,,,,,,,completed,
10674,9537,9538,,,,,,,,,,,completed,
10675,9538,9539,,,,,,,,,,,completed,
10676,9539,9540,,,,,,,,,,,completed,
10677,9540,9541,,,,,,,,,,,completed,
10678,9541,9542,,,,,,,,,,,completed,
10679,9542,9543,,,,,,,,,,,completed,
10680,9543,9544,,,,,,,,,,,completed,
10681,9544,9545,,,,,,,,,,,completed,
10683,9545,9546,,,,,,,,,,,completed,
10685,9546,9547,,,,,,,,,,,completed,
10686,9547,9548,,,,,,,,,,,completed,
10688,9548,9549,,,,,,,,,,,completed,
10689,9549,9550,,,,,,,,,,,completed,
10690,9550,9551,,,,,,,,,,,completed,
10691,9551,9552,,,,,,,,,,,completed,
10692,9552,9553,,,,,,,,,,,completed,
10694,9553,9554,,,,,,,,,,,completed,
10695,9554,9556,,,,,,,,,,,completed,
10696,9556,9557,,,,,,,,,,,completed,
10697,9557,9558,,,,,,,,,,,completed,
10698,9558,9559,,,,,,,,,,,completed,
10699,9559,9560,,,,,,,,,,,completed,
10700,9560,9561,,,,,,,,,,,completed,
10701,9561,9562,,,,,,,,,,,completed,
10703,9562,9563,,,,,,,,,,,completed,
10704,9563,9564,,,,,,,,,,,completed,
10705,9564,9565,,,,,,,,,,,completed,
10707,9565,9566,,,,,,,,,,,completed,
10708,9566,9567,,,,,,,,,,,completed,
10710,9567,9568,,,,,,,,,,,completed,
10711,9568,9570,,,,,,,,,,,completed,
10712,9570,9571,,,,,,,,,,,completed,
10713,9571,9572,,,,,,,,,,,completed,
10714,9572,9573,,,,,,,,,,,completed,
10715,9573,9574,,,,,,,,,,,completed,
10717,9574,9575,,,,,,,,,,,completed,
10718,9575,9576,,,,,,,,,,,completed,
10720,9576,9577,,,,,,,,,,,completed,
10723,9577,9578,,,,,,,,,,,completed,
10726,9578,9579,,,,,,,,,,,completed,
10727,9579,9580,,,,,,,,,,,completed,
10728,9580,9581,,,,,,,,,,,completed,
10729,9581,9582,,,,,,,,,,,completed,
10730,9582,9583,,,,,,,,,,,completed,
10731,9583,9584,,,,,,,,,,,completed,
10732,9584,9585,,,,,,,,,,,completed,
10733,9585,9586,,,,,,,,,,,completed,
10734,9586,9587,,,,,,,,,,,completed,
10735,9587,9588,,,,,,,,,,,completed,
10736,9588,9589,,,,,,,,,,,completed,
10737,9589,9590,,,,,,,,,,,completed,
10739,9590,9591,,,,,,,,,,,completed,
10740,9591,9592,,,,,,,,,,,completed,
10742,9592,9593,,,,,,,,,,,completed,
10743,9593,9594,,,,,,,,,,,completed,
10746,9594,9595,,,,,,,,,,,completed,
10747,9595,9596,,,,,,,,,,,completed,
10748,9596,9597,,,,,,,,,,,completed,
10750,9597,9598,,,,,,,,,,,completed,
10751,9598,9599,,,,,,,,,,,completed,
10753,9599,9600,,,,,,,,,,,completed,
10754,9600,9601,,,,,,,,,,,completed,
10756,9601,9602,,,,,,,,,,,completed,
10757,9602,9604,,,,,,,,,,,completed,
10758,9604,9605,,,,,,,,,,,completed,
10759,9605,9606,,,,,,,,,,,completed,
10760,9606,9607,,,,,,,,,,,completed,
10761,9607,9608,,,,,,,,,,,completed,
10762,9608,9609,,,,,,,,,,,completed,
10763,9609,9610,,,,,,,,,,,completed,
10764,9610,9612,,,,,,,,,,,completed,
10766,9612,9613,,,,,,,,,,,completed,
10767,9613,9614,,,,,,,,,,,completed,
10768,9614,9615,,,,,,,,,,,completed,
10769,9615,9616,,,,,,,,,,,completed,
10771,9616,9617,,,,,,,,,,,completed,
10772,9617,9618,,,,,,,,,,,completed,
10773,9618,9619,,,,,,,,,,,completed,
10774,9619,9620,,,,,,,,,,,completed,
10777,9620,9621,,,,,,,,,,,completed,
10778,9621,9622,,,,,,,,,,,completed,
10779,9622,9623,,,,,,,,,,,completed,
10781,9623,9624,,,,,,,,,,,completed,
10782,9624,9625,,,,,,,,,,,completed,
10783,9625,9626,,,,,,,,,,,completed,
10784,9626,9627,,,,,,,,,,,completed,
10785,9627,9628,,,,,,,,,,,completed,
10786,9628,9629,,,,,,,,,,,completed,
10787,9629,9630,,,,,,,,,,,completed,
10788,9630,9631,,,,,,,,,,,completed,
10789,9631,9632,,,,,,,,,,,completed,
10790,9632,9633,,,,,,,,,,,completed,
10791,9633,9634,,,,,,,,,,,completed,
10795,9634,9635,,,,,,,,,,,completed,
10796,9635,9636,,,,,,,,,,,completed,
10799,9636,9637,,,,,,,,,,,completed,
10801,9637,9638,,,,,,,,,,,completed,
10802,9638,9639,,,,,,,,,,,completed,
10803,9639,9641,,,,,,,,,,,completed,
10804,9641,9642,,,,,,,,,,,completed,
10805,9642,9643,,,,,,,,,,,completed,
10806,9643,9644,,,,,,,,,,,completed,
10807,9644,9645,,,,,,,,,,,completed,
10809,9645,9646,,,,,,,,,,,completed,
10810,9646,9647,,,,,,,,,,,completed,
10811,9647,9648,,,,,,,,,,,completed,
10812,9648,9649,,,,,,,,,,,completed,
10813,9649,9650,,,,,,,,,,,completed,
10814,9650,9651,,,,,,,,,,,completed,
10815,9651,9652,,,,,,,,,,,completed,
10817,9652,9653,,,,,,,,,,,completed,
10819,9653,9654,,,,,,,,,,,completed,
10821,9654,9655,,,,,,,,,,,completed,
10822,9655,9656,,,,,,,,,,,completed,
10823,9656,9657,,,,,,,,,,,completed,
10824,9657,9658,,,,,,,,,,,completed,
10825,9658,9659,,,,,,,,,,,completed,
10826,9659,9660,,,,,,,,,,,completed,
10827,9660,9661,,,,,,,,,,,completed,
10828,9661,9663,,,,,,,,,,,completed,
10829,9663,9664,,,,,,,,,,,completed,
10831,9664,9665,,,,,,,,,,,completed,
10832,9665,9666,,,,,,,,,,,completed,
10834,9666,9669,,,,,,,,,,,completed,
10835,9669,9670,,,,,,,,,,,completed,
10838,9670,9672,,,,,,,,,,,completed,
10839,9672,9673,,,,,,,,,,,completed,
10840,9673,9674,,,,,,,,,,,completed,
10841,9674,9675,,,,,,,,,,,completed,
10842,9675,9676,,,,,,,,,,,completed,
10843,9676,9677,,,,,,,,,,,completed,
10845,9677,9679,,,,,,,,,,,completed,
10846,9679,9680,,,,,,,,,,,completed,
10847,9680,9682,,,,,,,,,,,completed,
10848,9682,9683,,,,,,,,,,,completed,
10849,9683,9684,,,,,,,,,,,completed,
10850,9684,9685,,,,,,,,,,,completed,
10851,9685,9686,,,,,,,,,,,completed,
10852,9686,9687,,,,,,,,,,,completed,
10853,9687,9688,,,,,,,,,,,completed,
10856,9688,9689,,,,,,,,,,,completed,
10857,9689,9690,,,,,,,,,,,completed,
10858,9690,9691,,,,,,,,,,,completed,
10859,9691,9692,,,,,,,,,,,completed,
10860,9692,9693,,,,,,,,,,,completed,
10861,9693,9694,,,,,,,,,,,completed,
10863,9694,9695,,,,,,,,,,,completed,
10864,9695,9696,,,,,,,,,,,completed,
10865,9696,9697,,,,,,,,,,,completed,
10867,9697,9698,,,,,,,,,,,completed,
10868,9698,9699,,,,,,,,,,,completed,
10869,9699,9700,,,,,,,,,,,completed,
10870,9700,9701,,,,,,,,,,,completed,
10871,9701,9703,,,,,,,,,,,completed,
10872,9703,9704,,,,,,,,,,,completed,
10873,9704,9705,,,,,,,,,,,completed,
10874,9705,9706,,,,,,,,,,,completed,
10875,9706,9707,,,,,,,,,,,completed,
10876,9707,9709,,,,,,,,,,,completed,
10877,9709,9710,,,,,,,,,,,completed,
10878,9710,9711,,,,,,,,,,,completed,
10879,9711,9712,,,,,,,,,,,completed,
10880,9712,9713,,,,,,,,,,,completed,
10881,9713,9715,,,,,,,,,,,completed,
10882,9715,9716,,,,,,,,,,,completed,
10884,9716,9717,,,,,,,,,,,completed,
10885,9717,9718,,,,,,,,,,,completed,
10886,9718,9719,,,,,,,,,,,completed,
10887,9719,9720,,,,,,,,,,,completed,
10888,9720,9721,,,,,,,,,,,completed,
10891,9721,9723,,,,,,,,,,,completed,
10892,9723,9724,,,,,,,,,,,completed,
10893,9724,9725,,,,,,,,,,,completed,
10894,9725,9727,,,,,,,,,,,completed,
10895,9727,9728,,,,,,,,,,,completed,
10896,9728,9729,,,,,,,,,,,completed,
10898,9729,9730,,,,,,,,,,,completed,
10901,9730,9731,,,,,,,,,,,completed,
10902,9731,9732,,,,,,,,,,,completed,
10903,9732,9734,,,,,,,,,,,completed,
10904,9734,9735,,,,,,,,,,,completed,
10905,9735,9736,,,,,,,,,,,completed,
10907,9736,9737,,,,,,,,,,,completed,
10908,9737,9739,,,,,,,,,,,completed,
10909,9739,9740,,,,,,,,,,,completed,
10910,9740,9741,,,,,,,,,,,completed,
10911,9741,9742,,,,,,,,,,,completed,
10915,9742,9743,,,,,,,,,,,completed,
10916,9743,9744,,,,,,,,,,,completed,
10917,9744,9745,,,,,,,,,,,completed,
10918,9745,9747,,,,,,,,,,,completed,
10919,9747,9748,,,,,,,,,,,completed,
10920,9748,9749,,,,,,,,,,,completed,
10924,9749,9750,,,,,,,,,,,completed,
10925,9750,9751,,,,,,,,,,,completed,
10926,9751,9752,,,,,,,,,,,completed,
10928,9752,9753,,,,,,,,,,,completed,
10930,9753,9754,,,,,,,,,,,completed,
10932,9754,9755,,,,,,,,,,,completed,
10933,9755,9756,,,,,,,,,,,completed,
10935,9756,9758,,,,,,,,,,,completed,
10936,9758,9759,,,,,,,,,,,completed,
10937,9759,9760,,,,,,,,,,,completed,
10938,9760,9762,,,,,,,,,,,completed,
10939,9762,9764,,,,,,,,,,,completed,
10941,9764,9765,,,,,,,,,,,completed,
10942,9765,9766,,,,,,,,,,,completed,
10944,9766,9767,,,,,,,,,,,completed,
10945,9767,9768,,,,,,,,,,,completed,
10946,9768,9769,,,,,,,,,,,completed,
10947,9769,9770,,,,,,,,,,,completed,
10950,9770,9771,,,,,,,,,,,completed,
10951,9771,9772,,,,,,,,,,,completed,
10952,9772,9773,,,,,,,,,,,completed,
10953,9773,9775,,,,,,,,,,,completed,
10954,9775,9776,,,,,,,,,,,completed,
10956,9776,9777,,,,,,,,,,,completed,
10957,9777,9778,,,,,,,,,,,completed,
10958,9778,9779,,,,,,,,,,,completed,
10959,9779,9781,,,,,,,,,,,completed,
10960,9781,9783,,,,,,,,,,,completed,
10961,9783,9784,,,,,,,,,,,completed,
10962,9784,9785,,,,,,,,,,,completed,
10963,9785,9786,,,,,,,,,,,completed,
10964,9786,9787,,,,,,,,,,,completed,
10966,9787,9788,,,,,,,,,,,completed,
10967,9788,9789,,,,,,,,,,,completed,
10968,9789,9790,,,,,,,,,,,completed,
10969,9790,9791,,,,,,,,,,,completed,
10970,9791,9792,,,,,,,,,,,completed,
10971,9792,9793,,,,,,,,,,,completed,
10972,9793,9794,,,,,,,,,,,completed,
10973,9794,9795,,,,,,,,,,,completed,
10974,9795,9796,,,,,,,,,,,completed,
10975,9796,9797,,,,,,,,,,,completed,
10976,9797,9798,,,,,,,,,,,completed,
10979,9798,9799,,,,,,,,,,,completed,
10980,9799,9801,,,,,,,,,,,completed,
10981,9801,9802,,,,,,,,,,,completed,
10982,9802,9803,,,,,,,,,,,completed,
10983,9803,9804,,,,,,,,,,,completed,
10984,9804,9806,,,,,,,,,,,completed,
10985,9806,9807,,,,,,,,,,,completed,
10986,9807,9809,,,,,,,,,,,completed,
10987,9809,9810,,,,,,,,,,,completed,
10988,9810,9811,,,,,,,,,,,completed,
10989,9811,9812,,,,,,,,,,,completed,
10990,9812,9815,,,,,,,,,,,completed,
10992,9815,9816,,,,,,,,,,,completed,
10993,9816,9817,,,,,,,,,,,completed,
10995,9817,9818,,,,,,,,,,,completed,
10996,9818,9819,,,,,,,,,,,completed,
10997,9819,9820,,,,,,,,,,,completed,
10999,9820,9821,,,,,,,,,,,completed,
11001,9821,9822,,,,,,,,,,,completed,
11002,9822,9823,,,,,,,,,,,completed,
11003,9823,9824,,,,,,,,,,,completed,
11005,9824,9825,,,,,,,,,,,completed,
11006,9825,9826,,,,,,,,,,,completed,
11007,9826,9827,,,,,,,,,,,completed,
11008,9827,9828,,,,,,,,,,,completed,
11009,9828,9829,,,,,,,,,,,completed,
11010,9829,9831,,,,,,,,,,,completed,
11011,9831,9832,,,,,,,,,,,completed,
11012,9832,9833,,,,,,,,,,,completed,
11014,9833,9834,,,,,,,,,,,completed,
11015,9834,9835,,,,,,,,,,,completed,
11016,9835,9836,,,,,,,,,,,completed,
11017,9836,9838,,,,,,,,,,,completed,
11018,9838,9839,,,,,,,,,,,completed,
11019,9839,9840,,,,,,,,,,,completed,
11020,9840,9841,,,,,,,,,,,completed,
11021,9841,9842,,,,,,,,,,,completed,
11022,9842,9843,,,,,,,,,,,completed,
11023,9843,9844,,,,,,,,,,,completed,
11024,9844,9845,,,,,,,,,,,completed,
11025,9845,9846,,,,,,,,,,,completed,
11027,9846,9847,,,,,,,,,,,completed,
11028,9847,9848,,,,,,,,,,,completed,
11029,9848,9850,,,,,,,,,,,completed,
11030,9850,9851,,,,,,,,,,,completed,
11031,9851,9853,,,,,,,,,,,completed,
11032,9853,9854,,,,,,,,,,,completed,
11033,9854,9855,,,,,,,,,,,completed,
11034,9855,9856,,,,,,,,,,,completed,
11035,9856,9858,,,,,,,,,,,completed,
11036,9858,9859,,,,,,,,,,,completed,
11037,9859,9860,,,,,,,,,,,completed,
11038,9860,9861,,,,,,,,,,,completed,
11039,9861,9862,,,,,,,,,,,completed,
11040,9862,9863,,,,,,,,,,,completed,
11041,9863,9864,,,,,,,,,,,completed,
11042,9864,9865,,,,,,,,,,,completed,
11043,9865,9866,,,,,,,,,,,completed,
11044,9866,9867,,,,,,,,,,,completed,
11045,9867,9868,,,,,,,,,,,completed,
11049,9868,9869,,,,,,,,,,,completed,
11050,9869,9870,,,,,,,,,,,completed,
11051,9870,9871,,,,,,,,,,,completed,
11052,9871,9872,,,,,,,,,,,completed,
11055,9872,9873,,,,,,,,,,,completed,
11056,9873,9875,,,,,,,,,,,completed,
11057,9875,9877,,,,,,,,,,,completed,
11058,9877,9878,,,,,,,,,,,completed,
11059,9878,9879,,,,,,,,,,,completed,
11060,9879,9881,,,,,,,,,,,completed,
11061,9881,9882,,,,,,,,,,,completed,
11062,9882,9883,,,,,,,,,,,completed,
11063,9883,9884,,,,,,,,,,,completed,
11064,9884,9885,,,,,,,,,,,completed,
11065,9885,9886,,,,,,,,,,,completed,
11066,9886,9887,,,,,,,,,,,completed,
11067,9887,9888,,,,,,,,,,,completed,
11069,9888,9889,,,,,,,,,,,completed,
11070,9889,9890,,,,,,,,,,,completed,
11071,9890,9891,,,,,,,,,,,completed,
11072,9891,9892,,,,,,,,,,,completed,
11073,9892,9893,,,,,,,,,,,completed,
11074,9893,9894,,,,,,,,,,,completed,
11075,9894,9895,,,,,,,,,,,completed,
11076,9895,9896,,,,,,,,,,,completed,
11077,9896,9897,,,,,,,,,,,completed,
11078,9897,9898,,,,,,,,,,,completed,
11080,9898,9899,,,,,,,,,,,completed,
11081,9899,9900,,,,,,,,,,,completed,
11082,9900,9901,,,,,,,,,,,completed,
11083,9901,9902,,,,,,,,,,,completed,
11084,9902,9903,,,,,,,,,,,completed,
11085,9903,9904,,,,,,,,,,,completed,
11086,9904,9905,,,,,,,,,,,completed,
11087,9905,9906,,,,,,,,,,,completed,
11088,9906,9907,,,,,,,,,,,completed,
11089,9907,9908,,,,,,,,,,,completed,
11090,9908,9909,,,,,,,,,,,completed,
11091,9909,9910,,,,,,,,,,,completed,
11092,9910,9911,,,,,,,,,,,completed,
11094,9911,9912,,,,,,,,,,,completed,
11095,9912,9913,,,,,,,,,,,completed,
11096,9913,9916,,,,,,,,,,,completed,
11098,9916,9917,,,,,,,,,,,completed,
11099,9917,9918,,,,,,,,,,,completed,
11100,9918,9920,,,,,,,,,,,completed,
11101,9920,9921,,,,,,,,,,,completed,
11103,9921,9922,,,,,,,,,,,completed,
11104,9922,9923,,,,,,,,,,,completed,
11106,9923,9924,,,,,,,,,,,completed,
11108,9924,9925,,,,,,,,,,,completed,
11109,9925,9926,,,,,,,,,,,completed,
11110,9926,9927,,,,,,,,,,,completed,
11112,9927,9928,,,,,,,,,,,completed,
11113,9928,9929,,,,,,,,,,,completed,
11114,9929,9930,,,,,,,,,,,completed,
11115,9930,9931,,,,,,,,,,,completed,
11118,9931,9932,,,,,,,,,,,completed,
11119,9932,9933,,,,,,,,,,,completed,
11121,9933,9934,,,,,,,,,,,completed,
11122,9934,9935,,,,,,,,,,,completed,
11123,9935,9936,,,,,,,,,,,completed,
11124,9936,9937,,,,,,,,,,,completed,
11125,9937,9938,,,,,,,,,,,completed,
11126,9938,9940,,,,,,,,,,,completed,
11127,9940,9941,,,,,,,,,,,completed,
11128,9941,9942,,,,,,,,,,,completed,
11129,9942,9943,,,,,,,,,,,completed,
11130,9943,9944,,,,,,,,,,,completed,
11131,9944,9945,,,,,,,,,,,completed,
11132,9945,9946,,,,,,,,,,,completed,
11133,9946,9947,,,,,,,,,,,completed,
11134,9947,9948,,,,,,,,,,,completed,
11135,9948,9949,,,,,,,,,,,completed,
11136,9949,9950,,,,,,,,,,,completed,
11137,9950,9951,,,,,,,,,,,completed,
11139,9951,9952,,,,,,,,,,,completed,
11140,9952,9953,,,,,,,,,,,completed,
11142,9953,9954,,,,,,,,,,,completed,
11143,9954,9955,,,,,,,,,,,completed,
11144,9955,9956,,,,,,,,,,,completed,
11145,9956,9957,,,,,,,,,,,completed,
11146,9957,9958,,,,,,,,,,,completed,
11147,9958,9959,,,,,,,,,,,completed,
11148,9959,9960,,,,,,,,,,,completed,
11149,9960,9961,,,,,,,,,,,completed,
11150,9961,9962,,,,,,,,,,,completed,
11151,9962,9963,,,,,,,,,,,completed,
11152,9963,9964,,,,,,,,,,,completed,
11153,9964,9965,,,,,,,,,,,completed,
11154,9965,9966,,,,,,,,,,,completed,
11155,9966,9967,,,,,,,,,,,completed,
11156,9967,9968,,,,,,,,,,,completed,
11157,9968,9969,,,,,,,,,,,completed,
11158,9969,9970,,,,,,,,,,,completed,
11161,9970,9971,,,,,,,,,,,completed,
11162,9971,9972,,,,,,,,,,,completed,
11163,9972,9973,,,,,,,,,,,completed,
11164,9973,9975,,,,,,,,,,,completed,
11165,9975,9976,,,,,,,,,,,completed,
11166,9976,9977,,,,,,,,,,,completed,
11167,9977,9978,,,,,,,,,,,completed,
11169,9978,9979,,,,,,,,,,,completed,
11170,9979,9980,,,,,,,,,,,completed,
11171,9980,9981,,,,,,,,,,,completed,
11172,9981,9982,,,,,,,,,,,completed,
11173,9982,9983,,,,,,,,,,,completed,
11174,9983,9984,,,,,,,,,,,completed,
11175,9984,9985,,,,,,,,,,,completed,
11178,9985,9986,,,,,,,,,,,completed,
11179,9986,9987,,,,,,,,,,,completed,
11180,9987,9990,,,,,,,,,,,completed,
11181,9990,9991,,,,,,,,,,,completed,
11183,9991,9992,,,,,,,,,,,completed,
11184,9992,9993,,,,,,,,,,,completed,
11186,9993,9994,,,,,,,,,,,completed,
11187,9994,9995,,,,,,,,,,,completed,
11189,9995,9996,,,,,,,,,,,completed,
11190,9996,9997,,,,,,,,,,,completed,
11191,9997,9998,,,,,,,,,,,completed,
11192,9998,9999,,,,,,,,,,,completed,
11193,9999,10000,,,,,,,,,,,completed,
11194,10000,1,,,,,,,,,,,completed,
11197,1,2,,,,,,,,,,,completed,
11198,2,3,,,,,,,,,,,completed,
11199,3,4,,,,,,,,,,,completed,
11200,4,5,,,,,,,,,,,completed,
11201,5,6,,,,,,,,,,,completed,
11202,6,7,,,,,,,,,,,completed,
11203,7,9,,,,,,,,,,,completed,
11204,9,10,,,,,,,,,,,completed,
11206,10,11,,,,,,,,,,,completed,
11207,11,12,,,,,,,,,,,completed,
11208,12,13,,,,,,,,,,,completed,
11209,13,14,,,,,,,,,,,completed,
11210,14,15,,,,,,,,,,,completed,
11211,15,16,,,,,,,,,,,completed,
11214,16,17,,,,,,,,,,,completed,
11215,17,18,,,,,,,,,,,completed,
11216,18,19,,,,,,,,,,,completed,
11217,19,20,,,,,,,,,,,completed,
11218,20,21,,,,,,,,,,,completed,
11219,21,22,,,,,,,,,,,completed,
11220,22,23,,,,,,,,,,,completed,
11221,23,24,,,,,,,,,,,completed,
11222,24,25,,,,,,,,,,,completed,
11223,25,26,,,,,,,,,,,completed,
11225,26,27,,,,,,,,,,,completed,
11226,27,28,,,,,,,,,,,completed,
11227,28,29,,,,,,,,,,,completed,
11229,29,30,,,,,,,,,,,completed,
11230,30,31,,,,,,,,,,,completed,
11231,31,32,,,,,,,,,,,completed,
11232,32,33,,,,,,,,,,,completed,
11233,33,34,,,,,,,,,,,completed,
11235,34,35,,,,,,,,,,,completed,
11236,35,36,,,,,,,,,,,completed,
11237,36,37,,,,,,,,,,,completed,
11239,37,38,,,,,,,,,,,completed,
11240,38,39,,,,,,,,,,,completed,
11241,39,40,,,,,,,,,,,completed,
11242,40,41,,,,,,,,,,,completed,
11243,41,42,,,,,,,,,,,completed,
11244,42,43,,,,,,,,,,,completed,
11245,43,44,,,,,,,,,,,completed,
11246,44,46,,,,,,,,,,,completed,
11247,46,47,,,,,,,,,,,completed,
11248,47,48,,,,,,,,,,,completed,
11249,48,49,,,,,,,,,,,completed,
11251,49,50,,,,,,,,,,,completed,
11252,50,51,,,,,,,,,,,completed,
11254,51,52,,,,,,,,,,,completed,
11255,52,53,,,,,,,,,,,completed,
11257,53,54,,,,,,,,,,,completed,
11260,54,56,,,,,,,,,,,completed,
11261,56,57,,,,,,,,,,,completed,
11263,57,58,,,,,,,,,,,completed,
11264,58,59,,,,,,,,,,,completed,
11265,59,60,,,,,,,,,,,completed,
11267,60,61,,,,,,,,,,,completed,
11268,61,62,,,,,,,,,,,completed,
11269,62,63,,,,,,,,,,,completed,
11270,63,64,,,,,,,,,,,completed,
11271,64,65,,,,,,,,,,,completed,
11272,65,66,,,,,,,,,,,completed,
11273,66,67,,,,,,,,,,,completed,
11274,67,68,,,,,,,,,,,completed,
11275,68,69,,,,,,,,,,,completed,
11276,69,70,,,,,,,,,,,completed,
11278,70,71,,,,,,,,,,,completed,
11279,71,73,,,,,,,,,,,completed,
11280,73,74,,,,,,,,,,,completed,
11281,74,75,,,,,,,,,,,completed,
11282,75,76,,,,,,,,,,,completed,
11283,76,77,,,,,,,,,,,completed,
11284,77,78,,,,,,,,,,,completed,
11285,78,79,,,,,,,,,,,completed,
11287,79,80,,,,,,,,,,,completed,
11288,80,81,,,,,,,,,,,completed,
11289,81,82,,,,,,,,,,,completed,
11292,82,83,,,,,,,,,,,completed,
11293,83,84,,,,,,,,,,,completed,
11296,84,86,,,,,,,,,,,completed,
11297,86,87,,,,,,,,,,,completed,
11298,87,88,,,,,,,,,,,completed,
11299,88,89,,,,,,,,,,,completed,
11300,89,90,,,,,,,,,,,completed,
11301,90,91,,,,,,,,,,,completed,
11303,91,92,,,,,,,,,,,completed,
11304,92,93,,,,,,,,,,,completed,
11307,93,95,,,,,,,,,,,completed,
11308,95,96,,,,,,,,,,,completed,
11311,96,97,,,,,,,,,,,completed,
11312,97,99,,,,,,,,,,,completed,
11313,99,100,,,,,,,,,,,completed,
11314,100,101,,,,,,,,,,,completed,
11316,101,102,,,,,,,,,,,completed,
11318,102,103,,,,,,,,,,,completed,
11321,103,105,,,,,,,,,,,completed,
11323,105,106,,,,,,,,,,,completed,
11326,106,107,,,,,,,,,,,completed,
11327,107,108,,,,,,,,,,,completed,
11328,108,109,,,,,,,,,,,completed,
11329,109,110,,,,,,,,,,,completed,
11330,110,111,,,,,,,,,,,completed,
11332,111,112,,,,,,,,,,,completed,
11333,112,113,,,,,,,,,,,completed,
11334,113,114,,,,,,,,,,,completed,
11335,114,115,,,,,,,,,,,completed,
11336,115,116,,,,,,,,,,,completed,
11337,116,117,,,,,,,,,,,completed,
11339,117,118,,,,,,,,,,,completed,
11340,118,119,,,,,,,,,,,completed,
11343,119,120,,,,,,,,,,,completed,
11346,120,121,,,,,,,,,,,completed,
11347,121,122,,,,,,,,,,,completed,
11348,122,123,,,,,,,,,,,completed,
11349,123,125,,,,,,,,,,,completed,
11350,125,126,,,,,,,,,,,completed,
11351,126,127,,,,,,,,,,,completed,
11353,127,130,,,,,,,,,,,completed,
11354,130,131,,,,,,,,,,,completed,
11355,131,132,,,,,,,,,,,completed,
11356,132,133,,,,,,,,,,,completed,
11357,133,134,,,,,,,,,,,completed,
11358,134,135,,,,,,,,,,,completed,
11359,135,137,,,,,,,,,,,completed,
11361,137,138,,,,,,,,,,,completed,
11362,138,139,,,,,,,,,,,completed,
11363,139,140,,,,,,,,,,,completed,
11365,140,141,,,,,,,,,,,completed,
11366,141,142,,,,,,,,,,,completed,
11367,142,143,,,,,,,,,,,completed,
11368,143,144,,,,,,,,,,,completed,
11369,144,145,,,,,,,,,,,completed,
11370,145,146,,,,,,,,,,,completed,
11372,146,147,,,,,,,,,,,completed,
11373,147,148,,,,,,,,,,,completed,
11374,148,150,,,,,,,,,,,completed,
11375,150,152,,,,,,,,,,,completed,
11376,152,153,,,,,,,,,,,completed,
11377,153,154,,,,,,,,,,,completed,
11378,154,155,,,,,,,,,,,completed,
11379,155,156,,,,,,,,,,,completed,
11380,156,157,,,,,,,,,,,completed,
11382,157,158,,,,,,,,,,,completed,
11383,158,159,,,,,,,,,,,completed,
11384,159,160,,,,,,,,,,,completed,
11385,160,161,,,,,,,,,,,completed,
11386,161,162,,,,,,,,,,,completed,
11388,162,163,,,,,,,,,,,completed,
11389,163,164,,,,,,,,,,,completed,
11390,164,165,,,,,,,,,,,completed,
11391,165,166,,,,,,,,,,,completed,
11392,166,167,,,,,,,,,,,completed,
11393,167,169,,,,,,,,,,,completed,
11395,169,170,,,,,,,,,,,completed,
11397,170,171,,,,,,,,,,,completed,
11398,171,172,,,,,,,,,,,completed,
11399,172,173,,,,,,,,,,,completed,
11400,173,174,,,,,,,,,,,completed,
11401,174,176,,,,,,,,,,,completed,
11402,176,177,,,,,,,,,,,completed,
11404,177,178,,,,,,,,,,,completed,
11406,178,179,,,,,,,,,,,completed,
11407,179,180,,,,,,,,,,,completed,
11408,180,181,,,,,,,,,,,completed,
11409,181,182,,,,,,,,,,,completed,
11411,182,183,,,,,,,,,,,completed,
11412,183,188,,,,,,,,,,,completed,
11413,188,189,,,,,,,,,,,completed,
11414,189,190,,,,,,,,,,,completed,
11415,190,191,,,,,,,,,,,completed,
11416,191,192,,,,,,,,,,,completed,
11417,192,193,,,,,,,,,,,completed,
11418,193,194,,,,,,,,,,,completed,
11419,194,195,,,,,,,,,,,completed,
11420,195,196,,,,,,,,,,,completed,
11421,196,197,,,,,,,,,,,completed,
11423,197,199,,,,,,,,,,,completed,
11424,199,200,,,,,,,,,,,completed,
11425,200,201,,,,,,,,,,,completed,
11427,201,202,,,,,,,,,,,completed,
11428,202,203,,,,,,,,,,,completed,
11429,203,204,,,,,,,,,,,completed,
11431,204,205,,,,,,,,,,,completed,
11432,205,206,,,,,,,,,,,completed,
11433,206,207,,,,,,,,,,,completed,
11434,207,208,,,,,,,,,,,completed,
11435,208,209,,,,,,,,,,,completed,
11436,209,210,,,,,,,,,,,completed,
11437,210,211,,,,,,,,,,,completed,
11438,211,212,,,,,,,,,,,completed,
11440,212,213,,,,,,,,,,,completed,
11441,213,214,,,,,,,,,,,completed,
11442,214,215,,,,,,,,,,,completed,
11443,215,217,,,,,,,,,,,completed,
11445,217,218,,,,,,,,,,,completed,
11446,218,219,,,,,,,,,,,completed,
11447,219,220,,,,,,,,,,,completed,
11448,220,221,,,,,,,,,,,completed,
11449,221,222,,,,,,,,,,,completed,
11450,222,223,,,,,,,,,,,completed,
11451,223,224,,,,,,,,,,,completed,
11453,224,225,,,,,,,,,,,completed,
11455,225,226,,,,,,,,,,,completed,
11457,226,227,,,,,,,,,,,completed,
11458,227,228,,,,,,,,,,,completed,
11459,228,229,,,,,,,,,,,completed,
11460,229,230,,,,,,,,,,,completed,
11461,230,231,,,,,,,,,,,completed,
11462,231,232,,,,,,,,,,,completed,
11463,232,233,,,,,,,,,,,completed,
11464,233,234,,,,,,,,,,,completed,
11465,234,235,,,,,,,,,,,completed,
11467,235,236,,,,,,,,,,,completed,
11469,236,238,,,,,,,,,,,completed,
11470,238,239,,,,,,,,,,,completed,
11472,239,240,,,,,,,,,,,completed,
11474,240,241,,,,,,,,,,,completed,
11477,241,242,,,,,,,,,,,completed,
11478,242,243,,,,,,,,,,,completed,
11480,243,245,,,,,,,,,,,completed,
11481,245,246,,,,,,,,,,,completed,
11482,246,247,,,,,,,,,,,completed,
11483,247,248,,,,,,,,,,,completed,
11485,248,249,,,,,,,,,,,completed,
11486,249,250,,,,,,,,,,,completed,
11487,250,251,,,,,,,,,,,completed,
11488,251,252,,,,,,,,,,,completed,
11489,252,253,,,,,,,,,,,completed,
11490,253,254,,,,,,,,,,,completed,
11491,254,255,,,,,,,,,,,completed,
11492,255,256,,,,,,,,,,,completed,
11493,256,257,,,,,,,,,,,completed,
11495,257,258,,,,,,,,,,,completed,
11496,258,259,,,,,,,,,,,completed,
11497,259,260,,,,,,,,,,,completed,
11498,260,261,,,,,,,,,,,completed,
11500,261,262,,,,,,,,,,,completed,
11501,262,263,,,,,,,,,,,completed,
11504,263,264,,,,,,,,,,,completed,
11505,264,265,,,,,,,,,,,completed,
11506,265,266,,,,,,,,,,,completed,
11507,266,267,,,,,,,,,,,completed,
11510,267,268,,,,,,,,,,,completed,
11512,268,269,,,,,,,,,,,completed,
11513,269,270,,,,,,,,,,,completed,
11515,270,271,,,,,,,,,,,completed,
11516,271,272,,,,,,,,,,,completed,
11518,272,273,,,,,,,,,,,completed,
11519,273,274,,,,,,,,,,,completed,
11520,274,275,,,,,,,,,,,completed,
11521,275,276,,,,,,,,,,,completed,
11522,276,278,,,,,,,,,,,completed,
11523,278,279,,,,,,,,,,,completed,
11524,279,280,,,,,,,,,,,completed,
11525,280,281,,,,,,,,,,,completed,
11526,281,282,,,,,,,,,,,completed,
11527,282,283,,,,,,,,,,,completed,
11528,283,284,,,,,,,,,,,completed,
11529,284,285,,,,,,,,,,,completed,
11531,285,286,,,,,,,,,,,completed,
11533,286,288,,,,,,,,,,,completed,
11534,288,290,,,,,,,,,,,completed,
11535,290,291,,,,,,,,,,,completed,
11536,291,292,,,,,,,,,,,completed,
11538,292,293,,,,,,,,,,,completed,
11539,293,294,,,,,,,,,,,completed,
11540,294,295,,,,,,,,,,,completed,
11541,295,296,,,,,,,,,,,completed,
11544,296,297,,,,,,,,,,,completed,
11545,297,298,,,,,,,,,,,completed,
11546,298,299,,,,,,,,,,,completed,
11547,299,300,,,,,,,,,,,completed,
11548,300,301,,,,,,,,,,,completed,
11549,301,302,,,,,,,,,,,completed,
11550,302,303,,,,,,,,,,,completed,
11551,303,304,,,,,,,,,,,completed,
11552,304,305,,,,,,,,,,,completed,
11554,305,306,,,,,,,,,,,completed,
11555,306,307,,,,,,,,,,,completed,
11556,307,308,,,,,,,,,,,completed,
11558,308,310,,,,,,,,,,,completed,
11560,310,311,,,,,,,,,,,completed,
11561,311,312,,,,,,,,,,,completed,
11562,312,313,,,,,,,,,,,completed,
11563,313,314,,,,,,,,,,,completed,
11564,314,316,,,,,,,,,,,completed,
11565,316,317,,,,,,,,,,,completed,
11568,317,318,,,,,,,,,,,completed,
11569,318,319,,,,,,,,,,,completed,
11570,319,320,,,,,,,,,,,completed,
11571,320,321,,,,,,,,,,,completed,
11572,321,322,,,,,,,,,,,completed,
11573,322,323,,,,,,,,,,,completed,
11574,323,324,,,,,,,,,,,completed,
11575,324,325,,,,,,,,,,,completed,
11576,325,326,,,,,,,,,,,completed,
11577,326,327,,,,,,,,,,,completed,
11579,327,328,,,,,,,,,,,completed,
11581,328,329,,,,,,,,,,,completed,
11582,329,330,,,,,,,,,,,completed,
11583,330,332,,,,,,,,,,,completed,
11584,332,333,,,,,,,,,,,completed,
11585,333,334,,,,,,,,,,,completed,
11586,334,335,,,,,,,,,,,completed,
11587,335,336,,,,,,,,,,,completed,
11588,336,337,,,,,,,,,,,completed,
11589,337,338,,,,,,,,,,,completed,
11591,338,339,,,,,,,,,,,completed,
11592,339,340,,,,,,,,,,,completed,
11593,340,341,,,,,,,,,,,completed,
11594,341,342,,,,,,,,,,,completed,
11596,342,344,,,,,,,,,,,completed,
11597,344,345,,,,,,,,,,,completed,
11598,345,346,,,,,,,,,,,completed,
11599,346,347,,,,,,,,,,,completed,
11600,347,348,,,,,,,,,,,completed,
11601,348,349,,,,,,,,,,,completed,
11602,349,351,,,,,,,,,,,completed,
11603,351,352,,,,,,,,,,,completed,
11604,352,353,,,,,,,,,,,completed,
11605,353,354,,,,,,,,,,,completed,
11606,354,355,,,,,,,,,,,completed,
11607,355,357,,,,,,,,,,,completed,
11608,357,358,,,,,,,,,,,completed,
11609,358,359,,,,,,,,,,,completed,
11610,359,360,,,,,,,,,,,completed,
11611,360,361,,,,,,,,,,,completed,
11613,361,362,,,,,,,,,,,completed,
11614,362,363,,,,,,,,,,,completed,
11615,363,364,,,,,,,,,,,completed,
11616,364,365,,,,,,,,,,,completed,
11617,365,367,,,,,,,,,,,completed,
11618,367,368,,,,,,,,,,,completed,
11619,368,369,,,,,,,,,,,completed,
11620,369,370,,,,,,,,,,,completed,
11621,370,373,,,,,,,,,,,completed,
11622,373,374,,,,,,,,,,,completed,
11625,374,375,,,,,,,,,,,completed,
11626,375,376,,,,,,,,,,,completed,
11627,376,377,,,,,,,,,,,completed,
11628,377,378,,,,,,,,,,,completed,
11629,378,379,,,,,,,,,,,completed,
11630,379,381,,,,,,,,,,,completed,
11634,381,382,,,,,,,,,,,completed,
11635,382,383,,,,,,,,,,,completed,
11636,383,384,,,,,,,,,,,completed,
11637,384,385,,,,,,,,,,,completed,
11638,385,386,,,,,,,,,,,completed,
11639,386,387,,,,,,,,,,,completed,
11640,387,388,,,,,,,,,,,completed,
11642,388,389,,,,,,,,,,,completed,
11643,389,390,,,,,,,,,,,completed,
11644,390,391,,,,,,,,,,,completed,
11645,391,392,,,,,,,,,,,completed,
11646,392,393,,,,,,,,,,,completed,
11647,393,394,,,,,,,,,,,completed,
11648,394,396,,,,,,,,,,,completed,
11649,396,397,,,,,,,,,,,completed,
11650,397,398,,,,,,,,,,,completed,
11651,398,399,,,,,,,,,,,completed,
11653,399,400,,,,,,,,,,,completed,
11654,400,402,,,,,,,,,,,completed,
11656,402,403,,,,,,,,,,,completed,
11657,403,404,,,,,,,,,,,completed,
11659,404,405,,,,,,,,,,,completed,
11660,405,406,,,,,,,,,,,completed,
11663,406,407,,,,,,,,,,,completed,
11666,407,408,,,,,,,,,,,completed,
11667,408,409,,,,,,,,,,,completed,
11670,409,410,,,,,,,,,,,completed,
11671,410,411,,,,,,,,,,,completed,
11672,411,412,,,,,,,,,,,completed,
11673,412,413,,,,,,,,,,,completed,
11674,413,414,,,,,,,,,,,completed,
11675,414,415,,,,,,,,,,,completed,
11676,415,416,,,,,,,,,,,completed,
11677,416,417,,,,,,,,,,,completed,
11678,417,418,,,,,,,,,,,completed,
11679,418,420,,,,,,,,,,,completed,
11680,420,421,,,,,,,,,,,completed,
11681,421,422,,,,,,,,,,,completed,
11682,422,423,,,,,,,,,,,completed,
11683,423,424,,,,,,,,,,,completed,
11684,424,425,,,,,,,,,,,completed,
11685,425,426,,,,,,,,,,,completed,
11686,426,427,,,,,,,,,,,completed,
11687,427,428,,,,,,,,,,,completed,
11688,428,429,,,,,,,,,,,completed,
11689,429,430,,,,,,,,,,,completed,
11692,430,431,,,,,,,,,,,completed,
11693,431,433,,,,,,,,,,,completed,
11695,433,434,,,,,,,,,,,completed,
11696,434,435,,,,,,,,,,,completed,
11697,435,436,,,,,,,,,,,completed,
11698,436,437,,,,,,,,,,,completed,
11699,437,438,,,,,,,,,,,completed,
11700,438,440,,,,,,,,,,,completed,
11702,440,441,,,,,,,,,,,completed,
11703,441,442,,,,,,,,,,,completed,
11704,442,444,,,,,,,,,,,completed,
11705,444,445,,,,,,,,,,,completed,
11706,445,447,,,,,,,,,,,completed,
11707,447,448,,,,,,,,,,,completed,
11708,448,449,,,,,,,,,,,completed,
11709,449,450,,,,,,,,,,,completed,
11710,450,451,,,,,,,,,,,completed,
11711,451,452,,,,,,,,,,,completed,
11712,452,453,,,,,,,,,,,completed,
11713,453,454,,,,,,,,,,,completed,
11714,454,455,,,,,,,,,,,completed,
11715,455,456,,,,,,,,,,,completed,
11716,456,457,,,,,,,,,,,completed,
11717,457,458,,,,,,,,,,,completed,
11718,458,460,,,,,,,,,,,completed,
11719,460,461,,,,,,,,,,,completed,
11720,461,462,,,,,,,,,,,completed,
11721,462,463,,,,,,,,,,,completed,
11722,463,464,,,,,,,,,,,completed,
11723,464,465,,,,,,,,,,,completed,
11724,465,466,,,,,,,,,,,completed,
11726,466,467,,,,,,,,,,,completed,
11727,467,468,,,,,,,,,,,completed,
11729,468,469,,,,,,,,,,,completed,
11730,469,470,,,,,,,,,,,completed,
11731,470,471,,,,,,,,,,,completed,
11732,471,472,,,,,,,,,,,completed,
11733,472,473,,,,,,,,,,,completed,
11734,473,474,,,,,,,,,,,completed,
11735,474,475,,,,,,,,,,,completed,
11736,475,476,,,,,,,,,,,completed,
11738,476,477,,,,,,,,,,,completed,
11740,477,478,,,,,,,,,,,completed,
11742,478,479,,,,,,,,,,,completed,
11745,479,480,,,,,,,,,,,completed,
11746,480,481,,,,,,,,,,,completed,
11747,481,482,,,,,,,,,,,completed,
11748,482,483,,,,,,,,,,,completed,
11749,483,485,,,,,,,,,,,completed,
11751,485,486,,,,,,,,,,,completed,
11752,486,488,,,,,,,,,,,completed,
11753,488,489,,,,,,,,,,,completed,
11755,489,490,,,,,,,,,,,completed,
11757,490,491,,,,,,,,,,,completed,
11758,491,493,,,,,,,,,,,completed,
11759,493,494,,,,,,,,,,,completed,
11760,494,495,,,,,,,,,,,completed,
11762,495,496,,,,,,,,,,,completed,
11763,496,497,,,,,,,,,,,completed,
11764,497,498,,,,,,,,,,,completed,
11766,498,499,,,,,,,,,,,completed,
11769,499,500,,,,,,,,,,,completed,
11770,500,501,,,,,,,,,,,completed,
11771,501,503,,,,,,,,,,,completed,
11772,503,504,,,,,,,,,,,completed,
11773,504,505,,,,,,,,,,,completed,
11774,505,506,,,,,,,,,,,completed,
11775,506,509,,,,,,,,,,,completed,
11776,509,510,,,,,,,,,,,completed,
11781,510,511,,,,,,,,,,,completed,
11782,511,512,,,,,,,,,,,completed,
11784,512,513,,,,,,,,,,,completed,
11785,513,514,,,,,,,,,,,completed,
11786,514,515,,,,,,,,,,,completed,
11787,515,516,,,,,,,,,,,completed,
11788,516,517,,,,,,,,,,,completed,
11789,517,518,,,,,,,,,,,completed,
11790,518,519,,,,,,,,,,,completed,
11793,519,520,,,,,,,,,,,completed,
11794,520,521,,,,,,,,,,,completed,
11797,521,522,,,,,,,,,,,completed,
11798,522,523,,,,,,,,,,,completed,
11799,523,524,,,,,,,,,,,completed,
11800,524,525,,,,,,,,,,,completed,
11801,525,526,,,,,,,,,,,completed,
11802,526,527,,,,,,,,,,,completed,
11803,527,528,,,,,,,,,,,completed,
11805,528,529,,,,,,,,,,,completed,
11806,529,530,,,,,,,,,,,completed,
11807,530,531,,,,,,,,,,,completed,
11808,531,532,,,,,,,,,,,completed,
11809,532,533,,,,,,,,,,,completed,
11811,533,534,,,,,,,,,,,completed,
11812,534,535,,,,,,,,,,,completed,
11813,535,536,,,,,,,,,,,completed,
11815,536,537,,,,,,,,,,,completed,
11816,537,538,,,,,,,,,,,completed,
11817,538,539,,,,,,,,,,,completed,
11818,539,540,,,,,,,,,,,completed,
11820,540,541,,,,,,,,,,,completed,
11821,541,542,,,,,,,,,,,completed,
11822,542,543,,,,,,,,,,,completed,
11823,543,544,,,,,,,,,,,completed,
11824,544,545,,,,,,,,,,,completed,
11826,545,546,,,,,,,,,,,completed,
11827,546,547,,,,,,,,,,,completed,
11828,547,548,,,,,,,,,,,completed,
11829,548,550,,,,,,,,,,,completed,
11830,550,551,,,,,,,,,,,completed,
11831,551,552,,,,,,,,,,,completed,
11832,552,553,,,,,,,,,,,completed,
11835,553,554,,,,,,,,,,,completed,
11836,554,555,,,,,,,,,,,completed,
11837,555,556,,,,,,,,,,,completed,
11839,556,557,,,,,,,,,,,completed,
11840,557,558,,,,,,,,,,,completed,
11845,558,559,,,,,,,,,,,completed,
11846,559,560,,,,,,,,,,,completed,
11847,560,561,,,,,,,,,,,completed,
11848,561,562,,,,,,,,,,,completed,
11850,562,563,,,,,,,,,,,completed,
11851,563,564,,,,,,,,,,,completed,
11852,564,565,,,,,,,,,,,completed,
11853,565,566,,,,,,,,,,,completed,
11854,566,567,,,,,,,,,,,completed,
11855,567,568,,,,,,,,,,,completed,
11857,568,569,,,,,,,,,,,completed,
11858,569,570,,,,,,,,,,,completed,
11859,570,571,,,,,,,,,,,completed,
11860,571,573,,,,,,,,,,,completed,
11861,573,574,,,,,,,,,,,completed,
11862,574,575,,,,,,,,,,,completed,
11863,575,576,,,,,,,,,,,completed,
11864,576,577,,,,,,,,,,,completed,
11865,577,578,,,,,,,,,,,completed,
11867,578,579,,,,,,,,,,,completed,
11868,579,580,,,,,,,,,,,completed,
11869,580,581,,,,,,,,,,,completed,
11870,581,583,,,,,,,,,,,completed,
11871,583,584,,,,,,,,,,,completed,
11872,584,585,,,,,,,,,,,completed,
11873,585,586,,,,,,,,,,,completed,
11874,586,587,,,,,,,,,,,completed,
11875,587,589,,,,,,,,,,,completed,
11876,589,590,,,,,,,,,,,completed,
11877,590,591,,,,,,,,,,,completed,
11878,591,592,,,,,,,,,,,completed,
11879,592,593,,,,,,,,,,,completed,
11880,593,594,,,,,,,,,,,completed,
11881,594,595,,,,,,,,,,,completed,
11886,595,596,,,,,,,,,,,completed,
11887,596,597,,,,,,,,,,,completed,
11888,597,598,,,,,,,,,,,completed,
11889,598,599,,,,,,,,,,,completed,
11891,599,600,,,,,,,,,,,completed,
11893,600,601,,,,,,,,,,,completed,
11894,601,602,,,,,,,,,,,completed,
11895,602,603,,,,,,,,,,,completed,
11896,603,604,,,,,,,,,,,completed,
11897,604,605,,,,,,,,,,,completed,
11899,605,606,,,,,,,,,,,completed,
11900,606,607,,,,,,,,,,,completed,
11901,607,608,,,,,,,,,,,completed,
11902,608,609,,,,,,,,,,,completed,
11903,609,610,,,,,,,,,,,completed,
11904,610,611,,,,,,,,,,,completed,
11905,611,612,,,,,,,,,,,completed,
11906,612,613,,,,,,,,,,,completed,
11907,613,614,,,,,,,,,,,completed,
11908,614,615,,,,,,,,,,,completed,
11909,615,616,,,,,,,,,,,completed,
11910,616,617,,,,,,,,,,,completed,
11911,617,618,,,,,,,,,,,completed,
11913,618,620,,,,,,,,,,,completed,
11914,620,621,,,,,,,,,,,completed,
11915,621,622,,,,,,,,,,,completed,
11917,622,624,,,,,,,,,,,completed,
11918,624,625,,,,,,,,,,,completed,
11919,625,626,,,,,,,,,,,completed,
11920,626,627,,,,,,,,,,,completed,
11921,627,628,,,,,,,,,,,completed,
11922,628,629,,,,,,,,,,,completed,
11923,629,631,,,,,,,,,,,completed,
11926,631,632,,,,,,,,,,,completed,
11927,632,633,,,,,,,,,,,completed,
11928,633,635,,,,,,,,,,,completed,
11929,635,637,,,,,,,,,,,completed,
11930,637,638,,,,,,,,,,,completed,
11932,638,640,,,,,,,,,,,completed,
11933,640,641,,,,,,,,,,,completed,
11934,641,642,,,,,,,,,,,completed,
11936,642,643,,,,,,,,,,,completed,
11937,643,644,,,,,,,,,,,completed,
11938,644,645,,,,,,,,,,,completed,
11939,645,647,,,,,,,,,,,completed,
11940,647,648,,,,,,,,,,,completed,
11941,648,649,,,,,,,,,,,completed,
11942,649,650,,,,,,,,,,,completed,
11944,650,651,,,,,,,,,,,completed,
11946,651,653,,,,,,,,,,,completed,
11948,653,654,,,,,,,,,,,completed,
11949,654,655,,,,,,,,,,,completed,
11951,655,656,,,,,,,,,,,completed,
11953,656,657,,,,,,,,,,,completed,
11956,657,658,,,,,,,,,,,completed,
11957,658,659,,,,,,,,,,,completed,
11958,659,660,,,,,,,,,,,completed,
11959,660,661,,,,,,,,,,,completed,
11961,661,663,,,,,,,,,,,completed,
11962,663,664,,,,,,,,,,,completed,
11963,664,665,,,,,,,,,,,completed,
11964,665,666,,,,,,,,,,,completed,
11965,666,667,,,,,,,,,,,completed,
11966,667,668,,,,,,,,,,,completed,
11967,668,669,,,,,,,,,,,completed,
11968,669,670,,,,,,,,,,,completed,
11969,670,671,,,,,,,,,,,completed,
11970,671,673,,,,,,,,,,,completed,
11971,673,674,,,,,,,,,,,completed,
11972,674,675,,,,,,,,,,,completed,
11974,675,676,,,,,,,,,,,completed,
11975,676,678,,,,,,,,,,,completed,
11976,678,679,,,,,,,,,,,completed,
11977,679,680,,,,,,,,,,,completed,
11979,680,681,,,,,,,,,,,completed,
11980,681,683,,,,,,,,,,,completed,
11984,683,684,,,,,,,,,,,completed,
11985,684,685,,,,,,,,,,,completed,
11986,685,686,,,,,,,,,,,completed,
11988,686,687,,,,,,,,,,,completed,
11989,687,688,,,,,,,,,,,completed,
11990,688,689,,,,,,,,,,,completed,
11991,689,690,,,,,,,,,,,completed,
11994,690,691,,,,,,,,,,,completed,
11996,691,693,,,,,,,,,,,completed,
11999,693,694,,,,,,,,,,,completed,
12000,694,695,,,,,,,,,,,completed,
12001,695,696,,,,,,,,,,,completed,
12002,696,697,,,,,,,,,,,completed,
12003,697,698,,,,,,,,,,,completed,
12004,698,699,,,,,,,,,,,completed,
12006,699,701,,,,,,,,,,,completed,
12007,701,702,,,,,,,,,,,completed,
12011,702,703,,,,,,,,,,,completed,
12012,703,704,,,,,,,,,,,completed,
12013,704,705,,,,,,,,,,,completed,
12014,705,706,,,,,,,,,,,completed,
12016,706,707,,,,,,,,,,,completed,
12017,707,708,,,,,,,,,,,completed,
12018,708,709,,,,,,,,,,,completed,
12019,709,710,,,,,,,,,,,completed,
12020,710,711,,,,,,,,,,,completed,
12021,711,712,,,,,,,,,,,completed,
12022,712,714,,,,,,,,,,,completed,
12023,714,715,,,,,,,,,,,completed,
12024,715,716,,,,,,,,,,,completed,
12025,716,717,,,,,,,,,,,completed,
12028,717,718,,,,,,,,,,,completed,
12029,718,719,,,,,,,,,,,completed,
12030,719,720,,,,,,,,,,,completed,
12031,720,721,,,,,,,,,,,completed,
12032,721,722,,,,,,,,,,,completed,
12033,722,723,,,,,,,,,,,completed,
12034,723,724,,,,,,,,,,,completed,
12035,724,725,,,,,,,,,,,completed,
12036,725,726,,,,,,,,,,,completed,
12037,726,727,,,,,,,,,,,completed,
12038,727,728,,,,,,,,,,,completed,
12040,728,729,,,,,,,,,,,completed,
12042,729,730,,,,,,,,,,,completed,
12043,730,731,,,,,,,,,,,completed,
12044,731,732,,,,,,,,,,,completed,
12045,732,733,,,,,,,,,,,completed,
12047,733,734,,,,,,,,,,,completed,
12048,734,735,,,,,,,,,,,completed,
12049,735,736,,,,,,,,,,,completed,
12050,736,737,,,,,,,,,,,completed,
12051,737,738,,,,,,,,,,,completed,
12052,738,739,,,,,,,,,,,completed,
12055,739,740,,,,,,,,,,,completed,
12056,740,741,,,,,,,,,,,completed,
12057,741,742,,,,,,,,,,,completed,
12058,742,743,,,,,,,,,,,completed,
12060,743,744,,,,,,,,,,,completed,
12062,744,745,,,,,,,,,,,completed,
12063,745,746,,,,,,,,,,,completed,
12064,746,747,,,,,,,,,,,completed,
12065,747,748,,,,,,,,,,,completed,
12066,748,749,,,,,,,,,,,completed,
12067,749,750,,,,,,,,,,,completed,
12068,750,751,,,,,,,,,,,completed,
12069,751,752,,,,,,,,,,,completed,
12070,752,753,,,,,,,,,,,completed,
12071,753,754,,,,,,,,,,,completed,
12073,754,755,,,,,,,,,,,completed,
12074,755,756,,,,,,,,,,,completed,
12075,756,757,,,,,,,,,,,completed,
12077,757,758,,,,,,,,,,,completed,
12078,758,759,,,,,,,,,,,completed,
12079,759,760,,,,,,,,,,,completed,
12080,760,761,,,,,,,,,,,completed,
12081,761,762,,,,,,,,,,,completed,
12082,762,763,,,,,,,,,,,completed,
12083,763,764,,,,,,,,,,,completed,
12084,764,765,,,,,,,,,,,completed,
12085,765,767,,,,,,,,,,,completed,
12086,767,768,,,,,,,,,,,completed,
12087,768,769,,,,,,,,,,,completed,
12088,769,770,,,,,,,,,,,completed,
12089,770,771,,,,,,,,,,,completed,
12090,771,772,,,,,,,,,,,completed,
12092,772,773,,,,,,,,,,,completed,
12093,773,774,,,,,,,,,,,completed,
12095,774,775,,,,,,,,,,,completed,
12096,775,776,,,,,,,,,,,completed,
12097,776,777,,,,,,,,,,,completed,
12099,777,778,,,,,,,,,,,completed,
12100,778,779,,,,,,,,,,,completed,
12102,779,780,,,,,,,,,,,completed,
12103,780,781,,,,,,,,,,,completed,
12104,781,782,,,,,,,,,,,completed,
12105,782,783,,,,,,,,,,,completed,
12106,783,784,,,,,,,,,,,completed,
12107,784,785,,,,,,,,,,,completed,
12108,785,786,,,,,,,,,,,completed,
12109,786,787,,,,,,,,,,,completed,
12110,787,788,,,,,,,,,,,completed,
12113,788,789,,,,,,,,,,,completed,
12115,789,790,,,,,,,,,,,completed,
12117,790,791,,,,,,,,,,,completed,
12119,791,792,,,,,,,,,,,completed,
12120,792,793,,,,,,,,,,,completed,
12121,793,794,,,,,,,,,,,completed,
12122,794,795,,,,,,,,,,,completed,
12123,795,796,,,,,,,,,,,completed,
12124,796,797,,,,,,,,,,,completed,
12125,797,798,,,,,,,,,,,completed,
12127,798,799,,,,,,,,,,,completed,
12128,799,800,,,,,,,,,,,completed,
12129,800,801,,,,,,,,,,,completed,
12130,801,802,,,,,,,,,,,completed,
12132,802,803,,,,,,,,,,,completed,
12133,803,804,,,,,,,,,,,completed,
12134,804,805,,,,,,,,,,,completed,
12135,805,806,,,,,,,,,,,completed,
12136,806,807,,,,,,,,,,,completed,
12138,807,809,,,,,,,,,,,completed,
12139,809,810,,,,,,,,,,,completed,
12140,810,811,,,,,,,,,,,completed,
12141,811,812,,,,,,,,,,,completed,
12142,812,813,,,,,,,,,,,completed,
12143,813,814,,,,,,,,,,,completed,
12144,814,815,,,,,,,,,,,completed,
12145,815,816,,,,,,,,,,,completed,
12147,816,817,,,,,,,,,,,completed,
12148,817,818,,,,,,,,,,,completed,
12150,818,819,,,,,,,,,,,completed,
12151,819,820,,,,,,,,,,,completed,
12152,820,821,,,,,,,,,,,completed,
12154,821,822,,,,,,,,,,,completed,
12156,822,823,,,,,,,,,,,completed,
12158,823,824,,,,,,,,,,,completed,
12159,824,825,,,,,,,,,,,completed,
12160,825,827,,,,,,,,,,,completed,
12161,827,828,,,,,,,,,,,completed,
12162,828,829,,,,,,,,,,,completed,
12163,829,830,,,,,,,,,,,completed,
12166,830,831,,,,,,,,,,,completed,
12167,831,833,,,,,,,,,,,completed,
12169,833,834,,,,,,,,,,,completed,
12170,834,835,,,,,,,,,,,completed,
12171,835,836,,,,,,,,,,,completed,
12173,836,837,,,,,,,,,,,completed,
12174,837,838,,,,,,,,,,,completed,
12176,838,839,,,,,,,,,,,completed,
12177,839,840,,,,,,,,,,,completed,
12178,840,841,,,,,,,,,,,completed,
12180,841,842,,,,,,,,,,,completed,
12181,842,845,,,,,,,,,,,completed,
12182,845,846,,,,,,,,,,,completed,
12183,846,847,,,,,,,,,,,completed,
12186,847,848,,,,,,,,,,,completed,
12188,848,850,,,,,,,,,,,completed,
12189,850,851,,,,,,,,,,,completed,
12190,851,853,,,,,,,,,,,completed,
12191,853,854,,,,,,,,,,,completed,
12192,854,855,,,,,,,,,,,completed,
12193,855,856,,,,,,,,,,,completed,
12194,856,857,,,,,,,,,,,completed,
12195,857,858,,,,,,,,,,,completed,
12196,858,859,,,,,,,,,,,completed,
12197,859,860,,,,,,,,,,,completed,
12198,860,861,,,,,,,,,,,completed,
12199,861,863,,,,,,,,,,,completed,
12200,863,864,,,,,,,,,,,completed,
12201,864,865,,,,,,,,,,,completed,
12203,865,867,,,,,,,,,,,completed,
12204,867,869,,,,,,,,,,,completed,
12205,869,870,,,,,,,,,,,completed,
12207,870,871,,,,,,,,,,,completed,
12208,871,872,,,,,,,,,,,completed,
12209,872,873,,,,,,,,,,,completed,
12211,873,874,,,,,,,,,,,completed,
12213,874,875,,,,,,,,,,,completed,
12214,875,876,,,,,,,,,,,completed,
12216,876,877,,,,,,,,,,,completed,
12217,877,878,,,,,,,,,,,completed,
12218,878,880,,,,,,,,,,,completed,
12219,880,881,,,,,,,,,,,completed,
12220,881,882,,,,,,,,,,,completed,
12221,882,883,,,,,,,,,,,completed,
12222,883,884,,,,,,,,,,,completed,
12223,884,885,,,,,,,,,,,completed,
12224,885,886,,,,,,,,,,,completed,
12225,886,887,,,,,,,,,,,completed,
12226,887,888,,,,,,,,,,,completed,
12227,888,889,,,,,,,,,,,completed,
12228,889,890,,,,,,,,,,,completed,
12230,890,891,,,,,,,,,,,completed,
12231,891,892,,,,,,,,,,,completed,
12232,892,893,,,,,,,,,,,completed,
12233,893,894,,,,,,,,,,,completed,
12234,894,895,,,,,,,,,,,completed,
12235,895,896,,,,,,,,,,,completed,
12236,896,897,,,,,,,,,,,completed,
12237,897,898,,,,,,,,,,,completed,
12238,898,899,,,,,,,,,,,completed,
12239,899,900,,,,,,,,,,,completed,
12240,900,901,,,,,,,,,,,completed,
12241,901,902,,,,,,,,,,,completed,
12242,902,903,,,,,,,,,,,completed,
12243,903,904,,,,,,,,,,,completed,
12244,904,905,,,,,,,,,,,completed,
12245,905,907,,,,,,,,,,,completed,
12248,907,908,,,,,,,,,,,completed,
12249,908,909,,,,,,,,,,,completed,
12250,909,910,,,,,,,,,,,completed,
12252,910,911,,,,,,,,,,,completed,
12253,911,912,,,,,,,,,,,completed,
12255,912,914,,,,,,,,,,,completed,
12256,914,915,,,,,,,,,,,completed,
12257,915,916,,,,,,,,,,,completed,
12258,916,917,,,,,,,,,,,completed,
12260,917,918,,,,,,,,,,,completed,
12261,918,919,,,,,,,,,,,completed,
12262,919,920,,,,,,,,,,,completed,
12263,920,921,,,,,,,,,,,completed,
12264,921,922,,,,,,,,,,,completed,
12265,922,923,,,,,,,,,,,completed,
12266,923,924,,,,,,,,,,,completed,
12267,924,925,,,,,,,,,,,completed,
12268,925,926,,,,,,,,,,,completed,
12269,926,927,,,,,,,,,,,completed,
12270,927,928,,,,,,,,,,,completed,
12271,928,929,,,,,,,,,,,completed,
12273,929,930,,,,,,,,,,,completed,
12274,930,931,,,,,,,,,,,completed,
12275,931,933,,,,,,,,,,,completed,
12276,933,934,,,,,,,,,,,completed,
12278,934,935,,,,,,,,,,,completed,
12279,935,936,,,,,,,,,,,completed,
12281,936,937,,,,,,,,,,,completed,
12283,937,939,,,,,,,,,,,completed,
12286,939,940,,,,,,,,,,,completed,
12287,940,941,,,,,,,,,,,completed,
12288,941,943,,,,,,,,,,,completed,
12289,943,944,,,,,,,,,,,completed,
12290,944,945,,,,,,,,,,,completed,
12293,945,946,,,,,,,,,,,completed,
12294,946,947,,,,,,,,,,,completed,
12296,947,948,,,,,,,,,,,completed,
12297,948,949,,,,,,,,,,,completed,
12298,949,950,,,,,,,,,,,completed,
12299,950,951,,,,,,,,,,,completed,
12300,951,952,,,,,,,,,,,completed,
12301,952,953,,,,,,,,,,,completed,
12302,953,954,,,,,,,,,,,completed,
12303,954,955,,,,,,,,,,,completed,
12304,955,956,,,,,,,,,,,completed,
12305,956,957,,,,,,,,,,,completed,
12306,957,958,,,,,,,,,,,completed,
12307,958,959,,,,,,,,,,,completed,
12308,959,960,,,,,,,,,,,completed,
12309,960,961,,,,,,,,,,,completed,
12310,961,962,,,,,,,,,,,completed,
12311,962,964,,,,,,,,,,,completed,
12313,964,965,,,,,,,,,,,completed,
12314,965,966,,,,,,,,,,,completed,
12315,966,967,,,,,,,,,,,completed,
12317,967,968,,,,,,,,,,,completed,
12319,968,969,,,,,,,,,,,completed,
12320,969,970,,,,,,,,,,,completed,
12321,970,971,,,,,,,,,,,completed,
12322,971,972,,,,,,,,,,,completed,
12323,972,973,,,,,,,,,,,completed,
12325,973,974,,,,,,,,,,,completed,
12326,974,976,,,,,,,,,,,completed,
12327,976,978,,,,,,,,,,,completed,
12328,978,979,,,,,,,,,,,completed,
12329,979,980,,,,,,,,,,,completed,
12330,980,981,,,,,,,,,,,completed,
12332,981,983,,,,,,,,,,,completed,
12333,983,984,,,,,,,,,,,completed,
12335,984,985,,,,,,,,,,,completed,
12337,985,986,,,,,,,,,,,completed,
12338,986,987,,,,,,,,,,,completed,
12339,987,988,,,,,,,,,,,completed,
12340,988,989,,,,,,,,,,,completed,
12341,989,990,,,,,,,,,,,completed,
12342,990,991,,,,,,,,,,,completed,
12343,991,992,,,,,,,,,,,completed,
12344,992,994,,,,,,,,,,,completed,
12345,994,995,,,,,,,,,,,completed,
12346,995,996,,,,,,,,,,,completed,
12347,996,997,,,,,,,,,,,completed,
12348,997,998,,,,,,,,,,,completed,
12349,998,999,,,,,,,,,,,completed,
12353,999,1000,,,,,,,,,,,completed,
12354,1000,1001,,,,,,,,,,,completed,
12355,1001,1002,,,,,,,,,,,completed,
12356,1002,1004,,,,,,,,,,,completed,
12358,1004,1005,,,,,,,,,,,completed,
12359,1005,1006,,,,,,,,,,,completed,
12360,1006,1007,,,,,,,,,,,completed,
12361,1007,1008,,,,,,,,,,,completed,
12362,1008,1009,,,,,,,,,,,completed,
12363,1009,1010,,,,,,,,,,,completed,
12364,1010,1011,,,,,,,,,,,completed,
12366,1011,1012,,,,,,,,,,,completed,
12367,1012,1013,,,,,,,,,,,completed,
12368,1013,1014,,,,,,,,,,,completed,
12369,1014,1015,,,,,,,,,,,completed,
12370,1015,1016,,,,,,,,,,,completed,
12371,1016,1017,,,,,,,,,,,completed,
12372,1017,1018,,,,,,,,,,,completed,
12373,1018,1019,,,,,,,,,,,completed,
12374,1019,1020,,,,,,,,,,,completed,
12375,1020,1021,,,,,,,,,,,completed,
12376,1021,1022,,,,,,,,,,,completed,
12377,1022,1023,,,,,,,,,,,completed,
12378,1023,1024,,,,,,,,,,,completed,
12380,1024,1025,,,,,,,,,,,completed,
12382,1025,1026,,,,,,,,,,,completed,
12383,1026,1027,,,,,,,,,,,completed,
12384,1027,1028,,,,,,,,,,,completed,
12386,1028,1029,,,,,,,,,,,completed,
12387,1029,1030,,,,,,,,,,,completed,
12388,1030,1031,,,,,,,,,,,completed,
12389,1031,1032,,,,,,,,,,,completed,
12390,1032,1033,,,,,,,,,,,completed,
12391,1033,1034,,,,,,,,,,,completed,
12392,1034,1035,,,,,,,,,,,completed,
12393,1035,1036,,,,,,,,,,,completed,
12395,1036,1037,,,,,,,,,,,completed,
12396,1037,1038,,,,,,,,,,,completed,
12397,1038,1039,,,,,,,,,,,completed,
12398,1039,1040,,,,,,,,,,,completed,
12399,1040,1041,,,,,,,,,,,completed,
12402,1041,1042,,,,,,,,,,,completed,
12404,1042,1043,,,,,,,,,,,completed,
12405,1043,1044,,,,,,,,,,,completed,
12407,1044,1046,,,,,,,,,,,completed,
12408,1046,1047,,,,,,,,,,,completed,
12410,1047,1048,,,,,,,,,,,completed,
12414,1048,1049,,,,,,,,,,,completed,
12416,1049,1050,,,,,,,,,,,completed,
12417,1050,1051,,,,,,,,,,,completed,
12418,1051,1052,,,,,,,,,,,completed,
12420,1052,1054,,,,,,,,,,,completed,
12421,1054,1055,,,,,,,,,,,completed,
12422,1055,1056,,,,,,,,,,,completed,
12424,1056,1057,,,,,,,,,,,completed,
12425,1057,1058,,,,,,,,,,,completed,
12426,1058,1059,,,,,,,,,,,completed,
12427,1059,1060,,,,,,,,,,,completed,
12428,1060,1061,,,,,,,,,,,completed,
12429,1061,1062,,,,,,,,,,,completed,
12430,1062,1063,,,,,,,,,,,completed,
12431,1063,1064,,,,,,,,,,,completed,
12432,1064,1065,,,,,,,,,,,completed,
12434,1065,1066,,,,,,,,,,,completed,
12435,1066,1067,,,,,,,,,,,completed,
12436,1067,1068,,,,,,,,,,,completed,
12437,1068,1069,,,,,,,,,,,completed,
12438,1069,1070,,,,,,,,,,,completed,
12439,1070,1071,,,,,,,,,,,completed,
12440,1071,1072,,,,,,,,,,,completed,
12441,1072,1073,,,,,,,,,,,completed,
12442,1073,1074,,,,,,,,,,,completed,
12443,1074,1075,,,,,,,,,,,completed,
12444,1075,1076,,,,,,,,,,,completed,
12445,1076,1078,,,,,,,,,,,completed,
12446,1078,1079,,,,,,,,,,,completed,
12447,1079,1080,,,,,,,,,,,completed,
12448,1080,1081,,,,,,,,,,,completed,
12449,1081,1082,,,,,,,,,,,completed,
12450,1082,1083,,,,,,,,,,,completed,
12451,1083,1084,,,,,,,,,,,completed,
12452,1084,1085,,,,,,,,,,,completed,
12454,1085,1086,,,,,,,,,,,completed,
12455,1086,1087,,,,,,,,,,,completed,
12456,1087,1088,,,,,,,,,,,completed,
12458,1088,1089,,,,,,,,,,,completed,
12460,1089,1090,,,,,,,,,,,completed,
12461,1090,1091,,,,,,,,,,,completed,
12462,1091,1092,,,,,,,,,,,completed,
12463,1092,1093,,,,,,,,,,,completed,
12464,1093,1094,,,,,,,,,,,completed,
12465,1094,1095,,,,,,,,,,,completed,
12466,1095,1096,,,,,,,,,,,completed,
12467,1096,1097,,,,,,,,,,,completed,
12468,1097,1098,,,,,,,,,,,completed,
12470,1098,1099,,,,,,,,,,,completed,
12471,1099,1100,,,,,,,,,,,completed,
12472,1100,1101,,,,,,,,,,,completed,
12473,1101,1102,,,,,,,,,,,completed,
12475,1102,1103,,,,,,,,,,,completed,
12477,1103,1104,,,,,,,,,,,completed,
12478,1104,1105,,,,,,,,,,,completed,
12482,1105,1106,,,,,,,,,,,completed,
12483,1106,1107,,,,,,,,,,,completed,
12484,1107,1108,,,,,,,,,,,completed,
12486,1108,1109,,,,,,,,,,,completed,
12487,1109,1110,,,,,,,,,,,completed,
12488,1110,1111,,,,,,,,,,,completed,
12489,1111,1112,,,,,,,,,,,completed,
12490,1112,1114,,,,,,,,,,,completed,
12491,1114,1115,,,,,,,,,,,completed,
12492,1115,1116,,,,,,,,,,,completed,
12493,1116,1117,,,,,,,,,,,completed,
12496,1117,1118,,,,,,,,,,,completed,
12497,1118,1119,,,,,,,,,,,completed,
12498,1119,1120,,,,,,,,,,,completed,
12499,1120,1121,,,,,,,,,,,completed,
12500,1121,1122,,,,,,,,,,,completed,
12502,1122,1123,,,,,,,,,,,completed,
12503,1123,1124,,,,,,,,,,,completed,
12504,1124,1125,,,,,,,,,,,completed,
12505,1125,1126,,,,,,,,,,,completed,
12506,1126,1128,,,,,,,,,,,completed,
12507,1128,1129,,,,,,,,,,,completed,
12509,1129,1130,,,,,,,,,,,completed,
12510,1130,1131,,,,,,,,,,,completed,
12512,1131,1132,,,,,,,,,,,completed,
12513,1132,1134,,,,,,,,,,,completed,
12515,1134,1136,,,,,,,,,,,completed,
12516,1136,1137,,,,,,,,,,,completed,
12517,1137,1139,,,,,,,,,,,completed,
12518,1139,1140,,,,,,,,,,,completed,
12519,1140,1141,,,,,,,,,,,completed,
12520,1141,1142,,,,,,,,,,,completed,
12521,1142,1143,,,,,,,,,,,completed,
12522,1143,1144,,,,,,,,,,,completed,
12523,1144,1145,,,,,,,,,,,completed,
12524,1145,1146,,,,,,,,,,,completed,
12525,1146,1147,,,,,,,,,,,completed,
12526,1147,1148,,,,,,,,,,,completed,
12527,1148,1149,,,,,,,,,,,completed,
12528,1149,1150,,,,,,,,,,,completed,
12529,1150,1152,,,,,,,,,,,completed,
12530,1152,1153,,,,,,,,,,,completed,
12531,1153,1154,,,,,,,,,,,completed,
12533,1154,1155,,,,,,,,,,,completed,
12537,1155,1156,,,,,,,,,,,completed,
12538,1156,1157,,,,,,,,,,,completed,
12539,1157,1158,,,,,,,,,,,completed,
12540,1158,1159,,,,,,,,,,,completed,
12541,1159,1160,,,,,,,,,,,completed,
12542,1160,1161,,,,,,,,,,,completed,
12543,1161,1162,,,,,,,,,,,completed,
12545,1162,1163,,,,,,,,,,,completed,
12546,1163,1164,,,,,,,,,,,completed,
12547,1164,1165,,,,,,,,,,,completed,
12549,1165,1166,,,,,,,,,,,completed,
12550,1166,1167,,,,,,,,,,,completed,
12551,1167,1168,,,,,,,,,,,completed,
12552,1168,1170,,,,,,,,,,,completed,
12553,1170,1171,,,,,,,,,,,completed,
12554,1171,1172,,,,,,,,,,,completed,
12555,1172,1173,,,,,,,,,,,completed,
12556,1173,1174,,,,,,,,,,,completed,
12557,1174,1176,,,,,,,,,,,completed,
12560,1176,1177,,,,,,,,,,,completed,
12561,1177,1178,,,,,,,,,,,completed,
12562,1178,1179,,,,,,,,,,,completed,
12563,1179,1180,,,,,,,,,,,completed,
12565,1180,1181,,,,,,,,,,,completed,
12568,1181,1182,,,,,,,,,,,completed,
12569,1182,1183,,,,,,,,,,,completed,
12570,1183,1184,,,,,,,,,,,completed,
12571,1184,1185,,,,,,,,,,,completed,
12572,1185,1186,,,,,,,,,,,completed,
12573,1186,1189,,,,,,,,,,,completed,
12574,1189,1190,,,,,,,,,,,completed,
12575,1190,1191,,,,,,,,,,,completed,
12576,1191,1192,,,,,,,,,,,completed,
12577,1192,1193,,,,,,,,,,,completed,
12578,1193,1194,,,,,,,,,,,completed,
12579,1194,1195,,,,,,,,,,,completed,
12580,1195,1196,,,,,,,,,,,completed,
12581,1196,1198,,,,,,,,,,,completed,
12582,1198,1199,,,,,,,,,,,completed,
12584,1199,1200,,,,,,,,,,,completed,
12585,1200,1201,,,,,,,,,,,completed,
12587,1201,1202,,,,,,,,,,,completed,
12588,1202,1203,,,,,,,,,,,completed,
12589,1203,1204,,,,,,,,,,,completed,
12591,1204,1205,,,,,,,,,,,completed,
12593,1205,1206,,,,,,,,,,,completed,
12594,1206,1207,,,,,,,,,,,completed,
12595,1207,1208,,,,,,,,,,,completed,
12596,1208,1209,,,,,,,,,,,completed,
12597,1209,1210,,,,,,,,,,,completed,
12598,1210,1211,,,,,,,,,,,completed,
12600,1211,1212,,,,,,,,,,,completed,
12601,1212,1213,,,,,,,,,,,completed,
12602,1213,1214,,,,,,,,,,,completed,
12603,1214,1215,,,,,,,,,,,completed,
12604,1215,1216,,,,,,,,,,,completed,
12607,1216,1217,,,,,,,,,,,completed,
12609,1217,1218,,,,,,,,,,,completed,
12610,1218,1221,,,,,,,,,,,completed,
12612,1221,1222,,,,,,,,,,,completed,
12613,1222,1224,,,,,,,,,,,completed,
12614,1224,1225,,,,,,,,,,,completed,
12615,1225,1226,,,,,,,,,,,completed,
12617,1226,1227,,,,,,,,,,,completed,
12618,1227,1229,,,,,,,,,,,completed,
12619,1229,1230,,,,,,,,,,,completed,
12620,1230,1231,,,,,,,,,,,completed,
12621,1231,1232,,,,,,,,,,,completed,
12622,1232,1233,,,,,,,,,,,completed,
12623,1233,1234,,,,,,,,,,,completed,
12626,1234,1235,,,,,,,,,,,completed,
12627,1235,1236,,,,,,,,,,,completed,
12629,1236,1237,,,,,,,,,,,completed,
12630,1237,1238,,,,,,,,,,,completed,
12631,1238,1240,,,,,,,,,,,completed,
12632,1240,1241,,,,,,,,,,,completed,
12633,1241,1242,,,,,,,,,,,completed,
12634,1242,1244,,,,,,,,,,,completed,
12635,1244,1245,,,,,,,,,,,completed,
12636,1245,1246,,,,,,,,,,,completed,
12637,1246,1247,,,,,,,,,,,completed,
12638,1247,1248,,,,,,,,,,,completed,
12640,1248,1249,,,,,,,,,,,completed,
12641,1249,1250,,,,,,,,,,,completed,
12642,1250,1251,,,,,,,,,,,completed,
12644,1251,1252,,,,,,,,,,,completed,
12645,1252,1253,,,,,,,,,,,completed,
12646,1253,1254,,,,,,,,,,,completed,
12648,1254,1255,,,,,,,,,,,completed,
12649,1255,1256,,,,,,,,,,,completed,
12651,1256,1258,,,,,,,,,,,completed,
12652,1258,1259,,,,,,,,,,,completed,
12653,1259,1260,,,,,,,,,,,completed,
12654,1260,1261,,,,,,,,,,,completed,
12655,1261,1262,,,,,,,,,,,completed,
12657,1262,1263,,,,,,,,,,,completed,
12660,1263,1264,,,,,,,,,,,completed,
12661,1264,1265,,,,,,,,,,,completed,
12662,1265,1267,,,,,,,,,,,completed,
12664,1267,1270,,,,,,,,,,,completed,
12665,1270,1272,,,,,,,,,,,completed,
12666,1272,1274,,,,,,,,,,,completed,
12668,1274,1275,,,,,,,,,,,completed,
12669,1275,1276,,,,,,,,,,,completed,
12670,1276,1277,,,,,,,,,,,completed,
12671,1277,1278,,,,,,,,,,,completed,
12672,1278,1279,,,,,,,,,,,completed,
12674,1279,1280,,,,,,,,,,,completed,
12676,1280,1281,,,,,,,,,,,completed,
12677,1281,1282,,,,,,,,,,,completed,
12678,1282,1283,,,,,,,,,,,completed,
12679,1283,1284,,,,,,,,,,,completed,
12680,1284,1285,,,,,,,,,,,completed,
12681,1285,1286,,,,,,,,,,,completed,
12683,1286,1287,,,,,,,,,,,completed,
12684,1287,1288,,,,,,,,,,,completed,
12687,1288,1289,,,,,,,,,,,completed,
12688,1289,1290,,,,,,,,,,,completed,
12689,1290,1291,,,,,,,,,,,completed,
12690,1291,1292,,,,,,,,,,,completed,
12691,1292,1293,,,,,,,,,,,completed,
12694,1293,1294,,,,,,,,,,,completed,
12696,1294,1295,,,,,,,,,,,completed,
12697,1295,1296,,,,,,,,,,,completed,
12699,1296,1298,,,,,,,,,,,completed,
12700,1298,1299,,,,,,,,,,,completed,
12701,1299,1300,,,,,,,,,,,completed,
12702,1300,1301,,,,,,,,,,,completed,
12703,1301,1302,,,,,,,,,,,completed,
12704,1302,1303,,,,,,,,,,,completed,
12705,1303,1304,,,,,,,,,,,completed,
12706,1304,1305,,,,,,,,,,,completed,
12707,1305,1306,,,,,,,,,,,completed,
12709,1306,1307,,,,,,,,,,,completed,
12710,1307,1308,,,,,,,,,,,completed,
12712,1308,1309,,,,,,,,,,,completed,
12713,1309,1310,,,,,,,,,,,completed,
12714,1310,1311,,,,,,,,,,,completed,
12715,1311,1312,,,,,,,,,,,completed,
12716,1312,1313,,,,,,,,,,,completed,
12717,1313,1314,,,,,,,,,,,completed,
12718,1314,1315,,,,,,,,,,,completed,
12720,1315,1316,,,,,,,,,,,completed,
12721,1316,1317,,,,,,,,,,,completed,
12722,1317,1318,,,,,,,,,,,completed,
12724,1318,1319,,,,,,,,,,,completed,
12725,1319,1320,,,,,,,,,,,completed,
12726,1320,1321,,,,,,,,,,,completed,
12727,1321,1322,,,,,,,,,,,completed,
12728,1322,1323,,,,,,,,,,,completed,
12730,1323,1324,,,,,,,,,,,completed,
12731,1324,1325,,,,,,,,,,,completed,
12732,1325,1326,,,,,,,,,,,completed,
12734,1326,1327,,,,,,,,,,,completed,
12735,1327,1328,,,,,,,,,,,completed,
12736,1328,1329,,,,,,,,,,,completed,
12741,1329,1330,,,,,,,,,,,completed,
12743,1330,1331,,,,,,,,,,,completed,
12744,1331,1332,,,,,,,,,,,completed,
12745,1332,1334,,,,,,,,,,,completed,
12746,1334,1335,,,,,,,,,,,completed,
12747,1335,1336,,,,,,,,,,,completed,
12749,1336,1338,,,,,,,,,,,completed,
12750,1338,1339,,,,,,,,,,,completed,
12751,1339,1340,,,,,,,,,,,completed,
12753,1340,1341,,,,,,,,,,,completed,
12756,1341,1342,,,,,,,,,,,completed,
12757,1342,1343,,,,,,,,,,,completed,
12758,1343,1344,,,,,,,,,,,completed,
12759,1344,1345,,,,,,,,,,,completed,
12760,1345,1346,,,,,,,,,,,completed,
12761,1346,1347,,,,,,,,,,,completed,
12763,1347,1348,,,,,,,,,,,completed,
12764,1348,1350,,,,,,,,,,,completed,
12765,1350,1351,,,,,,,,,,,completed,
12766,1351,1352,,,,,,,,,,,completed,
12767,1352,1354,,,,,,,,,,,completed,
12770,1354,1356,,,,,,,,,,,completed,
12772,1356,1357,,,,,,,,,,,completed,
12773,1357,1358,,,,,,,,,,,completed,
12774,1358,1360,,,,,,,,,,,completed,
12776,1360,1361,,,,,,,,,,,completed,
12777,1361,1362,,,,,,,,,,,completed,
12778,1362,1363,,,,,,,,,,,completed,
12779,1363,1364,,,,,,,,,,,completed,
12780,1364,1365,,,,,,,,,,,completed,
12781,1365,1366,,,,,,,,,,,completed,
12782,1366,1367,,,,,,,,,,,completed,
12783,1367,1368,,,,,,,,,,,completed,
12784,1368,1369,,,,,,,,,,,completed,
12785,1369,1370,,,,,,,,,,,completed,
12786,1370,1371,,,,,,,,,,,completed,
12788,1371,1372,,,,,,,,,,,completed,
12789,1372,1373,,,,,,,,,,,completed,
12791,1373,1374,,,,,,,,,,,completed,
12792,1374,1375,,,,,,,,,,,completed,
12793,1375,1376,,,,,,,,,,,completed,
12794,1376,1377,,,,,,,,,,,completed,
12795,1377,1378,,,,,,,,,,,completed,
12796,1378,1380,,,,,,,,,,,completed,
12797,1380,1382,,,,,,,,,,,completed,
12798,1382,1383,,,,,,,,,,,completed,
12799,1383,1384,,,,,,,,,,,completed,
12800,1384,1385,,,,,,,,,,,completed,
12802,1385,1386,,,,,,,,,,,completed,
12803,1386,1387,,,,,,,,,,,completed,
12804,1387,1388,,,,,,,,,,,completed,
12805,1388,1389,,,,,,,,,,,completed,
12806,1389,1390,,,,,,,,,,,completed,
12808,1390,1391,,,,,,,,,,,completed,
12810,1391,1392,,,,,,,,,,,completed,
12811,1392,1393,,,,,,,,,,,completed,
12812,1393,1395,,,,,,,,,,,completed,
12813,1395,1396,,,,,,,,,,,completed,
12814,1396,1397,,,,,,,,,,,completed,
12815,1397,1398,,,,,,,,,,,completed,
12816,1398,1400,,,,,,,,,,,completed,
12817,1400,1401,,,,,,,,,,,completed,
12818,1401,1403,,,,,,,,,,,completed,
12819,1403,1404,,,,,,,,,,,completed,
12820,1404,1405,,,,,,,,,,,completed,
12821,1405,1406,,,,,,,,,,,completed,
12822,1406,1407,,,,,,,,,,,completed,
12823,1407,1408,,,,,,,,,,,completed,
12824,1408,1409,,,,,,,,,,,completed,
12827,1409,1410,,,,,,,,,,,completed,
12828,1410,1411,,,,,,,,,,,completed,
12830,1411,1412,,,,,,,,,,,completed,
12831,1412,1414,,,,,,,,,,,completed,
12832,1414,1415,,,,,,,,,,,completed,
12833,1415,1416,,,,,,,,,,,completed,
12834,1416,1417,,,,,,,,,,,completed,
12836,1417,1418,,,,,,,,,,,completed,
12837,1418,1420,,,,,,,,,,,completed,
12838,1420,1421,,,,,,,,,,,completed,
12839,1421,1422,,,,,,,,,,,completed,
12840,1422,1423,,,,,,,,,,,completed,
12841,1423,1424,,,,,,,,,,,completed,
12843,1424,1425,,,,,,,,,,,completed,
12844,1425,1426,,,,,,,,,,,completed,
12845,1426,1427,,,,,,,,,,,completed,
12846,1427,1428,,,,,,,,,,,completed,
12848,1428,1429,,,,,,,,,,,completed,
12850,1429,1430,,,,,,,,,,,completed,
12852,1430,1431,,,,,,,,,,,completed,
12853,1431,1432,,,,,,,,,,,completed,
12854,1432,1433,,,,,,,,,,,completed,
12855,1433,1434,,,,,,,,,,,completed,
12856,1434,1435,,,,,,,,,,,completed,
12857,1435,1436,,,,,,,,,,,completed,
12858,1436,1437,,,,,,,,,,,completed,
12859,1437,1438,,,,,,,,,,,completed,
12860,1438,1439,,,,,,,,,,,completed,
12861,1439,1440,,,,,,,,,,,completed,
12862,1440,1442,,,,,,,,,,,completed,
12863,1442,1445,,,,,,,,,,,completed,
12864,1445,1446,,,,,,,,,,,completed,
12865,1446,1447,,,,,,,,,,,completed,
12866,1447,1448,,,,,,,,,,,completed,
12867,1448,1449,,,,,,,,,,,completed,
12868,1449,1450,,,,,,,,,,,completed,
12869,1450,1451,,,,,,,,,,,completed,
12870,1451,1452,,,,,,,,,,,completed,
12871,1452,1453,,,,,,,,,,,completed,
12872,1453,1454,,,,,,,,,,,completed,
12873,1454,1455,,,,,,,,,,,completed,
12874,1455,1457,,,,,,,,,,,completed,
12875,1457,1458,,,,,,,,,,,completed,
12876,1458,1459,,,,,,,,,,,completed,
12878,1459,1460,,,,,,,,,,,completed,
12879,1460,1462,,,,,,,,,,,completed,
12881,1462,1463,,,,,,,,,,,completed,
12882,1463,1464,,,,,,,,,,,completed,
12883,1464,1465,,,,,,,,,,,completed,
12884,1465,1466,,,,,,,,,,,completed,
12885,1466,1467,,,,,,,,,,,completed,
12886,1467,1469,,,,,,,,,,,completed,
12887,1469,1470,,,,,,,,,,,completed,
12888,1470,1471,,,,,,,,,,,completed,
12889,1471,1472,,,,,,,,,,,completed,
12890,1472,1473,,,,,,,,,,,completed,
12891,1473,1474,,,,,,,,,,,completed,
12893,1474,1475,,,,,,,,,,,completed,
12894,1475,1476,,,,,,,,,,,completed,
12895,1476,1477,,,,,,,,,,,completed,
12896,1477,1478,,,,,,,,,,,completed,
12897,1478,1480,,,,,,,,,,,completed,
12898,1480,1481,,,,,,,,,,,completed,
12899,1481,1482,,,,,,,,,,,completed,
12900,1482,1483,,,,,,,,,,,completed,
12901,1483,1484,,,,,,,,,,,completed,
12902,1484,1485,,,,,,,,,,,completed,
12904,1485,1486,,,,,,,,,,,completed,
12905,1486,1487,,,,,,,,,,,completed,
12906,1487,1488,,,,,,,,,,,completed,
12907,1488,1489,,,,,,,,,,,completed,
12908,1489,1490,,,,,,,,,,,completed,
12910,1490,1491,,,,,,,,,,,completed,
12911,1491,1492,,,,,,,,,,,completed,
12912,1492,1493,,,,,,,,,,,completed,
12913,1493,1494,,,,,,,,,,,completed,
12914,1494,1495,,,,,,,,,,,completed,
12915,1495,1496,,,,,,,,,,,completed,
12916,1496,1497,,,,,,,,,,,completed,
12918,1497,1498,,,,,,,,,,,completed,
12919,1498,1499,,,,,,,,,,,completed,
12920,1499,1500,,,,,,,,,,,completed,
12921,1500,1501,,,,,,,,,,,completed,
12922,1501,1502,,,,,,,,,,,completed,
12924,1502,1503,,,,,,,,,,,completed,
12925,1503,1504,,,,,,,,,,,completed,
12926,1504,1505,,,,,,,,,,,completed,
12928,1505,1506,,,,,,,,,,,completed,
12929,1506,1507,,,,,,,,,,,completed,
12930,1507,1508,,,,,,,,,,,completed,
12931,1508,1509,,,,,,,,,,,completed,
12932,1509,1510,,,,,,,,,,,completed,
12933,1510,1511,,,,,,,,,,,completed,
12934,1511,1512,,,,,,,,,,,completed,
12935,1512,1513,,,,,,,,,,,completed,
12936,1513,1514,,,,,,,,,,,completed,
12937,1514,1515,,,,,,,,,,,completed,
12939,1515,1516,,,,,,,,,,,completed,
12940,1516,1517,,,,,,,,,,,completed,
12942,1517,1518,,,,,,,,,,,completed,
12943,1518,1519,,,,,,,,,,,completed,
12944,1519,1520,,,,,,,,,,,completed,
12945,1520,1521,,,,,,,,,,,completed,
12946,1521,1523,,,,,,,,,,,completed,
12947,1523,1524,,,,,,,,,,,completed,
12948,1524,1525,,,,,,,,,,,completed,
12951,1525,1526,,,,,,,,,,,completed,
12952,1526,1527,,,,,,,,,,,completed,
12954,1527,1528,,,,,,,,,,,completed,
12955,1528,1529,,,,,,,,,,,completed,
12956,1529,1530,,,,,,,,,,,completed,
12957,1530,1531,,,,,,,,,,,completed,
12959,1531,1532,,,,,,,,,,,completed,
12960,1532,1533,,,,,,,,,,,completed,
12961,1533,1534,,,,,,,,,,,completed,
12962,1534,1535,,,,,,,,,,,completed,
12964,1535,1536,,,,,,,,,,,completed,
12966,1536,1537,,,,,,,,,,,completed,
12967,1537,1538,,,,,,,,,,,completed,
12969,1538,1539,,,,,,,,,,,completed,
12970,1539,1541,,,,,,,,,,,completed,
12971,1541,1543,,,,,,,,,,,completed,
12973,1543,1545,,,,,,,,,,,completed,
12975,1545,1546,,,,,,,,,,,completed,
12976,1546,1547,,,,,,,,,,,completed,
12977,1547,1548,,,,,,,,,,,completed,
12978,1548,1550,,,,,,,,,,,completed,
12979,1550,1551,,,,,,,,,,,completed,
12980,1551,1553,,,,,,,,,,,completed,
12981,1553,1554,,,,,,,,,,,completed,
12982,1554,1555,,,,,,,,,,,completed,
12983,1555,1556,,,,,,,,,,,completed,
12984,1556,1557,,,,,,,,,,,completed,
12986,1557,1559,,,,,,,,,,,completed,
12990,1559,1560,,,,,,,,,,,completed,
12991,1560,1561,,,,,,,,,,,completed,
12992,1561,1562,,,,,,,,,,,completed,
12993,1562,1563,,,,,,,,,,,completed,
12994,1563,1564,,,,,,,,,,,completed,
12995,1564,1565,,,,,,,,,,,completed,
12996,1565,1566,,,,,,,,,,,completed,
12997,1566,1567,,,,,,,,,,,completed,
12998,1567,1568,,,,,,,,,,,completed,
12999,1568,1570,,,,,,,,,,,completed,
13000,1570,1571,,,,,,,,,,,completed,
13001,1571,1572,,,,,,,,,,,completed,
13002,1572,1574,,,,,,,,,,,completed,
13003,1574,1575,,,,,,,,,,,completed,
13004,1575,1576,,,,,,,,,,,completed,
13005,1576,1577,,,,,,,,,,,completed,
13006,1577,1578,,,,,,,,,,,completed,
13007,1578,1579,,,,,,,,,,,completed,
13009,1579,1580,,,,,,,,,,,completed,
13010,1580,1581,,,,,,,,,,,completed,
13011,1581,1582,,,,,,,,,,,completed,
13012,1582,1583,,,,,,,,,,,completed,
13014,1583,1584,,,,,,,,,,,completed,
13016,1584,1585,,,,,,,,,,,completed,
13019,1585,1586,,,,,,,,,,,completed,
13020,1586,1588,,,,,,,,,,,completed,
13021,1588,1589,,,,,,,,,,,completed,
13022,1589,1590,,,,,,,,,,,completed,
13024,1590,1591,,,,,,,,,,,completed,
13025,1591,1592,,,,,,,,,,,completed,
13026,1592,1593,,,,,,,,,,,completed,
13029,1593,1594,,,,,,,,,,,completed,
13030,1594,1596,,,,,,,,,,,completed,
13031,1596,1597,,,,,,,,,,,completed,
13032,1597,1598,,,,,,,,,,,completed,
13033,1598,1599,,,,,,,,,,,completed,
13034,1599,1600,,,,,,,,,,,completed,
13035,1600,1601,,,,,,,,,,,completed,
13037,1601,1602,,,,,,,,,,,completed,
13038,1602,1603,,,,,,,,,,,completed,
13039,1603,1604,,,,,,,,,,,completed,
13041,1604,1605,,,,,,,,,,,completed,
13043,1605,1606,,,,,,,,,,,completed,
13044,1606,1607,,,,,,,,,,,completed,
13045,1607,1608,,,,,,,,,,,completed,
13046,1608,1609,,,,,,,,,,,completed,
13047,1609,1611,,,,,,,,,,,completed,
13048,1611,1613,,,,,,,,,,,completed,
13050,1613,1614,,,,,,,,,,,completed,
13051,1614,1615,,,,,,,,,,,completed,
13052,1615,1616,,,,,,,,,,,completed,
13053,1616,1617,,,,,,,,,,,completed,
13055,1617,1618,,,,,,,,,,,completed,
13057,1618,1619,,,,,,,,,,,completed,
13058,1619,1620,,,,,,,,,,,completed,
13059,1620,1621,,,,,,,,,,,completed,
13061,1621,1622,,,,,,,,,,,completed,
13064,1622,1623,,,,,,,,,,,completed,
13065,1623,1625,,,,,,,,,,,completed,
13066,1625,1626,,,,,,,,,,,completed,
13068,1626,1627,,,,,,,,,,,completed,
13069,1627,1628,,,,,,,,,,,completed,
13070,1628,1629,,,,,,,,,,,completed,
13071,1629,1630,,,,,,,,,,,completed,
13072,1630,1631,,,,,,,,,,,completed,
13073,1631,1632,,,,,,,,,,,completed,
13074,1632,1633,,,,,,,,,,,completed,
13075,1633,1635,,,,,,,,,,,completed,
13077,1635,1636,,,,,,,,,,,completed,
13078,1636,1637,,,,,,,,,,,completed,
13079,1637,1638,,,,,,,,,,,completed,
13080,1638,1639,,,,,,,,,,,completed,
13082,1639,1641,,,,,,,,,,,completed,
13083,1641,1642,,,,,,,,,,,completed,
13085,1642,1643,,,,,,,,,,,completed,
13086,1643,1644,,,,,,,,,,,completed,
13087,1644,1646,,,,,,,,,,,completed,
13088,1646,1648,,,,,,,,,,,completed,
13089,1648,1650,,,,,,,,,,,completed,
13090,1650,1651,,,,,,,,,,,completed,
13093,1651,1652,,,,,,,,,,,completed,
13094,1652,1653,,,,,,,,,,,completed,
13095,1653,1654,,,,,,,,,,,completed,
13096,1654,1656,,,,,,,,,,,completed,
13097,1656,1657,,,,,,,,,,,completed,
13099,1657,1658,,,,,,,,,,,completed,
13100,1658,1659,,,,,,,,,,,completed,
13101,1659,1660,,,,,,,,,,,completed,
13102,1660,1661,,,,,,,,,,,completed,
13104,1661,1662,,,,,,,,,,,completed,
13105,1662,1663,,,,,,,,,,,completed,
13106,1663,1664,,,,,,,,,,,completed,
13107,1664,1665,,,,,,,,,,,completed,
13110,1665,1666,,,,,,,,,,,completed,
13112,1666,1667,,,,,,,,,,,completed,
13113,1667,1668,,,,,,,,,,,completed,
13116,1668,1669,,,,,,,,,,,completed,
13117,1669,1671,,,,,,,,,,,completed,
13118,1671,1672,,,,,,,,,,,completed,
13119,1672,1673,,,,,,,,,,,completed,
13120,1673,1674,,,,,,,,,,,completed,
13122,1674,1675,,,,,,,,,,,completed,
13123,1675,1676,,,,,,,,,,,completed,
13128,1676,1677,,,,,,,,,,,completed,
13129,1677,1679,,,,,,,,,,,completed,
13130,1679,1680,,,,,,,,,,,completed,
13131,1680,1681,,,,,,,,,,,completed,
13132,1681,1683,,,,,,,,,,,completed,
13133,1683,1684,,,,,,,,,,,completed,
13134,1684,1685,,,,,,,,,,,completed,
13135,1685,1686,,,,,,,,,,,completed,
13136,1686,1687,,,,,,,,,,,completed,
13137,1687,1688,,,,,,,,,,,completed,
13138,1688,1689,,,,,,,,,,,completed,
13139,1689,1690,,,,,,,,,,,completed,
13140,1690,1691,,,,,,,,,,,completed,
13141,1691,1692,,,,,,,,,,,completed,
13142,1692,1693,,,,,,,,,,,completed,
13144,1693,1694,,,,,,,,,,,completed,
13145,1694,1696,,,,,,,,,,,completed,
13146,1696,1697,,,,,,,,,,,completed,
13148,1697,1698,,,,,,,,,,,completed,
13149,1698,1699,,,,,,,,,,,completed,
13150,1699,1700,,,,,,,,,,,completed,
13151,1700,1701,,,,,,,,,,,completed,
13152,1701,1702,,,,,,,,,,,completed,
13153,1702,1703,,,,,,,,,,,completed,
13154,1703,1704,,,,,,,,,,,completed,
13155,1704,1705,,,,,,,,,,,completed,
13156,1705,1706,,,,,,,,,,,completed,
13157,1706,1707,,,,,,,,,,,completed,
13158,1707,1708,,,,,,,,,,,completed,
13160,1708,1709,,,,,,,,,,,completed,
13161,1709,1710,,,,,,,,,,,completed,
13162,1710,1711,,,,,,,,,,,completed,
13163,1711,1712,,,,,,,,,,,completed,
13164,1712,1713,,,,,,,,,,,completed,
13165,1713,1714,,,,,,,,,,,completed,
13166,1714,1715,,,,,,,,,,,completed,
13167,1715,1716,,,,,,,,,,,completed,
13168,1716,1717,,,,,,,,,,,completed,
13169,1717,1718,,,,,,,,,,,completed,
13170,1718,1719,,,,,,,,,,,completed,
13171,1719,1720,,,,,,,,,,,completed,
13172,1720,1721,,,,,,,,,,,completed,
13173,1721,1722,,,,,,,,,,,completed,
13175,1722,1723,,,,,,,,,,,completed,
13176,1723,1724,,,,,,,,,,,completed,
13177,1724,1725,,,,,,,,,,,completed,
13179,1725,1726,,,,,,,,,,,completed,
13180,1726,1727,,,,,,,,,,,completed,
13181,1727,1728,,,,,,,,,,,completed,
13182,1728,1730,,,,,,,,,,,completed,
13184,1730,1731,,,,,,,,,,,completed,
13185,1731,1732,,,,,,,,,,,completed,
13187,1732,1733,,,,,,,,,,,completed,
13188,1733,1734,,,,,,,,,,,completed,
13189,1734,1735,,,,,,,,,,,completed,
13190,1735,1736,,,,,,,,,,,completed,
13191,1736,1738,,,,,,,,,,,completed,
13192,1738,1739,,,,,,,,,,,completed,
13193,1739,1740,,,,,,,,,,,completed,
13195,1740,1741,,,,,,,,,,,completed,
13196,1741,1742,,,,,,,,,,,completed,
13197,1742,1743,,,,,,,,,,,completed,
13199,1743,1744,,,,,,,,,,,completed,
13201,1744,1745,,,,,,,,,,,completed,
13202,1745,1746,,,,,,,,,,,completed,
13203,1746,1747,,,,,,,,,,,completed,
13204,1747,1748,,,,,,,,,,,completed,
13207,1748,1749,,,,,,,,,,,completed,
13208,1749,1750,,,,,,,,,,,completed,
13209,1750,1751,,,,,,,,,,,completed,
13210,1751,1752,,,,,,,,,,,completed,
13211,1752,1754,,,,,,,,,,,completed,
13213,1754,1755,,,,,,,,,,,completed,
13214,1755,1756,,,,,,,,,,,completed,
13217,1756,1757,,,,,,,,,,,completed,
13218,1757,1758,,,,,,,,,,,completed,
13219,1758,1759,,,,,,,,,,,completed,
13220,1759,1760,,,,,,,,,,,completed,
13221,1760,1761,,,,,,,,,,,completed,
13222,1761,1762,,,,,,,,,,,completed,
13223,1762,1763,,,,,,,,,,,completed,
13225,1763,1764,,,,,,,,,,,completed,
13227,1764,1765,,,,,,,,,,,completed,
13228,1765,1766,,,,,,,,,,,completed,
13229,1766,1767,,,,,,,,,,,completed,
13230,1767,1768,,,,,,,,,,,completed,
13231,1768,1770,,,,,,,,,,,completed,
13232,1770,1771,,,,,,,,,,,completed,
13233,1771,1772,,,,,,,,,,,completed,
13234,1772,1773,,,,,,,,,,,completed,
13235,1773,1775,,,,,,,,,,,completed,
13236,1775,1776,,,,,,,,,,,completed,
13237,1776,1777,,,,,,,,,,,completed,
13238,1777,1778,,,,,,,,,,,completed,
13239,1778,1779,,,,,,,,,,,completed,
13240,1779,1780,,,,,,,,,,,completed,
13243,1780,1781,,,,,,,,,,,completed,
13244,1781,1782,,,,,,,,,,,completed,
13245,1782,1783,,,,,,,,,,,completed,
13246,1783,1784,,,,,,,,,,,completed,
13249,1784,1785,,,,,,,,,,,completed,
13250,1785,1786,,,,,,,,,,,completed,
13251,1786,1787,,,,,,,,,,,completed,
13252,1787,1788,,,,,,,,,,,completed,
13253,1788,1789,,,,,,,,,,,completed,
13254,1789,1790,,,,,,,,,,,completed,
13255,1790,1791,,,,,,,,,,,completed,
13256,1791,1792,,,,,,,,,,,completed,
13257,1792,1793,,,,,,,,,,,completed,
13258,1793,1795,,,,,,,,,,,completed,
13260,1795,1796,,,,,,,,,,,completed,
13264,1796,1798,,,,,,,,,,,completed,
13265,1798,1799,,,,,,,,,,,completed,
13266,1799,1800,,,,,,,,,,,completed,
13267,1800,1801,,,,,,,,,,,completed,
13268,1801,1802,,,,,,,,,,,completed,
13269,1802,1804,,,,,,,,,,,completed,
13270,1804,1805,,,,,,,,,,,completed,
13271,1805,1806,,,,,,,,,,,completed,
13272,1806,1807,,,,,,,,,,,completed,
13273,1807,1809,,,,,,,,,,,completed,
13274,1809,1810,,,,,,,,,,,completed,
13275,1810,1811,,,,,,,,,,,completed,
13276,1811,1812,,,,,,,,,,,completed,
13277,1812,1813,,,,,,,,,,,completed,
13278,1813,1814,,,,,,,,,,,completed,
13279,1814,1815,,,,,,,,,,,completed,
13280,1815,1816,,,,,,,,,,,completed,
13281,1816,1817,,,,,,,,,,,completed,
13282,1817,1818,,,,,,,,,,,completed,
13283,1818,1820,,,,,,,,,,,completed,
13284,1820,1821,,,,,,,,,,,completed,
13285,1821,1822,,,,,,,,,,,completed,
13286,1822,1823,,,,,,,,,,,completed,
13287,1823,1824,,,,,,,,,,,completed,
13288,1824,1825,,,,,,,,,,,completed,
13289,1825,1826,,,,,,,,,,,completed,
13290,1826,1827,,,,,,,,,,,completed,
13291,1827,1828,,,,,,,,,,,completed,
13292,1828,1829,,,,,,,,,,,completed,
13294,1829,1831,,,,,,,,,,,completed,
13295,1831,1832,,,,,,,,,,,completed,
13296,1832,1833,,,,,,,,,,,completed,
13297,1833,1834,,,,,,,,,,,completed,
13299,1834,1835,,,,,,,,,,,completed,
13300,1835,1836,,,,,,,,,,,completed,
13301,1836,1837,,,,,,,,,,,completed,
13302,1837,1838,,,,,,,,,,,completed,
13303,1838,1839,,,,,,,,,,,completed,
13304,1839,1841,,,,,,,,,,,completed,
13305,1841,1842,,,,,,,,,,,completed,
13307,1842,1843,,,,,,,,,,,completed,
13308,1843,1844,,,,,,,,,,,completed,
13309,1844,1845,,,,,,,,,,,completed,
13310,1845,1846,,,,,,,,,,,completed,
13312,1846,1847,,,,,,,,,,,completed,
13313,1847,1848,,,,,,,,,,,completed,
13315,1848,1851,,,,,,,,,,,completed,
13316,1851,1852,,,,,,,,,,,completed,
13317,1852,1853,,,,,,,,,,,completed,
13318,1853,1854,,,,,,,,,,,completed,
13319,1854,1855,,,,,,,,,,,completed,
13320,1855,1856,,,,,,,,,,,completed,
13322,1856,1857,,,,,,,,,,,completed,
13324,1857,1858,,,,,,,,,,,completed,
13325,1858,1859,,,,,,,,,,,completed,
13326,1859,1860,,,,,,,,,,,completed,
13327,1860,1861,,,,,,,,,,,completed,
13328,1861,1862,,,,,,,,,,,completed,
13329,1862,1863,,,,,,,,,,,completed,
13332,1863,1864,,,,,,,,,,,completed,
13333,1864,1867,,,,,,,,,,,completed,
13334,1867,1868,,,,,,,,,,,completed,
13335,1868,1869,,,,,,,,,,,completed,
13336,1869,1870,,,,,,,,,,,completed,
13337,1870,1871,,,,,,,,,,,completed,
13341,1871,1872,,,,,,,,,,,completed,
13342,1872,1873,,,,,,,,,,,completed,
13343,1873,1874,,,,,,,,,,,completed,
13344,1874,1877,,,,,,,,,,,completed,
13345,1877,1878,,,,,,,,,,,completed,
13347,1878,1879,,,,,,,,,,,completed,
13350,1879,1881,,,,,,,,,,,completed,
13351,1881,1883,,,,,,,,,,,completed,
13352,1883,1884,,,,,,,,,,,completed,
13353,1884,1885,,,,,,,,,,,completed,
13355,1885,1886,,,,,,,,,,,completed,
13356,1886,1887,,,,,,,,,,,completed,
13357,1887,1888,,,,,,,,,,,completed,
13359,1888,1889,,,,,,,,,,,completed,
13361,1889,1890,,,,,,,,,,,completed,
13363,1890,1892,,,,,,,,,,,completed,
13365,1892,1893,,,,,,,,,,,completed,
13366,1893,1894,,,,,,,,,,,completed,
13367,1894,1895,,,,,,,,,,,completed,
13368,1895,1897,,,,,,,,,,,completed,
13370,1897,1898,,,,,,,,,,,completed,
13373,1898,1899,,,,,,,,,,,completed,
13374,1899,1901,,,,,,,,,,,completed,
13375,1901,1902,,,,,,,,,,,completed,
13377,1902,1904,,,,,,,,,,,completed,
13378,1904,1906,,,,,,,,,,,completed,
13379,1906,1907,,,,,,,,,,,completed,
13381,1907,1908,,,,,,,,,,,completed,
13382,1908,1909,,,,,,,,,,,completed,
13383,1909,1911,,,,,,,,,,,completed,
13385,1911,1912,,,,,,,,,,,completed,
13386,1912,1913,,,,,,,,,,,completed,
13387,1913,1914,,,,,,,,,,,completed,
13388,1914,1915,,,,,,,,,,,completed,
13389,1915,1916,,,,,,,,,,,completed,
13390,1916,1917,,,,,,,,,,,completed,
13391,1917,1918,,,,,,,,,,,completed,
13392,1918,1919,,,,,,,,,,,completed,
13393,1919,1920,,,,,,,,,,,completed,
13394,1920,1921,,,,,,,,,,,completed,
13396,1921,1922,,,,,,,,,,,completed,
13397,1922,1923,,,,,,,,,,,completed,
13398,1923,1924,,,,,,,,,,,completed,
13399,1924,1925,,,,,,,,,,,completed,
13400,1925,1927,,,,,,,,,,,completed,
13401,1927,1928,,,,,,,,,,,completed,
13402,1928,1929,,,,,,,,,,,completed,
13404,1929,1930,,,,,,,,,,,completed,
13405,1930,1931,,,,,,,,,,,completed,
13407,1931,1932,,,,,,,,,,,completed,
13408,1932,1933,,,,,,,,,,,completed,
13409,1933,1934,,,,,,,,,,,completed,
13410,1934,1935,,,,,,,,,,,completed,
13411,1935,1936,,,,,,,,,,,completed,
13412,1936,1938,,,,,,,,,,,completed,
13413,1938,1939,,,,,,,,,,,completed,
13414,1939,1940,,,,,,,,,,,completed,
13415,1940,1942,,,,,,,,,,,completed,
13416,1942,1943,,,,,,,,,,,completed,
13417,1943,1944,,,,,,,,,,,completed,
13419,1944,1945,,,,,,,,,,,completed,
13420,1945,1946,,,,,,,,,,,completed,
13421,1946,1947,,,,,,,,,,,completed,
13422,1947,1948,,,,,,,,,,,completed,
13423,1948,1949,,,,,,,,,,,completed,
13424,1949,1950,,,,,,,,,,,completed,
13425,1950,1951,,,,,,,,,,,completed,
13426,1951,1952,,,,,,,,,,,completed,
13428,1952,1953,,,,,,,,,,,completed,
13429,1953,1954,,,,,,,,,,,completed,
13430,1954,1955,,,,,,,,,,,completed,
13431,1955,1956,,,,,,,,,,,completed,
13432,1956,1958,,,,,,,,,,,completed,
13433,1958,1959,,,,,,,,,,,completed,
13434,1959,1960,,,,,,,,,,,completed,
13436,1960,1961,,,,,,,,,,,completed,
13438,1961,1963,,,,,,,,,,,completed,
13439,1963,1964,,,,,,,,,,,completed,
13440,1964,1965,,,,,,,,,,,completed,
13441,1965,1968,,,,,,,,,,,completed,
13442,1968,1969,,,,,,,,,,,completed,
13443,1969,1971,,,,,,,,,,,completed,
13444,1971,1972,,,,,,,,,,,completed,
13445,1972,1973,,,,,,,,,,,completed,
13447,1973,1974,,,,,,,,,,,completed,
13448,1974,1975,,,,,,,,,,,completed,
13449,1975,1976,,,,,,,,,,,completed,
13450,1976,1978,,,,,,,,,,,completed,
13451,1978,1979,,,,,,,,,,,completed,
13452,1979,1980,,,,,,,,,,,completed,
13453,1980,1983,,,,,,,,,,,completed,
13454,1983,1985,,,,,,,,,,,completed,
13455,1985,1986,,,,,,,,,,,completed,
13456,1986,1987,,,,,,,,,,,completed,
13457,1987,1988,,,,,,,,,,,completed,
13458,1988,1989,,,,,,,,,,,completed,
13460,1989,1990,,,,,,,,,,,completed,
13461,1990,1992,,,,,,,,,,,completed,
13462,1992,1993,,,,,,,,,,,completed,
13463,1993,1994,,,,,,,,,,,completed,
13464,1994,1995,,,,,,,,,,,completed,
13465,1995,1996,,,,,,,,,,,completed,
13466,1996,1997,,,,,,,,,,,completed,
13467,1997,1998,,,,,,,,,,,completed,
13468,1998,1999,,,,,,,,,,,completed,
13469,1999,2000,,,,,,,,,,,completed,
13470,2000,2002,,,,,,,,,,,completed,
13471,2002,2003,,,,,,,,,,,completed,
13473,2003,2004,,,,,,,,,,,completed,
13474,2004,2006,,,,,,,,,,,completed,
13475,2006,2007,,,,,,,,,,,completed,
13476,2007,2008,,,,,,,,,,,completed,
13477,2008,2009,,,,,,,,,,,completed,
13478,2009,2010,,,,,,,,,,,completed,
13479,2010,2011,,,,,,,,,,,completed,
13480,2011,2012,,,,,,,,,,,completed,
13481,2012,2013,,,,,,,,,,,completed,
13482,2013,2014,,,,,,,,,,,completed,
13484,2014,2015,,,,,,,,,,,completed,
13485,2015,2016,,,,,,,,,,,completed,
13486,2016,2017,,,,,,,,,,,completed,
13487,2017,2018,,,,,,,,,,,completed,
13489,2018,2019,,,,,,,,,,,completed,
13490,2019,2021,,,,,,,,,,,completed,
13491,2021,2022,,,,,,,,,,,completed,
13492,2022,2023,,,,,,,,,,,completed,
13493,2023,2024,,,,,,,,,,,completed,
13494,2024,2025,,,,,,,,,,,completed,
13495,2025,2026,,,,,,,,,,,completed,
13496,2026,2027,,,,,,,,,,,completed,
13497,2027,2028,,,,,,,,,,,completed,
13498,2028,2029,,,,,,,,,,,completed,
13499,2029,2030,,,,,,,,,,,completed,
13500,2030,2031,,,,,,,,,,,completed,
13501,2031,2032,,,,,,,,,,,completed,
13502,2032,2033,,,,,,,,,,,completed,
13503,2033,2034,,,,,,,,,,,completed,
13504,2034,2035,,,,,,,,,,,completed,
13505,2035,2036,,,,,,,,,,,completed,
13507,2036,2037,,,,,,,,,,,completed,
13508,2037,2038,,,,,,,,,,,completed,
13509,2038,2039,,,,,,,,,,,completed,
13510,2039,2040,,,,,,,,,,,completed,
13511,2040,2041,,,,,,,,,,,completed,
13512,2041,2042,,,,,,,,,,,completed,
13514,2042,2043,,,,,,,,,,,completed,
13515,2043,2044,,,,,,,,,,,completed,
13516,2044,2045,,,,,,,,,,,completed,
13517,2045,2046,,,,,,,,,,,completed,
13519,2046,2047,,,,,,,,,,,completed,
13520,2047,2048,,,,,,,,,,,completed,
13521,2048,2049,,,,,,,,,,,completed,
13523,2049,2050,,,,,,,,,,,completed,
13524,2050,2051,,,,,,,,,,,completed,
13525,2051,2052,,,,,,,,,,,completed,
13526,2052,2053,,,,,,,,,,,completed,
13529,2053,2054,,,,,,,,,,,completed,
13530,2054,2055,,,,,,,,,,,completed,
13531,2055,2056,,,,,,,,,,,completed,
13533,2056,2057,,,,,,,,,,,completed,
13535,2057,2058,,,,,,,,,,,completed,
13537,2058,2059,,,,,,,,,,,completed,
13538,2059,2060,,,,,,,,,,,completed,
13539,2060,2061,,,,,,,,,,,completed,
13540,2061,2062,,,,,,,,,,,completed,
13541,2062,2063,,,,,,,,,,,completed,
13543,2063,2064,,,,,,,,,,,completed,
13544,2064,2065,,,,,,,,,,,completed,
13545,2065,2066,,,,,,,,,,,completed,
13546,2066,2067,,,,,,,,,,,completed,
13547,2067,2068,,,,,,,,,,,completed,
13549,2068,2069,,,,,,,,,,,completed,
13550,2069,2072,,,,,,,,,,,completed,
13551,2072,2073,,,,,,,,,,,completed,
13553,2073,2074,,,,,,,,,,,completed,
13555,2074,2075,,,,,,,,,,,completed,
13556,2075,2076,,,,,,,,,,,completed,
13557,2076,2077,,,,,,,,,,,completed,
13558,2077,2078,,,,,,,,,,,completed,
13559,2078,2079,,,,,,,,,,,completed,
13560,2079,2080,,,,,,,,,,,completed,
13561,2080,2083,,,,,,,,,,,completed,
13562,2083,2085,,,,,,,,,,,completed,
13563,2085,2086,,,,,,,,,,,completed,
13564,2086,2087,,,,,,,,,,,completed,
13565,2087,2088,,,,,,,,,,,completed,
13566,2088,2089,,,,,,,,,,,completed,
13567,2089,2090,,,,,,,,,,,completed,
13568,2090,2091,,,,,,,,,,,completed,
13569,2091,2092,,,,,,,,,,,completed,
13570,2092,2093,,,,,,,,,,,completed,
13571,2093,2094,,,,,,,,,,,completed,
13572,2094,2095,,,,,,,,,,,completed,
13573,2095,2096,,,,,,,,,,,completed,
13574,2096,2097,,,,,,,,,,,completed,
13575,2097,2098,,,,,,,,,,,completed,
13576,2098,2099,,,,,,,,,,,completed,
13577,2099,2101,,,,,,,,,,,completed,
13578,2101,2102,,,,,,,,,,,completed,
13580,2102,2103,,,,,,,,,,,completed,
13581,2103,2104,,,,,,,,,,,completed,
13582,2104,2105,,,,,,,,,,,completed,
13583,2105,2106,,,,,,,,,,,completed,
13585,2106,2107,,,,,,,,,,,completed,
13586,2107,2108,,,,,,,,,,,completed,
13587,2108,2111,,,,,,,,,,,completed,
13588,2111,2112,,,,,,,,,,,completed,
13590,2112,2113,,,,,,,,,,,completed,
13591,2113,2114,,,,,,,,,,,completed,
13593,2114,2115,,,,,,,,,,,completed,
13595,2115,2116,,,,,,,,,,,completed,
13596,2116,2117,,,,,,,,,,,completed,
13597,2117,2118,,,,,,,,,,,completed,
13598,2118,2119,,,,,,,,,,,completed,
13599,2119,2120,,,,,,,,,,,completed,
13600,2120,2121,,,,,,,,,,,completed,
13601,2121,2122,,,,,,,,,,,completed,
13602,2122,2123,,,,,,,,,,,completed,
13603,2123,2124,,,,,,,,,,,completed,
13605,2124,2125,,,,,,,,,,,completed,
13606,2125,2126,,,,,,,,,,,completed,
13607,2126,2127,,,,,,,,,,,completed,
13609,2127,2128,,,,,,,,,,,completed,
13610,2128,2129,,,,,,,,,,,completed,
13611,2129,2130,,,,,,,,,,,completed,
13612,2130,2131,,,,,,,,,,,completed,
13613,2131,2133,,,,,,,,,,,completed,
13614,2133,2134,,,,,,,,,,,completed,
13615,2134,2135,,,,,,,,,,,completed,
13616,2135,2136,,,,,,,,,,,completed,
13617,2136,2137,,,,,,,,,,,completed,
13618,2137,2138,,,,,,,,,,,completed,
13619,2138,2139,,,,,,,,,,,completed,
13620,2139,2140,,,,,,,,,,,completed,
13621,2140,2141,,,,,,,,,,,completed,
13622,2141,2142,,,,,,,,,,,completed,
13623,2142,2143,,,,,,,,,,,completed,
13624,2143,2144,,,,,,,,,,,completed,
13625,2144,2145,,,,,,,,,,,completed,
13626,2145,2146,,,,,,,,,,,completed,
13627,2146,2147,,,,,,,,,,,completed,
13629,2147,2148,,,,,,,,,,,completed,
13630,2148,2149,,,,,,,,,,,completed,
13634,2149,2150,,,,,,,,,,,completed,
13636,2150,2151,,,,,,,,,,,completed,
13637,2151,2152,,,,,,,,,,,completed,
13638,2152,2153,,,,,,,,,,,completed,
13640,2153,2154,,,,,,,,,,,completed,
13641,2154,2156,,,,,,,,,,,completed,
13642,2156,2157,,,,,,,,,,,completed,
13644,2157,2158,,,,,,,,,,,completed,
13645,2158,2159,,,,,,,,,,,completed,
13647,2159,2160,,,,,,,,,,,completed,
13648,2160,2161,,,,,,,,,,,completed,
13649,2161,2162,,,,,,,,,,,completed,
13650,2162,2164,,,,,,,,,,,completed,
13651,2164,2165,,,,,,,,,,,completed,
13652,2165,2166,,,,,,,,,,,completed,
13653,2166,2167,,,,,,,,,,,completed,
13654,2167,2168,,,,,,,,,,,completed,
13656,2168,2169,,,,,,,,,,,completed,
13657,2169,2170,,,,,,,,,,,completed,
13658,2170,2171,,,,,,,,,,,completed,
13660,2171,2172,,,,,,,,,,,completed,
13661,2172,2173,,,,,,,,,,,completed,
13662,2173,2174,,,,,,,,,,,completed,
13663,2174,2175,,,,,,,,,,,completed,
13665,2175,2176,,,,,,,,,,,completed,
13666,2176,2177,,,,,,,,,,,completed,
13669,2177,2178,,,,,,,,,,,completed,
13670,2178,2179,,,,,,,,,,,completed,
13671,2179,2180,,,,,,,,,,,completed,
13672,2180,2181,,,,,,,,,,,completed,
13675,2181,2182,,,,,,,,,,,completed,
13676,2182,2183,,,,,,,,,,,completed,
13677,2183,2184,,,,,,,,,,,completed,
13678,2184,2185,,,,,,,,,,,completed,
13679,2185,2186,,,,,,,,,,,completed,
13680,2186,2187,,,,,,,,,,,completed,
13681,2187,2188,,,,,,,,,,,completed,
13682,2188,2189,,,,,,,,,,,completed,
13683,2189,2190,,,,,,,,,,,completed,
13685,2190,2191,,,,,,,,,,,completed,
13686,2191,2192,,,,,,,,,,,completed,
13687,2192,2195,,,,,,,,,,,completed,
13688,2195,2196,,,,,,,,,,,completed,
13689,2196,2197,,,,,,,,,,,completed,
13690,2197,2199,,,,,,,,,,,completed,
13691,2199,2200,,,,,,,,,,,completed,
13692,2200,2202,,,,,,,,,,,completed,
13693,2202,2203,,,,,,,,,,,completed,
13694,2203,2204,,,,,,,,,,,completed,
13695,2204,2205,,,,,,,,,,,completed,
13696,2205,2206,,,,,,,,,,,completed,
13698,2206,2207,,,,,,,,,,,completed,
13699,2207,2208,,,,,,,,,,,completed,
13700,2208,2209,,,,,,,,,,,completed,
13701,2209,2210,,,,,,,,,,,completed,
13702,2210,2212,,,,,,,,,,,completed,
13703,2212,2213,,,,,,,,,,,completed,
13704,2213,2215,,,,,,,,,,,completed,
13706,2215,2216,,,,,,,,,,,completed,
13707,2216,2217,,,,,,,,,,,completed,
13708,2217,2218,,,,,,,,,,,completed,
13709,2218,2219,,,,,,,,,,,completed,
13710,2219,2221,,,,,,,,,,,completed,
13711,2221,2222,,,,,,,,,,,completed,
13712,2222,2223,,,,,,,,,,,completed,
13714,2223,2224,,,,,,,,,,,completed,
13717,2224,2225,,,,,,,,,,,completed,
13718,2225,2226,,,,,,,,,,,completed,
13719,2226,2227,,,,,,,,,,,completed,
13720,2227,2228,,,,,,,,,,,completed,
13721,2228,2229,,,,,,,,,,,completed,
13722,2229,2230,,,,,,,,,,,completed,
13723,2230,2231,,,,,,,,,,,completed,
13724,2231,2232,,,,,,,,,,,completed,
13725,2232,2234,,,,,,,,,,,completed,
13726,2234,2235,,,,,,,,,,,completed,
13727,2235,2236,,,,,,,,,,,completed,
13728,2236,2237,,,,,,,,,,,completed,
13730,2237,2239,,,,,,,,,,,completed,
13731,2239,2240,,,,,,,,,,,completed,
13732,2240,2241,,,,,,,,,,,completed,
13733,2241,2242,,,,,,,,,,,completed,
13734,2242,2243,,,,,,,,,,,completed,
13735,2243,2244,,,,,,,,,,,completed,
13736,2244,2245,,,,,,,,,,,completed,
13737,2245,2246,,,,,,,,,,,completed,
13738,2246,2248,,,,,,,,,,,completed,
13739,2248,2249,,,,,,,,,,,completed,
13741,2249,2250,,,,,,,,,,,completed,
13743,2250,2251,,,,,,,,,,,completed,
13744,2251,2252,,,,,,,,,,,completed,
13745,2252,2254,,,,,,,,,,,completed,
13746,2254,2255,,,,,,,,,,,completed,
13748,2255,2256,,,,,,,,,,,completed,
13749,2256,2257,,,,,,,,,,,completed,
13750,2257,2258,,,,,,,,,,,completed,
13752,2258,2259,,,,,,,,,,,completed,
13753,2259,2260,,,,,,,,,,,completed,
13754,2260,2261,,,,,,,,,,,completed,
13755,2261,2262,,,,,,,,,,,completed,
13759,2262,2263,,,,,,,,,,,completed,
13760,2263,2264,,,,,,,,,,,completed,
13761,2264,2266,,,,,,,,,,,completed,
13762,2266,2267,,,,,,,,,,,completed,
13763,2267,2268,,,,,,,,,,,completed,
13766,2268,2269,,,,,,,,,,,completed,
13767,2269,2270,,,,,,,,,,,completed,
13768,2270,2271,,,,,,,,,,,completed,
13769,2271,2272,,,,,,,,,,,completed,
13770,2272,2273,,,,,,,,,,,completed,
13771,2273,2274,,,,,,,,,,,completed,
13772,2274,2275,,,,,,,,,,,completed,
13774,2275,2276,,,,,,,,,,,completed,
13775,2276,2277,,,,,,,,,,,completed,
13776,2277,2278,,,,,,,,,,,completed,
13777,2278,2279,,,,,,,,,,,completed,
13778,2279,2281,,,,,,,,,,,completed,
13780,2281,2282,,,,,,,,,,,completed,
13781,2282,2283,,,,,,,,,,,completed,
13782,2283,2284,,,,,,,,,,,completed,
13783,2284,2285,,,,,,,,,,,completed,
13785,2285,2286,,,,,,,,,,,completed,
13787,2286,2288,,,,,,,,,,,completed,
13788,2288,2289,,,,,,,,,,,completed,
13789,2289,2290,,,,,,,,,,,completed,
13791,2290,2291,,,,,,,,,,,completed,
13792,2291,2292,,,,,,,,,,,completed,
13793,2292,2293,,,,,,,,,,,completed,
13794,2293,2294,,,,,,,,,,,completed,
13797,2294,2295,,,,,,,,,,,completed,
13799,2295,2296,,,,,,,,,,,completed,
13800,2296,2298,,,,,,,,,,,completed,
13801,2298,2299,,,,,,,,,,,completed,
13802,2299,2300,,,,,,,,,,,completed,
13804,2300,2301,,,,,,,,,,,completed,
13805,2301,2302,,,,,,,,,,,completed,
13806,2302,2303,,,,,,,,,,,completed,
13807,2303,2304,,,,,,,,,,,completed,
13808,2304,2305,,,,,,,,,,,completed,
13809,2305,2306,,,,,,,,,,,completed,
13811,2306,2307,,,,,,,,,,,completed,
13812,2307,2308,,,,,,,,,,,completed,
13814,2308,2309,,,,,,,,,,,completed,
13815,2309,2310,,,,,,,,,,,completed,
13816,2310,2311,,,,,,,,,,,completed,
13817,2311,2313,,,,,,,,,,,completed,
13818,2313,2314,,,,,,,,,,,completed,
13819,2314,2315,,,,,,,,,,,completed,
13820,2315,2316,,,,,,,,,,,completed,
13821,2316,2317,,,,,,,,,,,completed,
13822,2317,2319,,,,,,,,,,,completed,
13823,2319,2320,,,,,,,,,,,completed,
13824,2320,2322,,,,,,,,,,,completed,
13825,2322,2323,,,,,,,,,,,completed,
13826,2323,2324,,,,,,,,,,,completed,
13827,2324,2325,,,,,,,,,,,completed,
13828,2325,2326,,,,,,,,,,,completed,
13829,2326,2327,,,,,,,,,,,completed,
13830,2327,2328,,,,,,,,,,,completed,
13832,2328,2329,,,,,,,,,,,completed,
13833,2329,2331,,,,,,,,,,,completed,
13834,2331,2332,,,,,,,,,,,completed,
13835,2332,2333,,,,,,,,,,,completed,
13836,2333,2334,,,,,,,,,,,completed,
13838,2334,2335,,,,,,,,,,,completed,
13839,2335,2336,,,,,,,,,,,completed,
13841,2336,2337,,,,,,,,,,,completed,
13842,2337,2338,,,,,,,,,,,completed,
13844,2338,2339,,,,,,,,,,,completed,
13845,2339,2340,,,,,,,,,,,completed,
13847,2340,2341,,,,,,,,,,,completed,
13849,2341,2342,,,,,,,,,,,completed,
13850,2342,2345,,,,,,,,,,,completed,
13851,2345,2346,,,,,,,,,,,completed,
13852,2346,2347,,,,,,,,,,,completed,
13853,2347,2348,,,,,,,,,,,completed,
13854,2348,2349,,,,,,,,,,,completed,
13855,2349,2350,,,,,,,,,,,completed,
13857,2350,2351,,,,,,,,,,,completed,
13858,2351,2352,,,,,,,,,,,completed,
13859,2352,2353,,,,,,,,,,,completed,
13860,2353,2355,,,,,,,,,,,completed,
13861,2355,2357,,,,,,,,,,,completed,
13862,2357,2358,,,,,,,,,,,completed,
13863,2358,2359,,,,,,,,,,,completed,
13866,2359,2360,,,,,,,,,,,completed,
13867,2360,2361,,,,,,,,,,,completed,
13869,2361,2362,,,,,,,,,,,completed,
13870,2362,2363,,,,,,,,,,,completed,
13872,2363,2364,,,,,,,,,,,completed,
13873,2364,2365,,,,,,,,,,,completed,
13874,2365,2366,,,,,,,,,,,completed,
13875,2366,2367,,,,,,,,,,,completed,
13876,2367,2368,,,,,,,,,,,completed,
13877,2368,2369,,,,,,,,,,,completed,
13878,2369,2371,,,,,,,,,,,completed,
13879,2371,2372,,,,,,,,,,,completed,
13880,2372,2373,,,,,,,,,,,completed,
13881,2373,2374,,,,,,,,,,,completed,
13882,2374,2375,,,,,,,,,,,completed,
13884,2375,2376,,,,,,,,,,,completed,
13885,2376,2377,,,,,,,,,,,completed,
13886,2377,2378,,,,,,,,,,,completed,
13887,2378,2379,,,,,,,,,,,completed,
13888,2379,2380,,,,,,,,,,,completed,
13889,2380,2381,,,,,,,,,,,completed,
13890,2381,2382,,,,,,,,,,,completed,
13891,2382,2383,,,,,,,,,,,completed,
13892,2383,2384,,,,,,,,,,,completed,
13893,2384,2385,,,,,,,,,,,completed,
13894,2385,2386,,,,,,,,,,,completed,
13895,2386,2387,,,,,,,,,,,completed,
13896,2387,2388,,,,,,,,,,,completed,
13898,2388,2389,,,,,,,,,,,completed,
13899,2389,2390,,,,,,,,,,,completed,
13900,2390,2391,,,,,,,,,,,completed,
13901,2391,2392,,,,,,,,,,,completed,
13902,2392,2393,,,,,,,,,,,completed,
13904,2393,2394,,,,,,,,,,,completed,
13905,2394,2395,,,,,,,,,,,completed,
13906,2395,2396,,,,,,,,,,,completed,
13907,2396,2397,,,,,,,,,,,completed,
13908,2397,2398,,,,,,,,,,,completed,
13912,2398,2399,,,,,,,,,,,completed,
13913,2399,2401,,,,,,,,,,,completed,
13914,2401,2402,,,,,,,,,,,completed,
13915,2402,2403,,,,,,,,,,,completed,
13916,2403,2404,,,,,,,,,,,completed,
13917,2404,2405,,,,,,,,,,,completed,
13918,2405,2406,,,,,,,,,,,completed,
13920,2406,2407,,,,,,,,,,,completed,
13921,2407,2408,,,,,,,,,,,completed,
13924,2408,2409,,,,,,,,,,,completed,
13925,2409,2410,,,,,,,,,,,completed,
13927,2410,2411,,,,,,,,,,,completed,
13928,2411,2412,,,,,,,,,,,completed,
13929,2412,2413,,,,,,,,,,,completed,
13930,2413,2414,,,,,,,,,,,completed,
13931,2414,2415,,,,,,,,,,,completed,
13932,2415,2416,,,,,,,,,,,completed,
13933,2416,2417,,,,,,,,,,,completed,
13934,2417,2418,,,,,,,,,,,completed,
13935,2418,2419,,,,,,,,,,,completed,
13936,2419,2420,,,,,,,,,,,completed,
13937,2420,2421,,,,,,,,,,,completed,
13938,2421,2422,,,,,,,,,,,completed,
13939,2422,2423,,,,,,,,,,,completed,
13940,2423,2424,,,,,,,,,,,completed,
13941,2424,2425,,,,,,,,,,,completed,
13942,2425,2426,,,,,,,,,,,completed,
13943,2426,2427,,,,,,,,,,,completed,
13944,2427,2428,,,,,,,,,,,completed,
13945,2428,2429,,,,,,,,,,,completed,
13946,2429,2430,,,,,,,,,,,completed,
13947,2430,2432,,,,,,,,,,,completed,
13949,2432,2433,,,,,,,,,,,completed,
13950,2433,2434,,,,,,,,,,,completed,
13951,2434,2436,,,,,,,,,,,completed,
13952,2436,2438,,,,,,,,,,,completed,
13953,2438,2439,,,,,,,,,,,completed,
13954,2439,2440,,,,,,,,,,,completed,
13955,2440,2441,,,,,,,,,,,completed,
13956,2441,2442,,,,,,,,,,,completed,
13957,2442,2444,,,,,,,,,,,completed,
13958,2444,2445,,,,,,,,,,,completed,
13960,2445,2446,,,,,,,,,,,completed,
13961,2446,2447,,,,,,,,,,,completed,
13962,2447,2448,,,,,,,,,,,completed,
13964,2448,2449,,,,,,,,,,,completed,
13965,2449,2450,,,,,,,,,,,completed,
13966,2450,2451,,,,,,,,,,,completed,
13967,2451,2452,,,,,,,,,,,completed,
13969,2452,2453,,,,,,,,,,,completed,
13970,2453,2454,,,,,,,,,,,completed,
13971,2454,2455,,,,,,,,,,,completed,
13972,2455,2457,,,,,,,,,,,completed,
13973,2457,2458,,,,,,,,,,,completed,
13974,2458,2459,,,,,,,,,,,completed,
13975,2459,2460,,,,,,,,,,,completed,
13976,2460,2461,,,,,,,,,,,completed,
13977,2461,2462,,,,,,,,,,,completed,
13978,2462,2463,,,,,,,,,,,completed,
13979,2463,2464,,,,,,,,,,,completed,
13980,2464,2465,,,,,,,,,,,completed,
13981,2465,2466,,,,,,,,,,,completed,
13982,2466,2468,,,,,,,,,,,completed,
13983,2468,2469,,,,,,,,,,,completed,
13985,2469,2470,,,,,,,,,,,completed,
13986,2470,2471,,,,,,,,,,,completed,
13987,2471,2472,,,,,,,,,,,completed,
13988,2472,2473,,,,,,,,,,,completed,
13989,2473,2474,,,,,,,,,,,completed,
13990,2474,2475,,,,,,,,,,,completed,
13991,2475,2476,,,,,,,,,,,completed,
13992,2476,2477,,,,,,,,,,,completed,
13993,2477,2478,,,,,,,,,,,completed,
13994,2478,2479,,,,,,,,,,,completed,
13995,2479,2480,,,,,,,,,,,completed,
13997,2480,2481,,,,,,,,,,,completed,
13998,2481,2482,,,,,,,,,,,completed,
13999,2482,2483,,,,,,,,,,,completed,
14000,2483,2485,,,,,,,,,,,completed,
14002,2485,2486,,,,,,,,,,,completed,
14003,2486,2487,,,,,,,,,,,completed,
14004,2487,2488,,,,,,,,,,,completed,
14005,2488,2489,,,,,,,,,,,completed,
14006,2489,2490,,,,,,,,,,,completed,
14008,2490,2491,,,,,,,,,,,completed,
14010,2491,2492,,,,,,,,,,,completed,
14011,2492,2493,,,,,,,,,,,completed,
14012,2493,2494,,,,,,,,,,,completed,
14015,2494,2495,,,,,,,,,,,completed,
14016,2495,2496,,,,,,,,,,,completed,
14017,2496,2497,,,,,,,,,,,completed,
14018,2497,2498,,,,,,,,,,,completed,
14019,2498,2500,,,,,,,,,,,completed,
14020,2500,2501,,,,,,,,,,,completed,
14021,2501,2502,,,,,,,,,,,completed,
14024,2502,2503,,,,,,,,,,,completed,
14027,2503,2504,,,,,,,,,,,completed,
14028,2504,2505,,,,,,,,,,,completed,
14029,2505,2506,,,,,,,,,,,completed,
14030,2506,2507,,,,,,,,,,,completed,
14031,2507,2508,,,,,,,,,,,completed,
14032,2508,2509,,,,,,,,,,,completed,
14033,2509,2510,,,,,,,,,,,completed,
14034,2510,2511,,,,,,,,,,,completed,
14035,2511,2513,,,,,,,,,,,completed,
14038,2513,2514,,,,,,,,,,,completed,
14039,2514,2516,,,,,,,,,,,completed,
14040,2516,2517,,,,,,,,,,,completed,
14041,2517,2518,,,,,,,,,,,completed,
14042,2518,2520,,,,,,,,,,,completed,
14043,2520,2521,,,,,,,,,,,completed,
14044,2521,2522,,,,,,,,,,,completed,
14047,2522,2523,,,,,,,,,,,completed,
14048,2523,2524,,,,,,,,,,,completed,
14049,2524,2525,,,,,,,,,,,completed,
14050,2525,2526,,,,,,,,,,,completed,
14051,2526,2527,,,,,,,,,,,completed,
14052,2527,2528,,,,,,,,,,,completed,
14054,2528,2529,,,,,,,,,,,completed,
14055,2529,2530,,,,,,,,,,,completed,
14057,2530,2531,,,,,,,,,,,completed,
14058,2531,2532,,,,,,,,,,,completed,
14059,2532,2533,,,,,,,,,,,completed,
14060,2533,2534,,,,,,,,,,,completed,
14061,2534,2535,,,,,,,,,,,completed,
14063,2535,2536,,,,,,,,,,,completed,
14065,2536,2537,,,,,,,,,,,completed,
14066,2537,2538,,,,,,,,,,,completed,
14067,2538,2539,,,,,,,,,,,completed,
14068,2539,2540,,,,,,,,,,,completed,
14069,2540,2541,,,,,,,,,,,completed,
14070,2541,2542,,,,,,,,,,,completed,
14071,2542,2543,,,,,,,,,,,completed,
14072,2543,2544,,,,,,,,,,,completed,
14073,2544,2545,,,,,,,,,,,completed,
14074,2545,2546,,,,,,,,,,,completed,
14076,2546,2549,,,,,,,,,,,completed,
14078,2549,2550,,,,,,,,,,,completed,
14079,2550,2552,,,,,,,,,,,completed,
14080,2552,2553,,,,,,,,,,,completed,
14081,2553,2554,,,,,,,,,,,completed,
14082,2554,2555,,,,,,,,,,,completed,
14083,2555,2556,,,,,,,,,,,completed,
14084,2556,2557,,,,,,,,,,,completed,
14085,2557,2558,,,,,,,,,,,completed,
14087,2558,2559,,,,,,,,,,,completed,
14089,2559,2560,,,,,,,,,,,completed,
14090,2560,2561,,,,,,,,,,,completed,
14091,2561,2562,,,,,,,,,,,completed,
14093,2562,2563,,,,,,,,,,,completed,
14095,2563,2564,,,,,,,,,,,completed,
14096,2564,2565,,,,,,,,,,,completed,
14097,2565,2566,,,,,,,,,,,completed,
14098,2566,2567,,,,,,,,,,,completed,
14099,2567,2569,,,,,,,,,,,completed,
14101,2569,2570,,,,,,,,,,,completed,
14104,2570,2571,,,,,,,,,,,completed,
14106,2571,2572,,,,,,,,,,,completed,
14108,2572,2573,,,,,,,,,,,completed,
14109,2573,2574,,,,,,,,,,,completed,
14110,2574,2575,,,,,,,,,,,completed,
14111,2575,2576,,,,,,,,,,,completed,
14112,2576,2577,,,,,,,,,,,completed,
14113,2577,2579,,,,,,,,,,,completed,
14116,2579,2580,,,,,,,,,,,completed,
14118,2580,2582,,,,,,,,,,,completed,
14119,2582,2583,,,,,,,,,,,completed,
14120,2583,2584,,,,,,,,,,,completed,
14121,2584,2585,,,,,,,,,,,completed,
14122,2585,2586,,,,,,,,,,,completed,
14123,2586,2587,,,,,,,,,,,completed,
14125,2587,2588,,,,,,,,,,,completed,
14126,2588,2590,,,,,,,,,,,completed,
14127,2590,2591,,,,,,,,,,,completed,
14128,2591,2592,,,,,,,,,,,completed,
14129,2592,2593,,,,,,,,,,,completed,
14130,2593,2594,,,,,,,,,,,completed,
14131,2594,2595,,,,,,,,,,,completed,
14132,2595,2596,,,,,,,,,,,completed,
14133,2596,2597,,,,,,,,,,,completed,
14134,2597,2598,,,,,,,,,,,completed,
14135,2598,2599,,,,,,,,,,,completed,
14136,2599,2600,,,,,,,,,,,completed,
14137,2600,2601,,,,,,,,,,,completed,
14138,2601,2602,,,,,,,,,,,completed,
14140,2602,2603,,,,,,,,,,,completed,
14141,2603,2604,,,,,,,,,,,completed,
14142,2604,2605,,,,,,,,,,,completed,
14143,2605,2606,,,,,,,,,,,completed,
14144,2606,2607,,,,,,,,,,,completed,
14145,2607,2608,,,,,,,,,,,completed,
14146,2608,2609,,,,,,,,,,,completed,
14147,2609,2610,,,,,,,,,,,completed,
14148,2610,2611,,,,,,,,,,,completed,
14149,2611,2612,,,,,,,,,,,completed,
14150,2612,2613,,,,,,,,,,,completed,
14151,2613,2615,,,,,,,,,,,completed,
14152,2615,2616,,,,,,,,,,,completed,
14153,2616,2617,,,,,,,,,,,completed,
14155,2617,2618,,,,,,,,,,,completed,
14156,2618,2619,,,,,,,,,,,completed,
14158,2619,2621,,,,,,,,,,,completed,
14160,2621,2622,,,,,,,,,,,completed,
14161,2622,2623,,,,,,,,,,,completed,
14162,2623,2625,,,,,,,,,,,completed,
14163,2625,2626,,,,,,,,,,,completed,
14165,2626,2627,,,,,,,,,,,completed,
14166,2627,2629,,,,,,,,,,,completed,
14167,2629,2630,,,,,,,,,,,completed,
14169,2630,2631,,,,,,,,,,,completed,
14170,2631,2633,,,,,,,,,,,completed,
14172,2633,2634,,,,,,,,,,,completed,
14173,2634,2635,,,,,,,,,,,completed,
14174,2635,2636,,,,,,,,,,,completed,
14176,2636,2638,,,,,,,,,,,completed,
14177,2638,2639,,,,,,,,,,,completed,
14178,2639,2640,,,,,,,,,,,completed,
14179,2640,2641,,,,,,,,,,,completed,
14180,2641,2642,,,,,,,,,,,completed,
14181,2642,2643,,,,,,,,,,,completed,
14182,2643,2644,,,,,,,,,,,completed,
14184,2644,2645,,,,,,,,,,,completed,
14185,2645,2647,,,,,,,,,,,completed,
14186,2647,2648,,,,,,,,,,,completed,
14187,2648,2649,,,,,,,,,,,completed,
14189,2649,2650,,,,,,,,,,,completed,
14190,2650,2651,,,,,,,,,,,completed,
14191,2651,2652,,,,,,,,,,,completed,
14193,2652,2653,,,,,,,,,,,completed,
14196,2653,2654,,,,,,,,,,,completed,
14197,2654,2655,,,,,,,,,,,completed,
14199,2655,2656,,,,,,,,,,,completed,
14200,2656,2658,,,,,,,,,,,completed,
14201,2658,2659,,,,,,,,,,,completed,
14203,2659,2661,,,,,,,,,,,completed,
14207,2661,2662,,,,,,,,,,,completed,
14208,2662,2663,,,,,,,,,,,completed,
14210,2663,2664,,,,,,,,,,,completed,
14211,2664,2665,,,,,,,,,,,completed,
14212,2665,2666,,,,,,,,,,,completed,
14213,2666,2667,,,,,,,,,,,completed,
14214,2667,2668,,,,,,,,,,,completed,
14215,2668,2669,,,,,,,,,,,completed,
14216,2669,2670,,,,,,,,,,,completed,
14217,2670,2671,,,,,,,,,,,completed,
14218,2671,2672,,,,,,,,,,,completed,
14219,2672,2673,,,,,,,,,,,completed,
14220,2673,2674,,,,,,,,,,,completed,
14221,2674,2675,,,,,,,,,,,completed,
14222,2675,2676,,,,,,,,,,,completed,
14224,2676,2677,,,,,,,,,,,completed,
14225,2677,2678,,,,,,,,,,,completed,
14226,2678,2680,,,,,,,,,,,completed,
14227,2680,2681,,,,,,,,,,,completed,
14228,2681,2682,,,,,,,,,,,completed,
14229,2682,2683,,,,,,,,,,,completed,
14230,2683,2684,,,,,,,,,,,completed,
14232,2684,2685,,,,,,,,,,,completed,
14233,2685,2686,,,,,,,,,,,completed,
14234,2686,2687,,,,,,,,,,,completed,
14235,2687,2688,,,,,,,,,,,completed,
14236,2688,2689,,,,,,,,,,,completed,
14238,2689,2690,,,,,,,,,,,completed,
14239,2690,2691,,,,,,,,,,,completed,
14241,2691,2692,,,,,,,,,,,completed,
14242,2692,2693,,,,,,,,,,,completed,
14243,2693,2694,,,,,,,,,,,completed,
14244,2694,2696,,,,,,,,,,,completed,
14245,2696,2697,,,,,,,,,,,completed,
14246,2697,2698,,,,,,,,,,,completed,
14247,2698,2699,,,,,,,,,,,completed,
14248,2699,2700,,,,,,,,,,,completed,
14249,2700,2701,,,,,,,,,,,completed,
14251,2701,2702,,,,,,,,,,,completed,
14252,2702,2703,,,,,,,,,,,completed,
14253,2703,2704,,,,,,,,,,,completed,
14256,2704,2706,,,,,,,,,,,completed,
14257,2706,2707,,,,,,,,,,,completed,
14258,2707,2709,,,,,,,,,,,completed,
14259,2709,2711,,,,,,,,,,,completed,
14260,2711,2712,,,,,,,,,,,completed,
14261,2712,2713,,,,,,,,,,,completed,
14262,2713,2714,,,,,,,,,,,completed,
14263,2714,2715,,,,,,,,,,,completed,
14265,2715,2716,,,,,,,,,,,completed,
14266,2716,2717,,,,,,,,,,,completed,
14267,2717,2718,,,,,,,,,,,completed,
14268,2718,2719,,,,,,,,,,,completed,
14270,2719,2720,,,,,,,,,,,completed,
14273,2720,2721,,,,,,,,,,,completed,
14274,2721,2722,,,,,,,,,,,completed,
14275,2722,2723,,,,,,,,,,,completed,
14276,2723,2724,,,,,,,,,,,completed,
14277,2724,2726,,,,,,,,,,,completed,
14278,2726,2727,,,,,,,,,,,completed,
14279,2727,2728,,,,,,,,,,,completed,
14281,2728,2729,,,,,,,,,,,completed,
14282,2729,2731,,,,,,,,,,,completed,
14283,2731,2732,,,,,,,,,,,completed,
14285,2732,2734,,,,,,,,,,,completed,
14286,2734,2735,,,,,,,,,,,completed,
14287,2735,2736,,,,,,,,,,,completed,
14288,2736,2737,,,,,,,,,,,completed,
14290,2737,2738,,,,,,,,,,,completed,
14291,2738,2739,,,,,,,,,,,completed,
14292,2739,2740,,,,,,,,,,,completed,
14293,2740,2741,,,,,,,,,,,completed,
14294,2741,2742,,,,,,,,,,,completed,
14295,2742,2743,,,,,,,,,,,completed,
14297,2743,2744,,,,,,,,,,,completed,
14298,2744,2745,,,,,,,,,,,completed,
14299,2745,2746,,,,,,,,,,,completed,
14300,2746,2747,,,,,,,,,,,completed,
14301,2747,2748,,,,,,,,,,,completed,
14302,2748,2749,,,,,,,,,,,completed,
14304,2749,2750,,,,,,,,,,,completed,
14305,2750,2752,,,,,,,,,,,completed,
14307,2752,2753,,,,,,,,,,,completed,
14308,2753,2754,,,,,,,,,,,completed,
14309,2754,2756,,,,,,,,,,,completed,
14311,2756,2757,,,,,,,,,,,completed,
14312,2757,2758,,,,,,,,,,,completed,
14313,2758,2759,,,,,,,,,,,completed,
14314,2759,2760,,,,,,,,,,,completed,
14315,2760,2761,,,,,,,,,,,completed,
14317,2761,2762,,,,,,,,,,,completed,
14318,2762,2763,,,,,,,,,,,completed,
14320,2763,2764,,,,,,,,,,,completed,
14321,2764,2765,,,,,,,,,,,completed,
14323,2765,2766,,,,,,,,,,,completed,
14324,2766,2767,,,,,,,,,,,completed,
14325,2767,2768,,,,,,,,,,,completed,
14326,2768,2771,,,,,,,,,,,completed,
14328,2771,2772,,,,,,,,,,,completed,
14329,2772,2773,,,,,,,,,,,completed,
14330,2773,2774,,,,,,,,,,,completed,
14331,2774,2775,,,,,,,,,,,completed,
14332,2775,2776,,,,,,,,,,,completed,
14333,2776,2777,,,,,,,,,,,completed,
14334,2777,2779,,,,,,,,,,,completed,
14335,2779,2780,,,,,,,,,,,completed,
14336,2780,2781,,,,,,,,,,,completed,
14337,2781,2782,,,,,,,,,,,completed,
14338,2782,2783,,,,,,,,,,,completed,
14340,2783,2784,,,,,,,,,,,completed,
14341,2784,2785,,,,,,,,,,,completed,
14342,2785,2786,,,,,,,,,,,completed,
14343,2786,2787,,,,,,,,,,,completed,
14345,2787,2789,,,,,,,,,,,completed,
14346,2789,2790,,,,,,,,,,,completed,
14347,2790,2791,,,,,,,,,,,completed,
14348,2791,2792,,,,,,,,,,,completed,
14349,2792,2793,,,,,,,,,,,completed,
14350,2793,2794,,,,,,,,,,,completed,
14352,2794,2795,,,,,,,,,,,completed,
14353,2795,2796,,,,,,,,,,,completed,
14354,2796,2797,,,,,,,,,,,completed,
14355,2797,2798,,,,,,,,,,,completed,
14357,2798,2799,,,,,,,,,,,completed,
14358,2799,2800,,,,,,,,,,,completed,
14360,2800,2801,,,,,,,,,,,completed,
14361,2801,2802,,,,,,,,,,,completed,
14362,2802,2803,,,,,,,,,,,completed,
14363,2803,2804,,,,,,,,,,,completed,
14364,2804,2805,,,,,,,,,,,completed,
14366,2805,2806,,,,,,,,,,,completed,
14367,2806,2807,,,,,,,,,,,completed,
14368,2807,2808,,,,,,,,,,,completed,
14369,2808,2809,,,,,,,,,,,completed,
14370,2809,2810,,,,,,,,,,,completed,
14374,2810,2811,,,,,,,,,,,completed,
14375,2811,2812,,,,,,,,,,,completed,
14376,2812,2813,,,,,,,,,,,completed,
14377,2813,2814,,,,,,,,,,,completed,
14379,2814,2815,,,,,,,,,,,completed,
14380,2815,2816,,,,,,,,,,,completed,
14381,2816,2817,,,,,,,,,,,completed,
14382,2817,2818,,,,,,,,,,,completed,
14385,2818,2819,,,,,,,,,,,completed,
14387,2819,2820,,,,,,,,,,,completed,
14388,2820,2822,,,,,,,,,,,completed,
14390,2822,2823,,,,,,,,,,,completed,
14392,2823,2824,,,,,,,,,,,completed,
14393,2824,2825,,,,,,,,,,,completed,
14394,2825,2827,,,,,,,,,,,completed,
14395,2827,2828,,,,,,,,,,,completed,
14396,2828,2830,,,,,,,,,,,completed,
14397,2830,2831,,,,,,,,,,,completed,
14398,2831,2832,,,,,,,,,,,completed,
14399,2832,2834,,,,,,,,,,,completed,
14400,2834,2835,,,,,,,,,,,completed,
14401,2835,2836,,,,,,,,,,,completed,
14403,2836,2837,,,,,,,,,,,completed,
14406,2837,2838,,,,,,,,,,,completed,
14407,2838,2839,,,,,,,,,,,completed,
14408,2839,2840,,,,,,,,,,,completed,
14409,2840,2841,,,,,,,,,,,completed,
14411,2841,2842,,,,,,,,,,,completed,
14413,2842,2843,,,,,,,,,,,completed,
14415,2843,2845,,,,,,,,,,,completed,
14416,2845,2846,,,,,,,,,,,completed,
14417,2846,2847,,,,,,,,,,,completed,
14418,2847,2848,,,,,,,,,,,completed,
14419,2848,2849,,,,,,,,,,,completed,
14420,2849,2850,,,,,,,,,,,completed,
14421,2850,2851,,,,,,,,,,,completed,
14422,2851,2852,,,,,,,,,,,completed,
14423,2852,2853,,,,,,,,,,,completed,
14424,2853,2854,,,,,,,,,,,completed,
14425,2854,2855,,,,,,,,,,,completed,
14426,2855,2856,,,,,,,,,,,completed,
14429,2856,2857,,,,,,,,,,,completed,
14431,2857,2858,,,,,,,,,,,completed,
14432,2858,2859,,,,,,,,,,,completed,
14433,2859,2860,,,,,,,,,,,completed,
14434,2860,2861,,,,,,,,,,,completed,
14435,2861,2862,,,,,,,,,,,completed,
14436,2862,2863,,,,,,,,,,,completed,
14437,2863,2864,,,,,,,,,,,completed,
14438,2864,2865,,,,,,,,,,,completed,
14439,2865,2866,,,,,,,,,,,completed,
14440,2866,2867,,,,,,,,,,,completed,
14441,2867,2868,,,,,,,,,,,completed,
14442,2868,2869,,,,,,,,,,,completed,
14443,2869,2870,,,,,,,,,,,completed,
14444,2870,2871,,,,,,,,,,,completed,
14445,2871,2872,,,,,,,,,,,completed,
14446,2872,2873,,,,,,,,,,,completed,
14447,2873,2874,,,,,,,,,,,completed,
14448,2874,2875,,,,,,,,,,,completed,
14449,2875,2876,,,,,,,,,,,completed,
14450,2876,2877,,,,,,,,,,,completed,
14451,2877,2878,,,,,,,,,,,completed,
14452,2878,2879,,,,,,,,,,,completed,
14453,2879,2880,,,,,,,,,,,completed,
14454,2880,2881,,,,,,,,,,,completed,
14455,2881,2882,,,,,,,,,,,completed,
14456,2882,2883,,,,,,,,,,,completed,
14457,2883,2884,,,,,,,,,,,completed,
14458,2884,2885,,,,,,,,,,,completed,
14459,2885,2886,,,,,,,,,,,completed,
14460,2886,2887,,,,,,,,,,,completed,
14461,2887,2888,,,,,,,,,,,completed,
14462,2888,2889,,,,,,,,,,,completed,
14464,2889,2890,,,,,,,,,,,completed,
14465,2890,2891,,,,,,,,,,,completed,
14466,2891,2892,,,,,,,,,,,completed,
14467,2892,2893,,,,,,,,,,,completed,
14469,2893,2894,,,,,,,,,,,completed,
14471,2894,2895,,,,,,,,,,,completed,
14473,2895,2896,,,,,,,,,,,completed,
14474,2896,2897,,,,,,,,,,,completed,
14476,2897,2898,,,,,,,,,,,completed,
14477,2898,2899,,,,,,,,,,,completed,
14479,2899,2900,,,,,,,,,,,completed,
14480,2900,2901,,,,,,,,,,,completed,
14481,2901,2902,,,,,,,,,,,completed,
14482,2902,2903,,,,,,,,,,,completed,
14483,2903,2904,,,,,,,,,,,completed,
14484,2904,2905,,,,,,,,,,,completed,
14485,2905,2906,,,,,,,,,,,completed,
14486,2906,2907,,,,,,,,,,,completed,
14489,2907,2908,,,,,,,,,,,completed,
14490,2908,2909,,,,,,,,,,,completed,
14491,2909,2910,,,,,,,,,,,completed,
14492,2910,2911,,,,,,,,,,,completed,
14494,2911,2912,,,,,,,,,,,completed,
14495,2912,2914,,,,,,,,,,,completed,
14496,2914,2916,,,,,,,,,,,completed,
14498,2916,2917,,,,,,,,,,,completed,
14499,2917,2918,,,,,,,,,,,completed,
14500,2918,2919,,,,,,,,,,,completed,
14502,2919,2920,,,,,,,,,,,completed,
14503,2920,2921,,,,,,,,,,,completed,
14505,2921,2922,,,,,,,,,,,completed,
14506,2922,2923,,,,,,,,,,,completed,
14508,2923,2924,,,,,,,,,,,completed,
14509,2924,2925,,,,,,,,,,,completed,
14510,2925,2926,,,,,,,,,,,completed,
14512,2926,2927,,,,,,,,,,,completed,
14513,2927,2928,,,,,,,,,,,completed,
14514,2928,2929,,,,,,,,,,,completed,
14515,2929,2930,,,,,,,,,,,completed,
14516,2930,2931,,,,,,,,,,,completed,
14517,2931,2932,,,,,,,,,,,completed,
14518,2932,2933,,,,,,,,,,,completed,
14519,2933,2934,,,,,,,,,,,completed,
14520,2934,2935,,,,,,,,,,,completed,
14521,2935,2936,,,,,,,,,,,completed,
14522,2936,2937,,,,,,,,,,,completed,
14523,2937,2938,,,,,,,,,,,completed,
14524,2938,2939,,,,,,,,,,,completed,
14525,2939,2940,,,,,,,,,,,completed,
14526,2940,2941,,,,,,,,,,,completed,
14527,2941,2942,,,,,,,,,,,completed,
14528,2942,2943,,,,,,,,,,,completed,
14532,2943,2944,,,,,,,,,,,completed,
14533,2944,2945,,,,,,,,,,,completed,
14534,2945,2946,,,,,,,,,,,completed,
14535,2946,2947,,,,,,,,,,,completed,
14536,2947,2948,,,,,,,,,,,completed,
14537,2948,2949,,,,,,,,,,,completed,
14538,2949,2950,,,,,,,,,,,completed,
14539,2950,2951,,,,,,,,,,,completed,
14540,2951,2952,,,,,,,,,,,completed,
14541,2952,2953,,,,,,,,,,,completed,
14542,2953,2954,,,,,,,,,,,completed,
14543,2954,2956,,,,,,,,,,,completed,
14544,2956,2957,,,,,,,,,,,completed,
14545,2957,2958,,,,,,,,,,,completed,
14547,2958,2959,,,,,,,,,,,completed,
14548,2959,2960,,,,,,,,,,,completed,
14549,2960,2961,,,,,,,,,,,completed,
14550,2961,2962,,,,,,,,,,,completed,
14551,2962,2963,,,,,,,,,,,completed,
14552,2963,2964,,,,,,,,,,,completed,
14553,2964,2965,,,,,,,,,,,completed,
14554,2965,2966,,,,,,,,,,,completed,
14557,2966,2967,,,,,,,,,,,completed,
14558,2967,2968,,,,,,,,,,,completed,
14559,2968,2969,,,,,,,,,,,completed,
14560,2969,2971,,,,,,,,,,,completed,
14561,2971,2972,,,,,,,,,,,completed,
14563,2972,2973,,,,,,,,,,,completed,
14565,2973,2974,,,,,,,,,,,completed,
14566,2974,2975,,,,,,,,,,,completed,
14568,2975,2976,,,,,,,,,,,completed,
14569,2976,2977,,,,,,,,,,,completed,
14570,2977,2978,,,,,,,,,,,completed,
14571,2978,2979,,,,,,,,,,,completed,
14572,2979,2980,,,,,,,,,,,completed,
14573,2980,2981,,,,,,,,,,,completed,
14574,2981,2982,,,,,,,,,,,completed,
14575,2982,2983,,,,,,,,,,,completed,
14576,2983,2984,,,,,,,,,,,completed,
14577,2984,2985,,,,,,,,,,,completed,
14578,2985,2986,,,,,,,,,,,completed,
14579,2986,2988,,,,,,,,,,,completed,
14580,2988,2989,,,,,,,,,,,completed,
14581,2989,2990,,,,,,,,,,,completed,
14582,2990,2991,,,,,,,,,,,completed,
14583,2991,2992,,,,,,,,,,,completed,
14584,2992,2994,,,,,,,,,,,completed,
14585,2994,2995,,,,,,,,,,,completed,
14586,2995,2997,,,,,,,,,,,completed,
14587,2997,2998,,,,,,,,,,,completed,
14588,2998,2999,,,,,,,,,,,completed,
14589,2999,3000,,,,,,,,,,,completed,
14590,3000,3001,,,,,,,,,,,completed,
14591,3001,3002,,,,,,,,,,,completed,
14592,3002,3003,,,,,,,,,,,completed,
14593,3003,3004,,,,,,,,,,,completed,
14594,3004,3005,,,,,,,,,,,completed,
14595,3005,3006,,,,,,,,,,,completed,
14596,3006,3007,,,,,,,,,,,completed,
14597,3007,3008,,,,,,,,,,,completed,
14598,3008,3009,,,,,,,,,,,completed,
14599,3009,3010,,,,,,,,,,,completed,
14600,3010,3011,,,,,,,,,,,completed,
14601,3011,3012,,,,,,,,,,,completed,
14602,3012,3013,,,,,,,,,,,completed,
14603,3013,3014,,,,,,,,,,,completed,
14604,3014,3015,,,,,,,,,,,completed,
14605,3015,3016,,,,,,,,,,,completed,
14608,3016,3017,,,,,,,,,,,completed,
14609,3017,3018,,,,,,,,,,,completed,
14611,3018,3019,,,,,,,,,,,completed,
14613,3019,3020,,,,,,,,,,,completed,
14614,3020,3021,,,,,,,,,,,completed,
14615,3021,3022,,,,,,,,,,,completed,
14616,3022,3023,,,,,,,,,,,completed,
14617,3023,3024,,,,,,,,,,,completed,
14618,3024,3025,,,,,,,,,,,completed,
14619,3025,3026,,,,,,,,,,,completed,
14620,3026,3027,,,,,,,,,,,completed,
14621,3027,3028,,,,,,,,,,,completed,
14622,3028,3030,,,,,,,,,,,completed,
14623,3030,3031,,,,,,,,,,,completed,
14624,3031,3032,,,,,,,,,,,completed,
14625,3032,3033,,,,,,,,,,,completed,
14626,3033,3034,,,,,,,,,,,completed,
14627,3034,3035,,,,,,,,,,,completed,
14628,3035,3036,,,,,,,,,,,completed,
14629,3036,3037,,,,,,,,,,,completed,
14630,3037,3038,,,,,,,,,,,completed,
14632,3038,3039,,,,,,,,,,,completed,
14633,3039,3040,,,,,,,,,,,completed,
14634,3040,3041,,,,,,,,,,,completed,
14635,3041,3042,,,,,,,,,,,completed,
14636,3042,3043,,,,,,,,,,,completed,
14637,3043,3045,,,,,,,,,,,completed,
14638,3045,3046,,,,,,,,,,,completed,
14639,3046,3047,,,,,,,,,,,completed,
14640,3047,3048,,,,,,,,,,,completed,
14641,3048,3049,,,,,,,,,,,completed,
14642,3049,3050,,,,,,,,,,,completed,
14643,3050,3051,,,,,,,,,,,completed,
14644,3051,3052,,,,,,,,,,,completed,
14647,3052,3053,,,,,,,,,,,completed,
14648,3053,3054,,,,,,,,,,,completed,
14649,3054,3055,,,,,,,,,,,completed,
14650,3055,3056,,,,,,,,,,,completed,
14651,3056,3057,,,,,,,,,,,completed,
14653,3057,3058,,,,,,,,,,,completed,
14654,3058,3059,,,,,,,,,,,completed,
14655,3059,3061,,,,,,,,,,,completed,
14656,3061,3062,,,,,,,,,,,completed,
14657,3062,3063,,,,,,,,,,,completed,
14658,3063,3064,,,,,,,,,,,completed,
14659,3064,3065,,,,,,,,,,,completed,
14660,3065,3066,,,,,,,,,,,completed,
14661,3066,3067,,,,,,,,,,,completed,
14662,3067,3068,,,,,,,,,,,completed,
14663,3068,3069,,,,,,,,,,,completed,
14665,3069,3070,,,,,,,,,,,completed,
14666,3070,3071,,,,,,,,,,,completed,
14668,3071,3072,,,,,,,,,,,completed,
14670,3072,3074,,,,,,,,,,,completed,
14671,3074,3076,,,,,,,,,,,completed,
14672,3076,3077,,,,,,,,,,,completed,
14674,3077,3078,,,,,,,,,,,completed,
14677,3078,3080,,,,,,,,,,,completed,
14678,3080,3081,,,,,,,,,,,completed,
14679,3081,3082,,,,,,,,,,,completed,
14680,3082,3083,,,,,,,,,,,completed,
14681,3083,3084,,,,,,,,,,,completed,
14682,3084,3085,,,,,,,,,,,completed,
14683,3085,3086,,,,,,,,,,,completed,
14684,3086,3087,,,,,,,,,,,completed,
14685,3087,3088,,,,,,,,,,,completed,
14686,3088,3089,,,,,,,,,,,completed,
14687,3089,3090,,,,,,,,,,,completed,
14688,3090,3091,,,,,,,,,,,completed,
14690,3091,3092,,,,,,,,,,,completed,
14692,3092,3093,,,,,,,,,,,completed,
14693,3093,3094,,,,,,,,,,,completed,
14694,3094,3095,,,,,,,,,,,completed,
14695,3095,3096,,,,,,,,,,,completed,
14696,3096,3097,,,,,,,,,,,completed,
14697,3097,3098,,,,,,,,,,,completed,
14699,3098,3099,,,,,,,,,,,completed,
14700,3099,3100,,,,,,,,,,,completed,
14701,3100,3102,,,,,,,,,,,completed,
14702,3102,3103,,,,,,,,,,,completed,
14703,3103,3104,,,,,,,,,,,completed,
14704,3104,3105,,,,,,,,,,,completed,
14705,3105,3106,,,,,,,,,,,completed,
14706,3106,3107,,,,,,,,,,,completed,
14707,3107,3108,,,,,,,,,,,completed,
14708,3108,3109,,,,,,,,,,,completed,
14709,3109,3111,,,,,,,,,,,completed,
14711,3111,3112,,,,,,,,,,,completed,
14712,3112,3113,,,,,,,,,,,completed,
14713,3113,3116,,,,,,,,,,,completed,
14714,3116,3117,,,,,,,,,,,completed,
14716,3117,3118,,,,,,,,,,,completed,
14717,3118,3119,,,,,,,,,,,completed,
14719,3119,3120,,,,,,,,,,,completed,
14720,3120,3121,,,,,,,,,,,completed,
14721,3121,3122,,,,,,,,,,,completed,
14723,3122,3123,,,,,,,,,,,completed,
14725,3123,3124,,,,,,,,,,,completed,
14726,3124,3125,,,,,,,,,,,completed,
14727,3125,3126,,,,,,,,,,,completed,
14728,3126,3127,,,,,,,,,,,completed,
14730,3127,3129,,,,,,,,,,,completed,
14731,3129,3131,,,,,,,,,,,completed,
14732,3131,3133,,,,,,,,,,,completed,
14733,3133,3134,,,,,,,,,,,completed,
14734,3134,3135,,,,,,,,,,,completed,
14735,3135,3136,,,,,,,,,,,completed,
14736,3136,3137,,,,,,,,,,,completed,
14738,3137,3139,,,,,,,,,,,completed,
14739,3139,3140,,,,,,,,,,,completed,
14740,3140,3141,,,,,,,,,,,completed,
14741,3141,3142,,,,,,,,,,,completed,
14742,3142,3143,,,,,,,,,,,completed,
14744,3143,3144,,,,,,,,,,,completed,
14745,3144,3145,,,,,,,,,,,completed,
14746,3145,3146,,,,,,,,,,,completed,
14748,3146,3147,,,,,,,,,,,completed,
14749,3147,3148,,,,,,,,,,,completed,
14752,3148,3149,,,,,,,,,,,completed,
14753,3149,3150,,,,,,,,,,,completed,
14754,3150,3151,,,,,,,,,,,completed,
14755,3151,3152,,,,,,,,,,,completed,
14757,3152,3153,,,,,,,,,,,completed,
14759,3153,3154,,,,,,,,,,,completed,
14760,3154,3155,,,,,,,,,,,completed,
14761,3155,3156,,,,,,,,,,,completed,
14763,3156,3157,,,,,,,,,,,completed,
14764,3157,3158,,,,,,,,,,,completed,
14766,3158,3160,,,,,,,,,,,completed,
14767,3160,3161,,,,,,,,,,,completed,
14768,3161,3163,,,,,,,,,,,completed,
14769,3163,3164,,,,,,,,,,,completed,
14770,3164,3165,,,,,,,,,,,completed,
14771,3165,3166,,,,,,,,,,,completed,
14772,3166,3167,,,,,,,,,,,completed,
14773,3167,3168,,,,,,,,,,,completed,
14774,3168,3170,,,,,,,,,,,completed,
14775,3170,3171,,,,,,,,,,,completed,
14776,3171,3173,,,,,,,,,,,completed,
14778,3173,3174,,,,,,,,,,,completed,
14779,3174,3175,,,,,,,,,,,completed,
14780,3175,3176,,,,,,,,,,,completed,
14781,3176,3177,,,,,,,,,,,completed,
14782,3177,3178,,,,,,,,,,,completed,
14783,3178,3179,,,,,,,,,,,completed,
14785,3179,3180,,,,,,,,,,,completed,
14786,3180,3181,,,,,,,,,,,completed,
14789,3181,3182,,,,,,,,,,,completed,
14791,3182,3183,,,,,,,,,,,completed,
14792,3183,3184,,,,,,,,,,,completed,
14793,3184,3185,,,,,,,,,,,completed,
14796,3185,3187,,,,,,,,,,,completed,
14797,3187,3189,,,,,,,,,,,completed,
14799,3189,3190,,,,,,,,,,,completed,
14802,3190,3191,,,,,,,,,,,completed,
14803,3191,3192,,,,,,,,,,,completed,
14804,3192,3193,,,,,,,,,,,completed,
14805,3193,3194,,,,,,,,,,,completed,
14808,3194,3195,,,,,,,,,,,completed,
14809,3195,3197,,,,,,,,,,,completed,
14811,3197,3198,,,,,,,,,,,completed,
14812,3198,3199,,,,,,,,,,,completed,
14813,3199,3200,,,,,,,,,,,completed,
14814,3200,3201,,,,,,,,,,,completed,
14815,3201,3202,,,,,,,,,,,completed,
14816,3202,3203,,,,,,,,,,,completed,
14819,3203,3204,,,,,,,,,,,completed,
14820,3204,3205,,,,,,,,,,,completed,
14821,3205,3206,,,,,,,,,,,completed,
14823,3206,3207,,,,,,,,,,,completed,
14824,3207,3208,,,,,,,,,,,completed,
14826,3208,3209,,,,,,,,,,,completed,
14827,3209,3210,,,,,,,,,,,completed,
14828,3210,3211,,,,,,,,,,,completed,
14829,3211,3212,,,,,,,,,,,completed,
14830,3212,3213,,,,,,,,,,,completed,
14831,3213,3214,,,,,,,,,,,completed,
14833,3214,3215,,,,,,,,,,,completed,
14835,3215,3217,,,,,,,,,,,completed,
14836,3217,3219,,,,,,,,,,,completed,
14838,3219,3220,,,,,,,,,,,completed,
14839,3220,3221,,,,,,,,,,,completed,
14840,3221,3223,,,,,,,,,,,completed,
14841,3223,3224,,,,,,,,,,,completed,
14842,3224,3225,,,,,,,,,,,completed,
14843,3225,3226,,,,,,,,,,,completed,
14844,3226,3227,,,,,,,,,,,completed,
14845,3227,3228,,,,,,,,,,,completed,
14846,3228,3229,,,,,,,,,,,completed,
14849,3229,3230,,,,,,,,,,,completed,
14850,3230,3231,,,,,,,,,,,completed,
14851,3231,3232,,,,,,,,,,,completed,
14852,3232,3233,,,,,,,,,,,completed,
14853,3233,3234,,,,,,,,,,,completed,
14854,3234,3236,,,,,,,,,,,completed,
14855,3236,3237,,,,,,,,,,,completed,
14856,3237,3239,,,,,,,,,,,completed,
14857,3239,3241,,,,,,,,,,,completed,
14858,3241,3242,,,,,,,,,,,completed,
14859,3242,3243,,,,,,,,,,,completed,
14861,3243,3244,,,,,,,,,,,completed,
14862,3244,3245,,,,,,,,,,,completed,
14863,3245,3246,,,,,,,,,,,completed,
14864,3246,3247,,,,,,,,,,,completed,
14865,3247,3248,,,,,,,,,,,completed,
14867,3248,3249,,,,,,,,,,,completed,
14868,3249,3250,,,,,,,,,,,completed,
14869,3250,3251,,,,,,,,,,,completed,
14870,3251,3252,,,,,,,,,,,completed,
14871,3252,3253,,,,,,,,,,,completed,
14872,3253,3254,,,,,,,,,,,completed,
14873,3254,3255,,,,,,,,,,,completed,
14874,3255,3256,,,,,,,,,,,completed,
14875,3256,3258,,,,,,,,,,,completed,
14876,3258,3259,,,,,,,,,,,completed,
14877,3259,3260,,,,,,,,,,,completed,
14878,3260,3262,,,,,,,,,,,completed,
14880,3262,3263,,,,,,,,,,,completed,
14881,3263,3264,,,,,,,,,,,completed,
14882,3264,3265,,,,,,,,,,,completed,
14883,3265,3266,,,,,,,,,,,completed,
14884,3266,3267,,,,,,,,,,,completed,
14885,3267,3268,,,,,,,,,,,completed,
14886,3268,3269,,,,,,,,,,,completed,
14887,3269,3270,,,,,,,,,,,completed,
14888,3270,3272,,,,,,,,,,,completed,
14889,3272,3273,,,,,,,,,,,completed,
14890,3273,3274,,,,,,,,,,,completed,
14891,3274,3276,,,,,,,,,,,completed,
14892,3276,3277,,,,,,,,,,,completed,
14893,3277,3278,,,,,,,,,,,completed,
14894,3278,3279,,,,,,,,,,,completed,
14895,3279,3280,,,,,,,,,,,completed,
14896,3280,3282,,,,,,,,,,,completed,
14897,3282,3283,,,,,,,,,,,completed,
14898,3283,3284,,,,,,,,,,,completed,
14899,3284,3285,,,,,,,,,,,completed,
14900,3285,3286,,,,,,,,,,,completed,
14901,3286,3287,,,,,,,,,,,completed,
14902,3287,3288,,,,,,,,,,,completed,
14904,3288,3290,,,,,,,,,,,completed,
14905,3290,3291,,,,,,,,,,,completed,
14906,3291,3292,,,,,,,,,,,completed,
14907,3292,3293,,,,,,,,,,,completed,
14909,3293,3294,,,,,,,,,,,completed,
14910,3294,3295,,,,,,,,,,,completed,
14913,3295,3296,,,,,,,,,,,completed,
14914,3296,3297,,,,,,,,,,,completed,
14915,3297,3298,,,,,,,,,,,completed,
14916,3298,3299,,,,,,,,,,,completed,
14917,3299,3300,,,,,,,,,,,completed,
14919,3300,3302,,,,,,,,,,,completed,
14920,3302,3303,,,,,,,,,,,completed,
14921,3303,3304,,,,,,,,,,,completed,
14922,3304,3305,,,,,,,,,,,completed,
14923,3305,3306,,,,,,,,,,,completed,
14924,3306,3307,,,,,,,,,,,completed,
14927,3307,3308,,,,,,,,,,,completed,
14928,3308,3309,,,,,,,,,,,completed,
14930,3309,3310,,,,,,,,,,,completed,
14931,3310,3311,,,,,,,,,,,completed,
14932,3311,3312,,,,,,,,,,,completed,
14933,3312,3313,,,,,,,,,,,completed,
14935,3313,3314,,,,,,,,,,,completed,
14936,3314,3315,,,,,,,,,,,completed,
14937,3315,3316,,,,,,,,,,,completed,
14938,3316,3317,,,,,,,,,,,completed,
14939,3317,3318,,,,,,,,,,,completed,
14940,3318,3320,,,,,,,,,,,completed,
14941,3320,3321,,,,,,,,,,,completed,
14942,3321,3322,,,,,,,,,,,completed,
14944,3322,3323,,,,,,,,,,,completed,
14945,3323,3324,,,,,,,,,,,completed,
14946,3324,3325,,,,,,,,,,,completed,
14947,3325,3326,,,,,,,,,,,completed,
14948,3326,3327,,,,,,,,,,,completed,
14949,3327,3328,,,,,,,,,,,completed,
14950,3328,3329,,,,,,,,,,,completed,
14951,3329,3330,,,,,,,,,,,completed,
14952,3330,3331,,,,,,,,,,,completed,
14953,3331,3332,,,,,,,,,,,completed,
14954,3332,3333,,,,,,,,,,,completed,
14956,3333,3334,,,,,,,,,,,completed,
14957,3334,3335,,,,,,,,,,,completed,
14959,3335,3336,,,,,,,,,,,completed,
14960,3336,3337,,,,,,,,,,,completed,
14961,3337,3338,,,,,,,,,,,completed,
14962,3338,3339,,,,,,,,,,,completed,
14963,3339,3340,,,,,,,,,,,completed,
14965,3340,3341,,,,,,,,,,,completed,
14968,3341,3342,,,,,,,,,,,completed,
14969,3342,3343,,,,,,,,,,,completed,
14970,3343,3344,,,,,,,,,,,completed,
14971,3344,3345,,,,,,,,,,,completed,
14972,3345,3346,,,,,,,,,,,completed,
14973,3346,3347,,,,,,,,,,,completed,
14974,3347,3348,,,,,,,,,,,completed,
14975,3348,3349,,,,,,,,,,,completed,
14976,3349,3350,,,,,,,,,,,completed,
14977,3350,3351,,,,,,,,,,,completed,
14979,3351,3352,,,,,,,,,,,completed,
14980,3352,3353,,,,,,,,,,,completed,
14981,3353,3354,,,,,,,,,,,completed,
14982,3354,3355,,,,,,,,,,,completed,
14983,3355,3356,,,,,,,,,,,completed,
14984,3356,3357,,,,,,,,,,,completed,
14987,3357,3358,,,,,,,,,,,completed,
14988,3358,3359,,,,,,,,,,,completed,
14989,3359,3360,,,,,,,,,,,completed,
14991,3360,3362,,,,,,,,,,,completed,
14992,3362,3364,,,,,,,,,,,completed,
14993,3364,3365,,,,,,,,,,,completed,
14994,3365,3366,,,,,,,,,,,completed,
14996,3366,3367,,,,,,,,,,,completed,
14997,3367,3368,,,,,,,,,,,completed,
14998,3368,3369,,,,,,,,,,,completed,
15001,3369,3370,,,,,,,,,,,completed,
15002,3370,3371,,,,,,,,,,,completed,
15003,3371,3372,,,,,,,,,,,completed,
15004,3372,3373,,,,,,,,,,,completed,
15005,3373,3374,,,,,,,,,,,completed,
15006,3374,3375,,,,,,,,,,,completed,
15007,3375,3377,,,,,,,,,,,completed,
15008,3377,3378,,,,,,,,,,,completed,
15009,3378,3379,,,,,,,,,,,completed,
15010,3379,3380,,,,,,,,,,,completed,
15011,3380,3381,,,,,,,,,,,completed,
15012,3381,3382,,,,,,,,,,,completed,
15014,3382,3383,,,,,,,,,,,completed,
15015,3383,3384,,,,,,,,,,,completed,
15016,3384,3385,,,,,,,,,,,completed,
15017,3385,3386,,,,,,,,,,,completed,
15018,3386,3387,,,,,,,,,,,completed,
15019,3387,3388,,,,,,,,,,,completed,
15020,3388,3389,,,,,,,,,,,completed,
15021,3389,3390,,,,,,,,,,,completed,
15022,3390,3391,,,,,,,,,,,completed,
15025,3391,3392,,,,,,,,,,,completed,
15026,3392,3393,,,,,,,,,,,completed,
15027,3393,3394,,,,,,,,,,,completed,
15028,3394,3395,,,,,,,,,,,completed,
15030,3395,3396,,,,,,,,,,,completed,
15031,3396,3398,,,,,,,,,,,completed,
15032,3398,3399,,,,,,,,,,,completed,
15033,3399,3400,,,,,,,,,,,completed,
15034,3400,3401,,,,,,,,,,,completed,
15036,3401,3402,,,,,,,,,,,completed,
15037,3402,3403,,,,,,,,,,,completed,
15038,3403,3405,,,,,,,,,,,completed,
15041,3405,3406,,,,,,,,,,,completed,
15042,3406,3407,,,,,,,,,,,completed,
15043,3407,3408,,,,,,,,,,,completed,
15048,3408,3409,,,,,,,,,,,completed,
15049,3409,3410,,,,,,,,,,,completed,
15051,3410,3411,,,,,,,,,,,completed,
15052,3411,3412,,,,,,,,,,,completed,
15054,3412,3413,,,,,,,,,,,completed,
15055,3413,3414,,,,,,,,,,,completed,
15056,3414,3415,,,,,,,,,,,completed,
15057,3415,3417,,,,,,,,,,,completed,
15059,3417,3418,,,,,,,,,,,completed,
15060,3418,3419,,,,,,,,,,,completed,
15061,3419,3420,,,,,,,,,,,completed,
15062,3420,3422,,,,,,,,,,,completed,
15064,3422,3423,,,,,,,,,,,completed,
15065,3423,3424,,,,,,,,,,,completed,
15068,3424,3425,,,,,,,,,,,completed,
15069,3425,3427,,,,,,,,,,,completed,
15070,3427,3428,,,,,,,,,,,completed,
15071,3428,3429,,,,,,,,,,,completed,
15072,3429,3430,,,,,,,,,,,completed,
15073,3430,3431,,,,,,,,,,,completed,
15077,3431,3432,,,,,,,,,,,completed,
15079,3432,3433,,,,,,,,,,,completed,
15081,3433,3434,,,,,,,,,,,completed,
15083,3434,3435,,,,,,,,,,,completed,
15084,3435,3436,,,,,,,,,,,completed,
15085,3436,3437,,,,,,,,,,,completed,
15086,3437,3438,,,,,,,,,,,completed,
15087,3438,3439,,,,,,,,,,,completed,
15088,3439,3440,,,,,,,,,,,completed,
15089,3440,3441,,,,,,,,,,,completed,
15090,3441,3442,,,,,,,,,,,completed,
15091,3442,3443,,,,,,,,,,,completed,
15092,3443,3444,,,,,,,,,,,completed,
15093,3444,3445,,,,,,,,,,,completed,
15095,3445,3446,,,,,,,,,,,completed,
15096,3446,3448,,,,,,,,,,,completed,
15097,3448,3449,,,,,,,,,,,completed,
15098,3449,3450,,,,,,,,,,,completed,
15099,3450,3451,,,,,,,,,,,completed,
15102,3451,3452,,,,,,,,,,,completed,
15103,3452,3453,,,,,,,,,,,completed,
15104,3453,3454,,,,,,,,,,,completed,
15106,3454,3455,,,,,,,,,,,completed,
15107,3455,3456,,,,,,,,,,,completed,
15108,3456,3458,,,,,,,,,,,completed,
15109,3458,3459,,,,,,,,,,,completed,
15110,3459,3460,,,,,,,,,,,completed,
15112,3460,3461,,,,,,,,,,,completed,
15113,3461,3462,,,,,,,,,,,completed,
15114,3462,3463,,,,,,,,,,,completed,
15115,3463,3465,,,,,,,,,,,completed,
15116,3465,3466,,,,,,,,,,,completed,
15118,3466,3467,,,,,,,,,,,completed,
15119,3467,3468,,,,,,,,,,,completed,
15120,3468,3470,,,,,,,,,,,completed,
15121,3470,3471,,,,,,,,,,,completed,
15122,3471,3472,,,,,,,,,,,completed,
15123,3472,3473,,,,,,,,,,,completed,
15124,3473,3475,,,,,,,,,,,completed,
15126,3475,3476,,,,,,,,,,,completed,
15127,3476,3477,,,,,,,,,,,completed,
15128,3477,3478,,,,,,,,,,,completed,
15129,3478,3479,,,,,,,,,,,completed,
15130,3479,3480,,,,,,,,,,,completed,
15131,3480,3481,,,,,,,,,,,completed,
15132,3481,3482,,,,,,,,,,,completed,
15133,3482,3483,,,,,,,,,,,completed,
15134,3483,3484,,,,,,,,,,,completed,
15135,3484,3485,,,,,,,,,,,completed,
15136,3485,3486,,,,,,,,,,,completed,
15138,3486,3487,,,,,,,,,,,completed,
15141,3487,3488,,,,,,,,,,,completed,
15142,3488,3489,,,,,,,,,,,completed,
15143,3489,3490,,,,,,,,,,,completed,
15144,3490,3491,,,,,,,,,,,completed,
15145,3491,3492,,,,,,,,,,,completed,
15146,3492,3494,,,,,,,,,,,completed,
15147,3494,3495,,,,,,,,,,,completed,
15150,3495,3496,,,,,,,,,,,completed,
15151,3496,3497,,,,,,,,,,,completed,
15152,3497,3498,,,,,,,,,,,completed,
15153,3498,3499,,,,,,,,,,,completed,
15154,3499,3500,,,,,,,,,,,completed,
15155,3500,3501,,,,,,,,,,,completed,
15156,3501,3502,,,,,,,,,,,completed,
15157,3502,3503,,,,,,,,,,,completed,
15158,3503,3504,,,,,,,,,,,completed,
15159,3504,3505,,,,,,,,,,,completed,
15160,3505,3506,,,,,,,,,,,completed,
15161,3506,3507,,,,,,,,,,,completed,
15162,3507,3508,,,,,,,,,,,completed,
15163,3508,3509,,,,,,,,,,,completed,
15164,3509,3510,,,,,,,,,,,completed,
15165,3510,3511,,,,,,,,,,,completed,
15166,3511,3512,,,,,,,,,,,completed,
15168,3512,3514,,,,,,,,,,,completed,
15169,3514,3516,,,,,,,,,,,completed,
15170,3516,3517,,,,,,,,,,,completed,
15171,3517,3518,,,,,,,,,,,completed,
15173,3518,3519,,,,,,,,,,,completed,
15174,3519,3520,,,,,,,,,,,completed,
15175,3520,3521,,,,,,,,,,,completed,
15177,3521,3522,,,,,,,,,,,completed,
15178,3522,3523,,,,,,,,,,,completed,
15180,3523,3524,,,,,,,,,,,completed,
15181,3524,3525,,,,,,,,,,,completed,
15183,3525,3526,,,,,,,,,,,completed,
15184,3526,3527,,,,,,,,,,,completed,
15185,3527,3528,,,,,,,,,,,completed,
15186,3528,3529,,,,,,,,,,,completed,
15187,3529,3530,,,,,,,,,,,completed,
15188,3530,3531,,,,,,,,,,,completed,
15189,3531,3532,,,,,,,,,,,completed,
15190,3532,3533,,,,,,,,,,,completed,
15191,3533,3534,,,,,,,,,,,completed,
15192,3534,3535,,,,,,,,,,,completed,
15193,3535,3536,,,,,,,,,,,completed,
15194,3536,3537,,,,,,,,,,,completed,
15195,3537,3538,,,,,,,,,,,completed,
15197,3538,3539,,,,,,,,,,,completed,
15198,3539,3540,,,,,,,,,,,completed,
15199,3540,3541,,,,,,,,,,,completed,
15200,3541,3542,,,,,,,,,,,completed,
15201,3542,3543,,,,,,,,,,,completed,
15203,3543,3544,,,,,,,,,,,completed,
15204,3544,3545,,,,,,,,,,,completed,
15206,3545,3546,,,,,,,,,,,completed,
15207,3546,3547,,,,,,,,,,,completed,
15208,3547,3548,,,,,,,,,,,completed,
15209,3548,3549,,,,,,,,,,,completed,
15210,3549,3550,,,,,,,,,,,completed,
15211,3550,3552,,,,,,,,,,,completed,
15212,3552,3553,,,,,,,,,,,completed,
15213,3553,3554,,,,,,,,,,,completed,
15214,3554,3555,,,,,,,,,,,completed,
15215,3555,3556,,,,,,,,,,,completed,
15216,3556,3557,,,,,,,,,,,completed,
15219,3557,3558,,,,,,,,,,,completed,
15220,3558,3559,,,,,,,,,,,completed,
15222,3559,3560,,,,,,,,,,,completed,
15223,3560,3561,,,,,,,,,,,completed,
15224,3561,3562,,,,,,,,,,,completed,
15225,3562,3564,,,,,,,,,,,completed,
15226,3564,3565,,,,,,,,,,,completed,
15227,3565,3566,,,,,,,,,,,completed,
15228,3566,3567,,,,,,,,,,,completed,
15229,3567,3568,,,,,,,,,,,completed,
15230,3568,3569,,,,,,,,,,,completed,
15231,3569,3570,,,,,,,,,,,completed,
15232,3570,3571,,,,,,,,,,,completed,
15233,3571,3572,,,,,,,,,,,completed,
15234,3572,3573,,,,,,,,,,,completed,
15237,3573,3574,,,,,,,,,,,completed,
15238,3574,3575,,,,,,,,,,,completed,
15239,3575,3576,,,,,,,,,,,completed,
15240,3576,3577,,,,,,,,,,,completed,
15241,3577,3579,,,,,,,,,,,completed,
15242,3579,3580,,,,,,,,,,,completed,
15243,3580,3581,,,,,,,,,,,completed,
15244,3581,3582,,,,,,,,,,,completed,
15248,3582,3583,,,,,,,,,,,completed,
15249,3583,3584,,,,,,,,,,,completed,
15251,3584,3587,,,,,,,,,,,completed,
15252,3587,3588,,,,,,,,,,,completed,
15253,3588,3589,,,,,,,,,,,completed,
15254,3589,3590,,,,,,,,,,,completed,
15255,3590,3591,,,,,,,,,,,completed,
15257,3591,3592,,,,,,,,,,,completed,
15259,3592,3593,,,,,,,,,,,completed,
15260,3593,3594,,,,,,,,,,,completed,
15261,3594,3595,,,,,,,,,,,completed,
15263,3595,3596,,,,,,,,,,,completed,
15264,3596,3597,,,,,,,,,,,completed,
15265,3597,3598,,,,,,,,,,,completed,
15266,3598,3599,,,,,,,,,,,completed,
15267,3599,3600,,,,,,,,,,,completed,
15268,3600,3601,,,,,,,,,,,completed,
15269,3601,3602,,,,,,,,,,,completed,
15271,3602,3603,,,,,,,,,,,completed,
15273,3603,3604,,,,,,,,,,,completed,
15274,3604,3606,,,,,,,,,,,completed,
15275,3606,3607,,,,,,,,,,,completed,
15276,3607,3608,,,,,,,,,,,completed,
15277,3608,3609,,,,,,,,,,,completed,
15278,3609,3610,,,,,,,,,,,completed,
15279,3610,3611,,,,,,,,,,,completed,
15281,3611,3612,,,,,,,,,,,completed,
15282,3612,3613,,,,,,,,,,,completed,
15283,3613,3614,,,,,,,,,,,completed,
15284,3614,3615,,,,,,,,,,,completed,
15285,3615,3616,,,,,,,,,,,completed,
15286,3616,3617,,,,,,,,,,,completed,
15287,3617,3618,,,,,,,,,,,completed,
15288,3618,3619,,,,,,,,,,,completed,
15291,3619,3620,,,,,,,,,,,completed,
15292,3620,3621,,,,,,,,,,,completed,
15293,3621,3624,,,,,,,,,,,completed,
15294,3624,3625,,,,,,,,,,,completed,
15295,3625,3627,,,,,,,,,,,completed,
15296,3627,3628,,,,,,,,,,,completed,
15297,3628,3629,,,,,,,,,,,completed,
15298,3629,3630,,,,,,,,,,,completed,
15299,3630,3631,,,,,,,,,,,completed,
15301,3631,3632,,,,,,,,,,,completed,
15302,3632,3633,,,,,,,,,,,completed,
15303,3633,3634,,,,,,,,,,,completed,
15304,3634,3635,,,,,,,,,,,completed,
15305,3635,3636,,,,,,,,,,,completed,
15306,3636,3637,,,,,,,,,,,completed,
15307,3637,3638,,,,,,,,,,,completed,
15308,3638,3640,,,,,,,,,,,completed,
15309,3640,3641,,,,,,,,,,,completed,
15310,3641,3642,,,,,,,,,,,completed,
15311,3642,3643,,,,,,,,,,,completed,
15312,3643,3644,,,,,,,,,,,completed,
15314,3644,3646,,,,,,,,,,,completed,
15317,3646,3648,,,,,,,,,,,completed,
15318,3648,3649,,,,,,,,,,,completed,
15319,3649,3650,,,,,,,,,,,completed,
15320,3650,3651,,,,,,,,,,,completed,
15321,3651,3652,,,,,,,,,,,completed,
15322,3652,3653,,,,,,,,,,,completed,
15323,3653,3654,,,,,,,,,,,completed,
15325,3654,3655,,,,,,,,,,,completed,
15326,3655,3656,,,,,,,,,,,completed,
15328,3656,3657,,,,,,,,,,,completed,
15330,3657,3658,,,,,,,,,,,completed,
15331,3658,3659,,,,,,,,,,,completed,
15333,3659,3660,,,,,,,,,,,completed,
15334,3660,3661,,,,,,,,,,,completed,
15336,3661,3662,,,,,,,,,,,completed,
15338,3662,3663,,,,,,,,,,,completed,
15339,3663,3664,,,,,,,,,,,completed,
15340,3664,3665,,,,,,,,,,,completed,
15341,3665,3666,,,,,,,,,,,completed,
15342,3666,3667,,,,,,,,,,,completed,
15344,3667,3668,,,,,,,,,,,completed,
15346,3668,3669,,,,,,,,,,,completed,
15348,3669,3671,,,,,,,,,,,completed,
15350,3671,3672,,,,,,,,,,,completed,
15351,3672,3673,,,,,,,,,,,completed,
15352,3673,3674,,,,,,,,,,,completed,
15354,3674,3676,,,,,,,,,,,completed,
15355,3676,3677,,,,,,,,,,,completed,
15356,3677,3679,,,,,,,,,,,completed,
15357,3679,3680,,,,,,,,,,,completed,
15358,3680,3681,,,,,,,,,,,completed,
15359,3681,3683,,,,,,,,,,,completed,
15360,3683,3684,,,,,,,,,,,completed,
15361,3684,3685,,,,,,,,,,,completed,
15362,3685,3686,,,,,,,,,,,completed,
15363,3686,3687,,,,,,,,,,,completed,
15364,3687,3689,,,,,,,,,,,completed,
15365,3689,3690,,,,,,,,,,,completed,
15366,3690,3691,,,,,,,,,,,completed,
15367,3691,3692,,,,,,,,,,,completed,
15369,3692,3693,,,,,,,,,,,completed,
15370,3693,3696,,,,,,,,,,,completed,
15371,3696,3698,,,,,,,,,,,completed,
15372,3698,3699,,,,,,,,,,,completed,
15373,3699,3700,,,,,,,,,,,completed,
15374,3700,3702,,,,,,,,,,,completed,
15376,3702,3703,,,,,,,,,,,completed,
15377,3703,3704,,,,,,,,,,,completed,
15378,3704,3705,,,,,,,,,,,completed,
15380,3705,3707,,,,,,,,,,,completed,
15381,3707,3708,,,,,,,,,,,completed,
15382,3708,3710,,,,,,,,,,,completed,
15383,3710,3711,,,,,,,,,,,completed,
15384,3711,3713,,,,,,,,,,,completed,
15385,3713,3714,,,,,,,,,,,completed,
15386,3714,3715,,,,,,,,,,,completed,
15387,3715,3716,,,,,,,,,,,completed,
15388,3716,3717,,,,,,,,,,,completed,
15389,3717,3718,,,,,,,,,,,completed,
15390,3718,3719,,,,,,,,,,,completed,
15391,3719,3720,,,,,,,,,,,completed,
15392,3720,3721,,,,,,,,,,,completed,
15393,3721,3722,,,,,,,,,,,completed,
15395,3722,3723,,,,,,,,,,,completed,
15396,3723,3724,,,,,,,,,,,completed,
15397,3724,3725,,,,,,,,,,,completed,
15398,3725,3726,,,,,,,,,,,completed,
15399,3726,3727,,,,,,,,,,,completed,
15400,3727,3728,,,,,,,,,,,completed,
15401,3728,3729,,,,,,,,,,,completed,
15402,3729,3730,,,,,,,,,,,completed,
15403,3730,3731,,,,,,,,,,,completed,
15404,3731,3732,,,,,,,,,,,completed,
15405,3732,3734,,,,,,,,,,,completed,
15406,3734,3735,,,,,,,,,,,completed,
15408,3735,3736,,,,,,,,,,,completed,
15409,3736,3737,,,,,,,,,,,completed,
15410,3737,3738,,,,,,,,,,,completed,
15411,3738,3739,,,,,,,,,,,completed,
15412,3739,3740,,,,,,,,,,,completed,
15413,3740,3741,,,,,,,,,,,completed,
15414,3741,3742,,,,,,,,,,,completed,
15415,3742,3743,,,,,,,,,,,completed,
15416,3743,3745,,,,,,,,,,,completed,
15417,3745,3746,,,,,,,,,,,completed,
15418,3746,3747,,,,,,,,,,,completed,
15419,3747,3748,,,,,,,,,,,completed,
15420,3748,3749,,,,,,,,,,,completed,
15421,3749,3750,,,,,,,,,,,completed,
15422,3750,3751,,,,,,,,,,,completed,
15423,3751,3752,,,,,,,,,,,completed,
15424,3752,3753,,,,,,,,,,,completed,
15425,3753,3754,,,,,,,,,,,completed,
15426,3754,3755,,,,,,,,,,,completed,
15427,3755,3756,,,,,,,,,,,completed,
15428,3756,3757,,,,,,,,,,,completed,
15429,3757,3760,,,,,,,,,,,completed,
15430,3760,3761,,,,,,,,,,,completed,
15431,3761,3763,,,,,,,,,,,completed,
15434,3763,3764,,,,,,,,,,,completed,
15435,3764,3765,,,,,,,,,,,completed,
15436,3765,3766,,,,,,,,,,,completed,
15438,3766,3767,,,,,,,,,,,completed,
15439,3767,3768,,,,,,,,,,,completed,
15440,3768,3770,,,,,,,,,,,completed,
15442,3770,3771,,,,,,,,,,,completed,
15443,3771,3772,,,,,,,,,,,completed,
15444,3772,3773,,,,,,,,,,,completed,
15445,3773,3774,,,,,,,,,,,completed,
15447,3774,3775,,,,,,,,,,,completed,
15449,3775,3777,,,,,,,,,,,completed,
15450,3777,3778,,,,,,,,,,,completed,
15452,3778,3779,,,,,,,,,,,completed,
15453,3779,3780,,,,,,,,,,,completed,
15454,3780,3781,,,,,,,,,,,completed,
15455,3781,3782,,,,,,,,,,,completed,
15456,3782,3783,,,,,,,,,,,completed,
15457,3783,3784,,,,,,,,,,,completed,
15458,3784,3785,,,,,,,,,,,completed,
15459,3785,3786,,,,,,,,,,,completed,
15460,3786,3787,,,,,,,,,,,completed,
15461,3787,3788,,,,,,,,,,,completed,
15463,3788,3789,,,,,,,,,,,completed,
15464,3789,3790,,,,,,,,,,,completed,
15465,3790,3791,,,,,,,,,,,completed,
15466,3791,3792,,,,,,,,,,,completed,
15468,3792,3793,,,,,,,,,,,completed,
15470,3793,3794,,,,,,,,,,,completed,
15471,3794,3795,,,,,,,,,,,completed,
15472,3795,3796,,,,,,,,,,,completed,
15473,3796,3797,,,,,,,,,,,completed,
15474,3797,3798,,,,,,,,,,,completed,
15476,3798,3799,,,,,,,,,,,completed,
15477,3799,3800,,,,,,,,,,,completed,
15478,3800,3801,,,,,,,,,,,completed,
15479,3801,3803,,,,,,,,,,,completed,
15480,3803,3804,,,,,,,,,,,completed,
15482,3804,3807,,,,,,,,,,,completed,
15483,3807,3808,,,,,,,,,,,completed,
15484,3808,3809,,,,,,,,,,,completed,
15486,3809,3810,,,,,,,,,,,completed,
15487,3810,3811,,,,,,,,,,,completed,
15488,3811,3812,,,,,,,,,,,completed,
15490,3812,3813,,,,,,,,,,,completed,
15491,3813,3814,,,,,,,,,,,completed,
15493,3814,3815,,,,,,,,,,,completed,
15494,3815,3816,,,,,,,,,,,completed,
15495,3816,3817,,,,,,,,,,,completed,
15496,3817,3818,,,,,,,,,,,completed,
15497,3818,3819,,,,,,,,,,,completed,
15498,3819,3820,,,,,,,,,,,completed,
15500,3820,3821,,,,,,,,,,,completed,
15501,3821,3822,,,,,,,,,,,completed,
15502,3822,3823,,,,,,,,,,,completed,
15503,3823,3824,,,,,,,,,,,completed,
15504,3824,3825,,,,,,,,,,,completed,
15505,3825,3826,,,,,,,,,,,completed,
15506,3826,3827,,,,,,,,,,,completed,
15509,3827,3828,,,,,,,,,,,completed,
15511,3828,3829,,,,,,,,,,,completed,
15512,3829,3830,,,,,,,,,,,completed,
15514,3830,3831,,,,,,,,,,,completed,
15515,3831,3832,,,,,,,,,,,completed,
15516,3832,3833,,,,,,,,,,,completed,
15517,3833,3834,,,,,,,,,,,completed,
15518,3834,3835,,,,,,,,,,,completed,
15519,3835,3836,,,,,,,,,,,completed,
15520,3836,3837,,,,,,,,,,,completed,
15521,3837,3838,,,,,,,,,,,completed,
15522,3838,3840,,,,,,,,,,,completed,
15523,3840,3841,,,,,,,,,,,completed,
15524,3841,3842,,,,,,,,,,,completed,
15525,3842,3843,,,,,,,,,,,completed,
15526,3843,3844,,,,,,,,,,,completed,
15527,3844,3845,,,,,,,,,,,completed,
15529,3845,3846,,,,,,,,,,,completed,
15530,3846,3847,,,,,,,,,,,completed,
15531,3847,3848,,,,,,,,,,,completed,
15532,3848,3849,,,,,,,,,,,completed,
15533,3849,3850,,,,,,,,,,,completed,
15534,3850,3851,,,,,,,,,,,completed,
15535,3851,3852,,,,,,,,,,,completed,
15536,3852,3853,,,,,,,,,,,completed,
15537,3853,3854,,,,,,,,,,,completed,
15540,3854,3855,,,,,,,,,,,completed,
15541,3855,3856,,,,,,,,,,,completed,
15542,3856,3857,,,,,,,,,,,completed,
15543,3857,3858,,,,,,,,,,,completed,
15545,3858,3859,,,,,,,,,,,completed,
15546,3859,3860,,,,,,,,,,,completed,
15547,3860,3861,,,,,,,,,,,completed,
15548,3861,3862,,,,,,,,,,,completed,
15549,3862,3863,,,,,,,,,,,completed,
15550,3863,3865,,,,,,,,,,,completed,
15551,3865,3866,,,,,,,,,,,completed,
15552,3866,3867,,,,,,,,,,,completed,
15554,3867,3869,,,,,,,,,,,completed,
15555,3869,3870,,,,,,,,,,,completed,
15556,3870,3872,,,,,,,,,,,completed,
15557,3872,3873,,,,,,,,,,,completed,
15558,3873,3874,,,,,,,,,,,completed,
15560,3874,3875,,,,,,,,,,,completed,
15561,3875,3876,,,,,,,,,,,completed,
15562,3876,3877,,,,,,,,,,,completed,
15563,3877,3878,,,,,,,,,,,completed,
15565,3878,3879,,,,,,,,,,,completed,
15566,3879,3880,,,,,,,,,,,completed,
15569,3880,3881,,,,,,,,,,,completed,
15570,3881,3882,,,,,,,,,,,completed,
15571,3882,3883,,,,,,,,,,,completed,
15572,3883,3884,,,,,,,,,,,completed,
15574,3884,3885,,,,,,,,,,,completed,
15575,3885,3886,,,,,,,,,,,completed,
15576,3886,3887,,,,,,,,,,,completed,
15577,3887,3888,,,,,,,,,,,completed,
15578,3888,3889,,,,,,,,,,,completed,
15579,3889,3892,,,,,,,,,,,completed,
15580,3892,3893,,,,,,,,,,,completed,
15581,3893,3894,,,,,,,,,,,completed,
15582,3894,3895,,,,,,,,,,,completed,
15584,3895,3896,,,,,,,,,,,completed,
15585,3896,3897,,,,,,,,,,,completed,
15586,3897,3898,,,,,,,,,,,completed,
15587,3898,3899,,,,,,,,,,,completed,
15588,3899,3900,,,,,,,,,,,completed,
15589,3900,3901,,,,,,,,,,,completed,
15590,3901,3902,,,,,,,,,,,completed,
15591,3902,3903,,,,,,,,,,,completed,
15592,3903,3904,,,,,,,,,,,completed,
15593,3904,3905,,,,,,,,,,,completed,
15594,3905,3906,,,,,,,,,,,completed,
15596,3906,3908,,,,,,,,,,,completed,
15600,3908,3909,,,,,,,,,,,completed,
15602,3909,3911,,,,,,,,,,,completed,
15603,3911,3912,,,,,,,,,,,completed,
15604,3912,3913,,,,,,,,,,,completed,
15605,3913,3915,,,,,,,,,,,completed,
15606,3915,3916,,,,,,,,,,,completed,
15607,3916,3917,,,,,,,,,,,completed,
15608,3917,3918,,,,,,,,,,,completed,
15609,3918,3919,,,,,,,,,,,completed,
15610,3919,3920,,,,,,,,,,,completed,
15611,3920,3921,,,,,,,,,,,completed,
15613,3921,3922,,,,,,,,,,,completed,
15614,3922,3925,,,,,,,,,,,completed,
15615,3925,3926,,,,,,,,,,,completed,
15616,3926,3927,,,,,,,,,,,completed,
15617,3927,3928,,,,,,,,,,,completed,
15618,3928,3929,,,,,,,,,,,completed,
15619,3929,3930,,,,,,,,,,,completed,
15620,3930,3931,,,,,,,,,,,completed,
15621,3931,3932,,,,,,,,,,,completed,
15622,3932,3933,,,,,,,,,,,completed,
15623,3933,3934,,,,,,,,,,,completed,
15624,3934,3935,,,,,,,,,,,completed,
15625,3935,3936,,,,,,,,,,,completed,
15626,3936,3937,,,,,,,,,,,completed,
15627,3937,3938,,,,,,,,,,,completed,
15628,3938,3939,,,,,,,,,,,completed,
15630,3939,3940,,,,,,,,,,,completed,
15631,3940,3941,,,,,,,,,,,completed,
15632,3941,3942,,,,,,,,,,,completed,
15633,3942,3943,,,,,,,,,,,completed,
15638,3943,3944,,,,,,,,,,,completed,
15639,3944,3945,,,,,,,,,,,completed,
15640,3945,3947,,,,,,,,,,,completed,
15641,3947,3948,,,,,,,,,,,completed,
15642,3948,3949,,,,,,,,,,,completed,
15643,3949,3950,,,,,,,,,,,completed,
15644,3950,3951,,,,,,,,,,,completed,
15645,3951,3952,,,,,,,,,,,completed,
15646,3952,3953,,,,,,,,,,,completed,
15647,3953,3954,,,,,,,,,,,completed,
15648,3954,3955,,,,,,,,,,,completed,
15649,3955,3956,,,,,,,,,,,completed,
15650,3956,3957,,,,,,,,,,,completed,
15651,3957,3958,,,,,,,,,,,completed,
15652,3958,3959,,,,,,,,,,,completed,
15653,3959,3960,,,,,,,,,,,completed,
15654,3960,3961,,,,,,,,,,,completed,
15655,3961,3963,,,,,,,,,,,completed,
15656,3963,3964,,,,,,,,,,,completed,
15657,3964,3965,,,,,,,,,,,completed,
15658,3965,3966,,,,,,,,,,,completed,
15659,3966,3967,,,,,,,,,,,completed,
15660,3967,3968,,,,,,,,,,,completed,
15662,3968,3969,,,,,,,,,,,completed,
15663,3969,3970,,,,,,,,,,,completed,
15664,3970,3973,,,,,,,,,,,completed,
15665,3973,3974,,,,,,,,,,,completed,
15666,3974,3976,,,,,,,,,,,completed,
15667,3976,3977,,,,,,,,,,,completed,
15668,3977,3979,,,,,,,,,,,completed,
15669,3979,3980,,,,,,,,,,,completed,
15673,3980,3981,,,,,,,,,,,completed,
15674,3981,3982,,,,,,,,,,,completed,
15675,3982,3983,,,,,,,,,,,completed,
15676,3983,3984,,,,,,,,,,,completed,
15677,3984,3986,,,,,,,,,,,completed,
15678,3986,3987,,,,,,,,,,,completed,
15679,3987,3988,,,,,,,,,,,completed,
15680,3988,3989,,,,,,,,,,,completed,
15681,3989,3990,,,,,,,,,,,completed,
15684,3990,3991,,,,,,,,,,,completed,
15685,3991,3992,,,,,,,,,,,completed,
15686,3992,3993,,,,,,,,,,,completed,
15687,3993,3995,,,,,,,,,,,completed,
15688,3995,3997,,,,,,,,,,,completed,
15689,3997,3999,,,,,,,,,,,completed,
15691,3999,4000,,,,,,,,,,,completed,
15692,4000,4001,,,,,,,,,,,completed,
15693,4001,4003,,,,,,,,,,,completed,
15694,4003,4005,,,,,,,,,,,completed,
15695,4005,4009,,,,,,,,,,,completed,
15696,4009,4011,,,,,,,,,,,completed,
15698,4011,4012,,,,,,,,,,,completed,
15700,4012,4013,,,,,,,,,,,completed,
15701,4013,4014,,,,,,,,,,,completed,
15702,4014,4015,,,,,,,,,,,completed,
15704,4015,4016,,,,,,,,,,,completed,
15705,4016,4017,,,,,,,,,,,completed,
15706,4017,4018,,,,,,,,,,,completed,
15707,4018,4019,,,,,,,,,,,completed,
15708,4019,4020,,,,,,,,,,,completed,
15709,4020,4021,,,,,,,,,,,completed,
15710,4021,4022,,,,,,,,,,,completed,
15713,4022,4023,,,,,,,,,,,completed,
15714,4023,4024,,,,,,,,,,,completed,
15715,4024,4025,,,,,,,,,,,completed,
15716,4025,4026,,,,,,,,,,,completed,
15717,4026,4027,,,,,,,,,,,completed,
15718,4027,4028,,,,,,,,,,,completed,
15719,4028,4029,,,,,,,,,,,completed,
15720,4029,4030,,,,,,,,,,,completed,
15721,4030,4031,,,,,,,,,,,completed,
15722,4031,4032,,,,,,,,,,,completed,
15723,4032,4033,,,,,,,,,,,completed,
15724,4033,4034,,,,,,,,,,,completed,
15725,4034,4036,,,,,,,,,,,completed,
15727,4036,4037,,,,,,,,,,,completed,
15728,4037,4038,,,,,,,,,,,completed,
15729,4038,4039,,,,,,,,,,,completed,
15730,4039,4041,,,,,,,,,,,completed,
15733,4041,4042,,,,,,,,,,,completed,
15734,4042,4043,,,,,,,,,,,completed,
15735,4043,4044,,,,,,,,,,,completed,
15736,4044,4045,,,,,,,,,,,completed,
15737,4045,4046,,,,,,,,,,,completed,
15738,4046,4047,,,,,,,,,,,completed,
15739,4047,4048,,,,,,,,,,,completed,
15740,4048,4049,,,,,,,,,,,completed,
15741,4049,4050,,,,,,,,,,,completed,
15742,4050,4051,,,,,,,,,,,completed,
15743,4051,4052,,,,,,,,,,,completed,
15744,4052,4053,,,,,,,,,,,completed,
15745,4053,4054,,,,,,,,,,,completed,
15746,4054,4055,,,,,,,,,,,completed,
15747,4055,4056,,,,,,,,,,,completed,
15748,4056,4057,,,,,,,,,,,completed,
15749,4057,4058,,,,,,,,,,,completed,
15750,4058,4059,,,,,,,,,,,completed,
15751,4059,4060,,,,,,,,,,,completed,
15752,4060,4062,,,,,,,,,,,completed,
15753,4062,4063,,,,,,,,,,,completed,
15755,4063,4064,,,,,,,,,,,completed,
15756,4064,4066,,,,,,,,,,,completed,
15757,4066,4067,,,,,,,,,,,completed,
15758,4067,4068,,,,,,,,,,,completed,
15759,4068,4069,,,,,,,,,,,completed,
15762,4069,4070,,,,,,,,,,,completed,
15763,4070,4071,,,,,,,,,,,completed,
15764,4071,4072,,,,,,,,,,,completed,
15766,4072,4073,,,,,,,,,,,completed,
15767,4073,4074,,,,,,,,,,,completed,
15768,4074,4075,,,,,,,,,,,completed,
15769,4075,4076,,,,,,,,,,,completed,
15770,4076,4077,,,,,,,,,,,completed,
15771,4077,4078,,,,,,,,,,,completed,
15772,4078,4079,,,,,,,,,,,completed,
15773,4079,4080,,,,,,,,,,,completed,
15774,4080,4081,,,,,,,,,,,completed,
15775,4081,4083,,,,,,,,,,,completed,
15776,4083,4085,,,,,,,,,,,completed,
15777,4085,4086,,,,,,,,,,,completed,
15778,4086,4087,,,,,,,,,,,completed,
15779,4087,4088,,,,,,,,,,,completed,
15781,4088,4089,,,,,,,,,,,completed,
15782,4089,4090,,,,,,,,,,,completed,
15783,4090,4091,,,,,,,,,,,completed,
15784,4091,4092,,,,,,,,,,,completed,
15785,4092,4093,,,,,,,,,,,completed,
15786,4093,4094,,,,,,,,,,,completed,
15787,4094,4095,,,,,,,,,,,completed,
15790,4095,4096,,,,,,,,,,,completed,
15792,4096,4097,,,,,,,,,,,completed,
15793,4097,4098,,,,,,,,,,,completed,
15794,4098,4099,,,,,,,,,,,completed,
15795,4099,4100,,,,,,,,,,,completed,
15796,4100,4101,,,,,,,,,,,completed,
15797,4101,4102,,,,,,,,,,,completed,
15798,4102,4103,,,,,,,,,,,completed,
15799,4103,4104,,,,,,,,,,,completed,
15800,4104,4105,,,,,,,,,,,completed,
15801,4105,4106,,,,,,,,,,,completed,
15802,4106,4108,,,,,,,,,,,completed,
15803,4108,4109,,,,,,,,,,,completed,
15804,4109,4110,,,,,,,,,,,completed,
15805,4110,4111,,,,,,,,,,,completed,
15806,4111,4112,,,,,,,,,,,completed,
15808,4112,4113,,,,,,,,,,,completed,
15809,4113,4114,,,,,,,,,,,completed,
15810,4114,4115,,,,,,,,,,,completed,
15812,4115,4116,,,,,,,,,,,completed,
15813,4116,4118,,,,,,,,,,,completed,
15814,4118,4119,,,,,,,,,,,completed,
15815,4119,4120,,,,,,,,,,,completed,
15816,4120,4122,,,,,,,,,,,completed,
15817,4122,4123,,,,,,,,,,,completed,
15818,4123,4124,,,,,,,,,,,completed,
15819,4124,4126,,,,,,,,,,,completed,
15820,4126,4127,,,,,,,,,,,completed,
15821,4127,4128,,,,,,,,,,,completed,
15822,4128,4129,,,,,,,,,,,completed,
15823,4129,4131,,,,,,,,,,,completed,
15824,4131,4132,,,,,,,,,,,completed,
15825,4132,4133,,,,,,,,,,,completed,
15826,4133,4134,,,,,,,,,,,completed,
15827,4134,4135,,,,,,,,,,,completed,
15828,4135,4138,,,,,,,,,,,completed,
15829,4138,4139,,,,,,,,,,,completed,
15830,4139,4140,,,,,,,,,,,completed,
15832,4140,4141,,,,,,,,,,,completed,
15833,4141,4142,,,,,,,,,,,completed,
15834,4142,4143,,,,,,,,,,,completed,
15836,4143,4144,,,,,,,,,,,completed,
15837,4144,4145,,,,,,,,,,,completed,
15838,4145,4148,,,,,,,,,,,completed,
15839,4148,4149,,,,,,,,,,,completed,
15840,4149,4150,,,,,,,,,,,completed,
15841,4150,4151,,,,,,,,,,,completed,
15843,4151,4152,,,,,,,,,,,completed,
15844,4152,4153,,,,,,,,,,,completed,
15846,4153,4154,,,,,,,,,,,completed,
15847,4154,4156,,,,,,,,,,,completed,
15848,4156,4157,,,,,,,,,,,completed,
15849,4157,4158,,,,,,,,,,,completed,
15850,4158,4159,,,,,,,,,,,completed,
15851,4159,4161,,,,,,,,,,,completed,
15853,4161,4162,,,,,,,,,,,completed,
15854,4162,4163,,,,,,,,,,,completed,
15855,4163,4164,,,,,,,,,,,completed,
15856,4164,4165,,,,,,,,,,,completed,
15857,4165,4166,,,,,,,,,,,completed,
15858,4166,4167,,,,,,,,,,,completed,
15859,4167,4168,,,,,,,,,,,completed,
15860,4168,4170,,,,,,,,,,,completed,
15861,4170,4172,,,,,,,,,,,completed,
15862,4172,4173,,,,,,,,,,,completed,
15863,4173,4174,,,,,,,,,,,completed,
15864,4174,4175,,,,,,,,,,,completed,
15865,4175,4176,,,,,,,,,,,completed,
15867,4176,4177,,,,,,,,,,,completed,
15870,4177,4178,,,,,,,,,,,completed,
15871,4178,4179,,,,,,,,,,,completed,
15874,4179,4180,,,,,,,,,,,completed,
15875,4180,4181,,,,,,,,,,,completed,
15876,4181,4183,,,,,,,,,,,completed,
15877,4183,4184,,,,,,,,,,,completed,
15878,4184,4185,,,,,,,,,,,completed,
15879,4185,4186,,,,,,,,,,,completed,
15880,4186,4188,,,,,,,,,,,completed,
15881,4188,4189,,,,,,,,,,,completed,
15883,4189,4190,,,,,,,,,,,completed,
15884,4190,4191,,,,,,,,,,,completed,
15886,4191,4194,,,,,,,,,,,completed,
15887,4194,4195,,,,,,,,,,,completed,
15889,4195,4197,,,,,,,,,,,completed,
15890,4197,4199,,,,,,,,,,,completed,
15891,4199,4200,,,,,,,,,,,completed,
15892,4200,4201,,,,,,,,,,,completed,
15893,4201,4202,,,,,,,,,,,completed,
15894,4202,4203,,,,,,,,,,,completed,
15895,4203,4205,,,,,,,,,,,completed,
15896,4205,4206,,,,,,,,,,,completed,
15897,4206,4207,,,,,,,,,,,completed,
15898,4207,4208,,,,,,,,,,,completed,
15899,4208,4209,,,,,,,,,,,completed,
15900,4209,4210,,,,,,,,,,,completed,
15901,4210,4211,,,,,,,,,,,completed,
15902,4211,4212,,,,,,,,,,,completed,
15903,4212,4213,,,,,,,,,,,completed,
15904,4213,4215,,,,,,,,,,,completed,
15905,4215,4216,,,,,,,,,,,completed,
15906,4216,4217,,,,,,,,,,,completed,
15908,4217,4218,,,,,,,,,,,completed,
15909,4218,4219,,,,,,,,,,,completed,
15910,4219,4220,,,,,,,,,,,completed,
15911,4220,4221,,,,,,,,,,,completed,
15912,4221,4222,,,,,,,,,,,completed,
15913,4222,4224,,,,,,,,,,,completed,
15914,4224,4225,,,,,,,,,,,completed,
15916,4225,4226,,,,,,,,,,,completed,
15917,4226,4227,,,,,,,,,,,completed,
15918,4227,4228,,,,,,,,,,,completed,
15919,4228,4229,,,,,,,,,,,completed,
15920,4229,4230,,,,,,,,,,,completed,
15922,4230,4231,,,,,,,,,,,completed,
15923,4231,4232,,,,,,,,,,,completed,
15925,4232,4233,,,,,,,,,,,completed,
15927,4233,4234,,,,,,,,,,,completed,
15928,4234,4235,,,,,,,,,,,completed,
15929,4235,4236,,,,,,,,,,,completed,
15930,4236,4237,,,,,,,,,,,completed,
15932,4237,4238,,,,,,,,,,,completed,
15933,4238,4239,,,,,,,,,,,completed,
15934,4239,4240,,,,,,,,,,,completed,
15936,4240,4241,,,,,,,,,,,completed,
15937,4241,4242,,,,,,,,,,,completed,
15938,4242,4243,,,,,,,,,,,completed,
15939,4243,4244,,,,,,,,,,,completed,
15940,4244,4245,,,,,,,,,,,completed,
15941,4245,4246,,,,,,,,,,,completed,
15942,4246,4247,,,,,,,,,,,completed,
15943,4247,4248,,,,,,,,,,,completed,
15944,4248,4249,,,,,,,,,,,completed,
15946,4249,4250,,,,,,,,,,,completed,
15947,4250,4252,,,,,,,,,,,completed,
15948,4252,4254,,,,,,,,,,,completed,
15949,4254,4255,,,,,,,,,,,completed,
15951,4255,4256,,,,,,,,,,,completed,
15952,4256,4257,,,,,,,,,,,completed,
15953,4257,4258,,,,,,,,,,,completed,
15954,4258,4259,,,,,,,,,,,completed,
15955,4259,4260,,,,,,,,,,,completed,
15957,4260,4261,,,,,,,,,,,completed,
15958,4261,4262,,,,,,,,,,,completed,
15960,4262,4263,,,,,,,,,,,completed,
15961,4263,4264,,,,,,,,,,,completed,
15962,4264,4265,,,,,,,,,,,completed,
15963,4265,4266,,,,,,,,,,,completed,
15964,4266,4267,,,,,,,,,,,completed,
15965,4267,4268,,,,,,,,,,,completed,
15966,4268,4269,,,,,,,,,,,completed,
15967,4269,4270,,,,,,,,,,,completed,
15968,4270,4271,,,,,,,,,,,completed,
15969,4271,4272,,,,,,,,,,,completed,
15970,4272,4273,,,,,,,,,,,completed,
15971,4273,4274,,,,,,,,,,,completed,
15972,4274,4275,,,,,,,,,,,completed,
15973,4275,4276,,,,,,,,,,,completed,
15974,4276,4278,,,,,,,,,,,completed,
15975,4278,4279,,,,,,,,,,,completed,
15976,4279,4280,,,,,,,,,,,completed,
15977,4280,4281,,,,,,,,,,,completed,
15978,4281,4282,,,,,,,,,,,completed,
15979,4282,4283,,,,,,,,,,,completed,
15980,4283,4284,,,,,,,,,,,completed,
15981,4284,4285,,,,,,,,,,,completed,
15982,4285,4286,,,,,,,,,,,completed,
15983,4286,4287,,,,,,,,,,,completed,
15985,4287,4288,,,,,,,,,,,completed,
15986,4288,4289,,,,,,,,,,,completed,
15987,4289,4290,,,,,,,,,,,completed,
15988,4290,4291,,,,,,,,,,,completed,
15989,4291,4292,,,,,,,,,,,completed,
15990,4292,4293,,,,,,,,,,,completed,
15991,4293,4294,,,,,,,,,,,completed,
15992,4294,4295,,,,,,,,,,,completed,
15993,4295,4297,,,,,,,,,,,completed,
15994,4297,4298,,,,,,,,,,,completed,
15995,4298,4299,,,,,,,,,,,completed,
15996,4299,4300,,,,,,,,,,,completed,
15998,4300,4301,,,,,,,,,,,completed,
16000,4301,4302,,,,,,,,,,,completed,
16003,4302,4304,,,,,,,,,,,completed,
16004,4304,4305,,,,,,,,,,,completed,
16005,4305,4306,,,,,,,,,,,completed,
16006,4306,4307,,,,,,,,,,,completed,
16007,4307,4308,,,,,,,,,,,completed,
16008,4308,4309,,,,,,,,,,,completed,
16009,4309,4310,,,,,,,,,,,completed,
16011,4310,4311,,,,,,,,,,,completed,
16013,4311,4312,,,,,,,,,,,completed,
16014,4312,4313,,,,,,,,,,,completed,
16015,4313,4314,,,,,,,,,,,completed,
16016,4314,4315,,,,,,,,,,,completed,
16017,4315,4316,,,,,,,,,,,completed,
16018,4316,4317,,,,,,,,,,,completed,
16020,4317,4318,,,,,,,,,,,completed,
16021,4318,4319,,,,,,,,,,,completed,
16022,4319,4320,,,,,,,,,,,completed,
16023,4320,4321,,,,,,,,,,,completed,
16025,4321,4322,,,,,,,,,,,completed,
16026,4322,4324,,,,,,,,,,,completed,
16027,4324,4325,,,,,,,,,,,completed,
16028,4325,4326,,,,,,,,,,,completed,
16029,4326,4328,,,,,,,,,,,completed,
16030,4328,4329,,,,,,,,,,,completed,
16031,4329,4330,,,,,,,,,,,completed,
16032,4330,4331,,,,,,,,,,,completed,
16033,4331,4332,,,,,,,,,,,completed,
16034,4332,4333,,,,,,,,,,,completed,
16035,4333,4334,,,,,,,,,,,completed,
16037,4334,4335,,,,,,,,,,,completed,
16038,4335,4336,,,,,,,,,,,completed,
16040,4336,4337,,,,,,,,,,,completed,
16041,4337,4338,,,,,,,,,,,completed,
16042,4338,4339,,,,,,,,,,,completed,
16043,4339,4340,,,,,,,,,,,completed,
16044,4340,4341,,,,,,,,,,,completed,
16045,4341,4343,,,,,,,,,,,completed,
16047,4343,4344,,,,,,,,,,,completed,
16048,4344,4345,,,,,,,,,,,completed,
16049,4345,4346,,,,,,,,,,,completed,
16050,4346,4347,,,,,,,,,,,completed,
16051,4347,4348,,,,,,,,,,,completed,
16053,4348,4349,,,,,,,,,,,completed,
16054,4349,4350,,,,,,,,,,,completed,
16056,4350,4351,,,,,,,,,,,completed,
16058,4351,4352,,,,,,,,,,,completed,
16059,4352,4353,,,,,,,,,,,completed,
16060,4353,4355,,,,,,,,,,,completed,
16062,4355,4356,,,,,,,,,,,completed,
16063,4356,4357,,,,,,,,,,,completed,
16065,4357,4358,,,,,,,,,,,completed,
16066,4358,4359,,,,,,,,,,,completed,
16067,4359,4360,,,,,,,,,,,completed,
16070,4360,4361,,,,,,,,,,,completed,
16071,4361,4362,,,,,,,,,,,completed,
16072,4362,4363,,,,,,,,,,,completed,
16074,4363,4364,,,,,,,,,,,completed,
16075,4364,4365,,,,,,,,,,,completed,
16076,4365,4366,,,,,,,,,,,completed,
16077,4366,4367,,,,,,,,,,,completed,
16079,4367,4368,,,,,,,,,,,completed,
16080,4368,4369,,,,,,,,,,,completed,
16081,4369,4370,,,,,,,,,,,completed,
16082,4370,4371,,,,,,,,,,,completed,
16083,4371,4372,,,,,,,,,,,completed,
16084,4372,4373,,,,,,,,,,,completed,
16085,4373,4374,,,,,,,,,,,completed,
16086,4374,4376,,,,,,,,,,,completed,
16088,4376,4377,,,,,,,,,,,completed,
16089,4377,4378,,,,,,,,,,,completed,
16090,4378,4379,,,,,,,,,,,completed,
16093,4379,4380,,,,,,,,,,,completed,
16094,4380,4381,,,,,,,,,,,completed,
16095,4381,4383,,,,,,,,,,,completed,
16096,4383,4385,,,,,,,,,,,completed,
16097,4385,4386,,,,,,,,,,,completed,
16098,4386,4387,,,,,,,,,,,completed,
16101,4387,4388,,,,,,,,,,,completed,
16102,4388,4390,,,,,,,,,,,completed,
16103,4390,4391,,,,,,,,,,,completed,
16105,4391,4392,,,,,,,,,,,completed,
16106,4392,4394,,,,,,,,,,,completed,
16107,4394,4395,,,,,,,,,,,completed,
16109,4395,4396,,,,,,,,,,,completed,
16110,4396,4397,,,,,,,,,,,completed,
16111,4397,4398,,,,,,,,,,,completed,
16112,4398,4399,,,,,,,,,,,completed,
16113,4399,4400,,,,,,,,,,,completed,
16115,4400,4401,,,,,,,,,,,completed,
16116,4401,4402,,,,,,,,,,,completed,
16118,4402,4403,,,,,,,,,,,completed,
16119,4403,4404,,,,,,,,,,,completed,
16120,4404,4405,,,,,,,,,,,completed,
16121,4405,4406,,,,,,,,,,,completed,
16122,4406,4407,,,,,,,,,,,completed,
16123,4407,4408,,,,,,,,,,,completed,
16125,4408,4409,,,,,,,,,,,completed,
16126,4409,4410,,,,,,,,,,,completed,
16128,4410,4411,,,,,,,,,,,completed,
16129,4411,4412,,,,,,,,,,,completed,
16130,4412,4413,,,,,,,,,,,completed,
16131,4413,4414,,,,,,,,,,,completed,
16133,4414,4415,,,,,,,,,,,completed,
16135,4415,4416,,,,,,,,,,,completed,
16136,4416,4417,,,,,,,,,,,completed,
16137,4417,4418,,,,,,,,,,,completed,
16138,4418,4419,,,,,,,,,,,completed,
16139,4419,4420,,,,,,,,,,,completed,
16140,4420,4421,,,,,,,,,,,completed,
16141,4421,4422,,,,,,,,,,,completed,
16142,4422,4423,,,,,,,,,,,completed,
16143,4423,4424,,,,,,,,,,,completed,
16144,4424,4425,,,,,,,,,,,completed,
16145,4425,4426,,,,,,,,,,,completed,
16146,4426,4427,,,,,,,,,,,completed,
16147,4427,4429,,,,,,,,,,,completed,
16148,4429,4430,,,,,,,,,,,completed,
16149,4430,4431,,,,,,,,,,,completed,
16150,4431,4432,,,,,,,,,,,completed,
16151,4432,4433,,,,,,,,,,,completed,
16152,4433,4434,,,,,,,,,,,completed,
16153,4434,4435,,,,,,,,,,,completed,
16154,4435,4436,,,,,,,,,,,completed,
16155,4436,4438,,,,,,,,,,,completed,
16156,4438,4439,,,,,,,,,,,completed,
16157,4439,4440,,,,,,,,,,,completed,
16158,4440,4441,,,,,,,,,,,completed,
16159,4441,4442,,,,,,,,,,,completed,
16160,4442,4443,,,,,,,,,,,completed,
16161,4443,4445,,,,,,,,,,,completed,
16162,4445,4446,,,,,,,,,,,completed,
16163,4446,4447,,,,,,,,,,,completed,
16164,4447,4448,,,,,,,,,,,completed,
16165,4448,4449,,,,,,,,,,,completed,
16167,4449,4450,,,,,,,,,,,completed,
16168,4450,4451,,,,,,,,,,,completed,
16171,4451,4453,,,,,,,,,,,completed,
16173,4453,4454,,,,,,,,,,,completed,
16174,4454,4455,,,,,,,,,,,completed,
16176,4455,4456,,,,,,,,,,,completed,
16177,4456,4458,,,,,,,,,,,completed,
16178,4458,4459,,,,,,,,,,,completed,
16179,4459,4460,,,,,,,,,,,completed,
16180,4460,4461,,,,,,,,,,,completed,
16181,4461,4462,,,,,,,,,,,completed,
16182,4462,4464,,,,,,,,,,,completed,
16183,4464,4465,,,,,,,,,,,completed,
16184,4465,4466,,,,,,,,,,,completed,
16185,4466,4467,,,,,,,,,,,completed,
16187,4467,4468,,,,,,,,,,,completed,
16189,4468,4469,,,,,,,,,,,completed,
16191,4469,4470,,,,,,,,,,,completed,
16192,4470,4471,,,,,,,,,,,completed,
16193,4471,4472,,,,,,,,,,,completed,
16195,4472,4473,,,,,,,,,,,completed,
16196,4473,4475,,,,,,,,,,,completed,
16197,4475,4476,,,,,,,,,,,completed,
16199,4476,4477,,,,,,,,,,,completed,
16200,4477,4478,,,,,,,,,,,completed,
16201,4478,4479,,,,,,,,,,,completed,
16202,4479,4481,,,,,,,,,,,completed,
16203,4481,4482,,,,,,,,,,,completed,
16205,4482,4483,,,,,,,,,,,completed,
16206,4483,4484,,,,,,,,,,,completed,
16207,4484,4485,,,,,,,,,,,completed,
16208,4485,4486,,,,,,,,,,,completed,
16209,4486,4487,,,,,,,,,,,completed,
16210,4487,4488,,,,,,,,,,,completed,
16211,4488,4489,,,,,,,,,,,completed,
16212,4489,4490,,,,,,,,,,,completed,
16213,4490,4491,,,,,,,,,,,completed,
16214,4491,4492,,,,,,,,,,,completed,
16215,4492,4493,,,,,,,,,,,completed,
16216,4493,4494,,,,,,,,,,,completed,
16217,4494,4495,,,,,,,,,,,completed,
16219,4495,4496,,,,,,,,,,,completed,
16221,4496,4497,,,,,,,,,,,completed,
16222,4497,4498,,,,,,,,,,,completed,
16223,4498,4499,,,,,,,,,,,completed,
16224,4499,4500,,,,,,,,,,,completed,
16225,4500,4501,,,,,,,,,,,completed,
16226,4501,4502,,,,,,,,,,,completed,
16227,4502,4503,,,,,,,,,,,completed,
16229,4503,4506,,,,,,,,,,,completed,
16231,4506,4507,,,,,,,,,,,completed,
16232,4507,4508,,,,,,,,,,,completed,
16234,4508,4509,,,,,,,,,,,completed,
16236,4509,4510,,,,,,,,,,,completed,
16237,4510,4511,,,,,,,,,,,completed,
16238,4511,4512,,,,,,,,,,,completed,
16239,4512,4514,,,,,,,,,,,completed,
16240,4514,4515,,,,,,,,,,,completed,
16241,4515,4516,,,,,,,,,,,completed,
16242,4516,4517,,,,,,,,,,,completed,
16243,4517,4519,,,,,,,,,,,completed,
16244,4519,4520,,,,,,,,,,,completed,
16245,4520,4521,,,,,,,,,,,completed,
16246,4521,4522,,,,,,,,,,,completed,
16247,4522,4523,,,,,,,,,,,completed,
16248,4523,4524,,,,,,,,,,,completed,
16249,4524,4525,,,,,,,,,,,completed,
16250,4525,4527,,,,,,,,,,,completed,
16252,4527,4528,,,,,,,,,,,completed,
16253,4528,4529,,,,,,,,,,,completed,
16254,4529,4530,,,,,,,,,,,completed,
16255,4530,4531,,,,,,,,,,,completed,
16256,4531,4532,,,,,,,,,,,completed,
16257,4532,4533,,,,,,,,,,,completed,
16258,4533,4534,,,,,,,,,,,completed,
16259,4534,4535,,,,,,,,,,,completed,
16262,4535,4536,,,,,,,,,,,completed,
16263,4536,4538,,,,,,,,,,,completed,
16264,4538,4539,,,,,,,,,,,completed,
16267,4539,4540,,,,,,,,,,,completed,
16268,4540,4541,,,,,,,,,,,completed,
16271,4541,4542,,,,,,,,,,,completed,
16273,4542,4543,,,,,,,,,,,completed,
16274,4543,4544,,,,,,,,,,,completed,
16275,4544,4545,,,,,,,,,,,completed,
16276,4545,4546,,,,,,,,,,,completed,
16278,4546,4548,,,,,,,,,,,completed,
16279,4548,4549,,,,,,,,,,,completed,
16280,4549,4550,,,,,,,,,,,completed,
16281,4550,4551,,,,,,,,,,,completed,
16283,4551,4552,,,,,,,,,,,completed,
16285,4552,4553,,,,,,,,,,,completed,
16286,4553,4554,,,,,,,,,,,completed,
16288,4554,4555,,,,,,,,,,,completed,
16290,4555,4556,,,,,,,,,,,completed,
16291,4556,4557,,,,,,,,,,,completed,
16292,4557,4558,,,,,,,,,,,completed,
16293,4558,4561,,,,,,,,,,,completed,
16295,4561,4562,,,,,,,,,,,completed,
16296,4562,4563,,,,,,,,,,,completed,
16298,4563,4564,,,,,,,,,,,completed,
16299,4564,4565,,,,,,,,,,,completed,
16301,4565,4566,,,,,,,,,,,completed,
16302,4566,4567,,,,,,,,,,,completed,
16303,4567,4568,,,,,,,,,,,completed,
16304,4568,4569,,,,,,,,,,,completed,
16306,4569,4570,,,,,,,,,,,completed,
16307,4570,4571,,,,,,,,,,,completed,
16308,4571,4572,,,,,,,,,,,completed,
16309,4572,4573,,,,,,,,,,,completed,
16310,4573,4574,,,,,,,,,,,completed,
16311,4574,4575,,,,,,,,,,,completed,
16312,4575,4576,,,,,,,,,,,completed,
16313,4576,4577,,,,,,,,,,,completed,
16314,4577,4578,,,,,,,,,,,completed,
16315,4578,4580,,,,,,,,,,,completed,
16316,4580,4581,,,,,,,,,,,completed,
16317,4581,4582,,,,,,,,,,,completed,
16318,4582,4583,,,,,,,,,,,completed,
16320,4583,4585,,,,,,,,,,,completed,
16321,4585,4586,,,,,,,,,,,completed,
16322,4586,4587,,,,,,,,,,,completed,
16323,4587,4588,,,,,,,,,,,completed,
16324,4588,4589,,,,,,,,,,,completed,
16325,4589,4590,,,,,,,,,,,completed,
16326,4590,4591,,,,,,,,,,,completed,
16327,4591,4592,,,,,,,,,,,completed,
16328,4592,4593,,,,,,,,,,,completed,
16330,4593,4594,,,,,,,,,,,completed,
16331,4594,4595,,,,,,,,,,,completed,
16332,4595,4596,,,,,,,,,,,completed,
16333,4596,4597,,,,,,,,,,,completed,
16334,4597,4598,,,,,,,,,,,completed,
16336,4598,4599,,,,,,,,,,,completed,
16338,4599,4600,,,,,,,,,,,completed,
16339,4600,4602,,,,,,,,,,,completed,
16340,4602,4603,,,,,,,,,,,completed,
16341,4603,4604,,,,,,,,,,,completed,
16343,4604,4605,,,,,,,,,,,completed,
16344,4605,4606,,,,,,,,,,,completed,
16346,4606,4607,,,,,,,,,,,completed,
16349,4607,4608,,,,,,,,,,,completed,
16350,4608,4609,,,,,,,,,,,completed,
16351,4609,4610,,,,,,,,,,,completed,
16353,4610,4611,,,,,,,,,,,completed,
16354,4611,4612,,,,,,,,,,,completed,
16355,4612,4613,,,,,,,,,,,completed,
16356,4613,4614,,,,,,,,,,,completed,
16360,4614,4615,,,,,,,,,,,completed,
16361,4615,4616,,,,,,,,,,,completed,
16362,4616,4617,,,,,,,,,,,completed,
16363,4617,4618,,,,,,,,,,,completed,
16364,4618,4619,,,,,,,,,,,completed,
16366,4619,4620,,,,,,,,,,,completed,
16367,4620,4621,,,,,,,,,,,completed,
16368,4621,4622,,,,,,,,,,,completed,
16369,4622,4623,,,,,,,,,,,completed,
16370,4623,4624,,,,,,,,,,,completed,
16371,4624,4625,,,,,,,,,,,completed,
16372,4625,4626,,,,,,,,,,,completed,
16373,4626,4627,,,,,,,,,,,completed,
16375,4627,4628,,,,,,,,,,,completed,
16377,4628,4630,,,,,,,,,,,completed,
16378,4630,4631,,,,,,,,,,,completed,
16379,4631,4632,,,,,,,,,,,completed,
16380,4632,4633,,,,,,,,,,,completed,
16381,4633,4634,,,,,,,,,,,completed,
16382,4634,4635,,,,,,,,,,,completed,
16383,4635,4637,,,,,,,,,,,completed,
16384,4637,4638,,,,,,,,,,,completed,
16385,4638,4639,,,,,,,,,,,completed,
16386,4639,4640,,,,,,,,,,,completed,
16387,4640,4641,,,,,,,,,,,completed,
16388,4641,4642,,,,,,,,,,,completed,
16389,4642,4643,,,,,,,,,,,completed,
16392,4643,4644,,,,,,,,,,,completed,
16393,4644,4645,,,,,,,,,,,completed,
16394,4645,4646,,,,,,,,,,,completed,
16396,4646,4647,,,,,,,,,,,completed,
16397,4647,4648,,,,,,,,,,,completed,
16398,4648,4649,,,,,,,,,,,completed,
16400,4649,4650,,,,,,,,,,,completed,
16401,4650,4651,,,,,,,,,,,completed,
16402,4651,4652,,,,,,,,,,,completed,
16403,4652,4653,,,,,,,,,,,completed,
16404,4653,4654,,,,,,,,,,,completed,
16406,4654,4655,,,,,,,,,,,completed,
16407,4655,4656,,,,,,,,,,,completed,
16408,4656,4657,,,,,,,,,,,completed,
16409,4657,4658,,,,,,,,,,,completed,
16410,4658,4659,,,,,,,,,,,completed,
16411,4659,4660,,,,,,,,,,,completed,
16412,4660,4661,,,,,,,,,,,completed,
16413,4661,4662,,,,,,,,,,,completed,
16415,4662,4663,,,,,,,,,,,completed,
16416,4663,4664,,,,,,,,,,,completed,
16418,4664,4665,,,,,,,,,,,completed,
16419,4665,4666,,,,,,,,,,,completed,
16420,4666,4667,,,,,,,,,,,completed,
16421,4667,4669,,,,,,,,,,,completed,
16423,4669,4670,,,,,,,,,,,completed,
16424,4670,4672,,,,,,,,,,,completed,
16426,4672,4673,,,,,,,,,,,completed,
16427,4673,4674,,,,,,,,,,,completed,
16428,4674,4675,,,,,,,,,,,completed,
16429,4675,4676,,,,,,,,,,,completed,
16430,4676,4677,,,,,,,,,,,completed,
16431,4677,4678,,,,,,,,,,,completed,
16432,4678,4679,,,,,,,,,,,completed,
16433,4679,4680,,,,,,,,,,,completed,
16434,4680,4681,,,,,,,,,,,completed,
16435,4681,4682,,,,,,,,,,,completed,
16436,4682,4686,,,,,,,,,,,completed,
16437,4686,4687,,,,,,,,,,,completed,
16438,4687,4690,,,,,,,,,,,completed,
16439,4690,4691,,,,,,,,,,,completed,
16440,4691,4692,,,,,,,,,,,completed,
16441,4692,4693,,,,,,,,,,,completed,
16442,4693,4694,,,,,,,,,,,completed,
16443,4694,4695,,,,,,,,,,,completed,
16444,4695,4696,,,,,,,,,,,completed,
16446,4696,4697,,,,,,,,,,,completed,
16447,4697,4698,,,,,,,,,,,completed,
16448,4698,4699,,,,,,,,,,,completed,
16449,4699,4700,,,,,,,,,,,completed,
16450,4700,4701,,,,,,,,,,,completed,
16451,4701,4702,,,,,,,,,,,completed,
16452,4702,4703,,,,,,,,,,,completed,
16453,4703,4705,,,,,,,,,,,completed,
16454,4705,4706,,,,,,,,,,,completed,
16455,4706,4707,,,,,,,,,,,completed,
16456,4707,4708,,,,,,,,,,,completed,
16457,4708,4709,,,,,,,,,,,completed,
16458,4709,4711,,,,,,,,,,,completed,
16459,4711,4712,,,,,,,,,,,completed,
16460,4712,4714,,,,,,,,,,,completed,
16461,4714,4715,,,,,,,,,,,completed,
16462,4715,4716,,,,,,,,,,,completed,
16463,4716,4717,,,,,,,,,,,completed,
16464,4717,4718,,,,,,,,,,,completed,
16466,4718,4719,,,,,,,,,,,completed,
16467,4719,4720,,,,,,,,,,,completed,
16468,4720,4721,,,,,,,,,,,completed,
16471,4721,4722,,,,,,,,,,,completed,
16472,4722,4723,,,,,,,,,,,completed,
16473,4723,4724,,,,,,,,,,,completed,
16474,4724,4725,,,,,,,,,,,completed,
16475,4725,4726,,,,,,,,,,,completed,
16476,4726,4727,,,,,,,,,,,completed,
16477,4727,4728,,,,,,,,,,,completed,
16478,4728,4729,,,,,,,,,,,completed,
16479,4729,4730,,,,,,,,,,,completed,
16481,4730,4731,,,,,,,,,,,completed,
16483,4731,4732,,,,,,,,,,,completed,
16484,4732,4733,,,,,,,,,,,completed,
16485,4733,4734,,,,,,,,,,,completed,
16486,4734,4735,,,,,,,,,,,completed,
16487,4735,4736,,,,,,,,,,,completed,
16489,4736,4737,,,,,,,,,,,completed,
16490,4737,4738,,,,,,,,,,,completed,
16491,4738,4739,,,,,,,,,,,completed,
16493,4739,4740,,,,,,,,,,,completed,
16494,4740,4741,,,,,,,,,,,completed,
16496,4741,4742,,,,,,,,,,,completed,
16498,4742,4743,,,,,,,,,,,completed,
16499,4743,4744,,,,,,,,,,,completed,
16500,4744,4745,,,,,,,,,,,completed,
16501,4745,4746,,,,,,,,,,,completed,
16502,4746,4747,,,,,,,,,,,completed,
16503,4747,4748,,,,,,,,,,,completed,
16504,4748,4749,,,,,,,,,,,completed,
16505,4749,4750,,,,,,,,,,,completed,
16506,4750,4751,,,,,,,,,,,completed,
16507,4751,4752,,,,,,,,,,,completed,
16508,4752,4753,,,,,,,,,,,completed,
16509,4753,4754,,,,,,,,,,,completed,
16510,4754,4755,,,,,,,,,,,completed,
16514,4755,4756,,,,,,,,,,,completed,
16515,4756,4757,,,,,,,,,,,completed,
16518,4757,4758,,,,,,,,,,,completed,
16519,4758,4759,,,,,,,,,,,completed,
16520,4759,4760,,,,,,,,,,,completed,
16521,4760,4761,,,,,,,,,,,completed,
16522,4761,4762,,,,,,,,,,,completed,
16523,4762,4763,,,,,,,,,,,completed,
16524,4763,4764,,,,,,,,,,,completed,
16526,4764,4765,,,,,,,,,,,completed,
16527,4765,4766,,,,,,,,,,,completed,
16531,4766,4767,,,,,,,,,,,completed,
16532,4767,4768,,,,,,,,,,,completed,
16533,4768,4770,,,,,,,,,,,completed,
16534,4770,4771,,,,,,,,,,,completed,
16535,4771,4772,,,,,,,,,,,completed,
16536,4772,4773,,,,,,,,,,,completed,
16537,4773,4774,,,,,,,,,,,completed,
16538,4774,4775,,,,,,,,,,,completed,
16539,4775,4776,,,,,,,,,,,completed,
16540,4776,4777,,,,,,,,,,,completed,
16541,4777,4778,,,,,,,,,,,completed,
16543,4778,4779,,,,,,,,,,,completed,
16544,4779,4780,,,,,,,,,,,completed,
16546,4780,4781,,,,,,,,,,,completed,
16547,4781,4782,,,,,,,,,,,completed,
16549,4782,4784,,,,,,,,,,,completed,
16550,4784,4785,,,,,,,,,,,completed,
16551,4785,4786,,,,,,,,,,,completed,
16552,4786,4787,,,,,,,,,,,completed,
16553,4787,4788,,,,,,,,,,,completed,
16554,4788,4789,,,,,,,,,,,completed,
16555,4789,4790,,,,,,,,,,,completed,
16556,4790,4791,,,,,,,,,,,completed,
16557,4791,4792,,,,,,,,,,,completed,
16558,4792,4793,,,,,,,,,,,completed,
16559,4793,4794,,,,,,,,,,,completed,
16560,4794,4795,,,,,,,,,,,completed,
16561,4795,4796,,,,,,,,,,,completed,
16562,4796,4797,,,,,,,,,,,completed,
16563,4797,4798,,,,,,,,,,,completed,
16564,4798,4799,,,,,,,,,,,completed,
16566,4799,4800,,,,,,,,,,,completed,
16568,4800,4801,,,,,,,,,,,completed,
16569,4801,4802,,,,,,,,,,,completed,
16570,4802,4803,,,,,,,,,,,completed,
16572,4803,4804,,,,,,,,,,,completed,
16573,4804,4805,,,,,,,,,,,completed,
16574,4805,4806,,,,,,,,,,,completed,
16576,4806,4807,,,,,,,,,,,completed,
16578,4807,4808,,,,,,,,,,,completed,
16579,4808,4809,,,,,,,,,,,completed,
16580,4809,4810,,,,,,,,,,,completed,
16581,4810,4811,,,,,,,,,,,completed,
16582,4811,4812,,,,,,,,,,,completed,
16584,4812,4813,,,,,,,,,,,completed,
16585,4813,4814,,,,,,,,,,,completed,
16588,4814,4815,,,,,,,,,,,completed,
16589,4815,4816,,,,,,,,,,,completed,
16590,4816,4817,,,,,,,,,,,completed,
16591,4817,4818,,,,,,,,,,,completed,
16592,4818,4820,,,,,,,,,,,completed,
16593,4820,4821,,,,,,,,,,,completed,
16594,4821,4822,,,,,,,,,,,completed,
16595,4822,4824,,,,,,,,,,,completed,
16596,4824,4825,,,,,,,,,,,completed,
16597,4825,4826,,,,,,,,,,,completed,
16598,4826,4827,,,,,,,,,,,completed,
16600,4827,4828,,,,,,,,,,,completed,
16602,4828,4829,,,,,,,,,,,completed,
16606,4829,4830,,,,,,,,,,,completed,
16607,4830,4831,,,,,,,,,,,completed,
16608,4831,4832,,,,,,,,,,,completed,
16609,4832,4833,,,,,,,,,,,completed,
16610,4833,4834,,,,,,,,,,,completed,
16611,4834,4835,,,,,,,,,,,completed,
16613,4835,4836,,,,,,,,,,,completed,
16614,4836,4837,,,,,,,,,,,completed,
16615,4837,4838,,,,,,,,,,,completed,
16616,4838,4839,,,,,,,,,,,completed,
16618,4839,4840,,,,,,,,,,,completed,
16619,4840,4841,,,,,,,,,,,completed,
16620,4841,4842,,,,,,,,,,,completed,
16622,4842,4843,,,,,,,,,,,completed,
16623,4843,4844,,,,,,,,,,,completed,
16624,4844,4845,,,,,,,,,,,completed,
16625,4845,4846,,,,,,,,,,,completed,
16626,4846,4847,,,,,,,,,,,completed,
16627,4847,4848,,,,,,,,,,,completed,
16628,4848,4850,,,,,,,,,,,completed,
16629,4850,4851,,,,,,,,,,,completed,
16632,4851,4852,,,,,,,,,,,completed,
16633,4852,4853,,,,,,,,,,,completed,
16634,4853,4854,,,,,,,,,,,completed,
16635,4854,4855,,,,,,,,,,,completed,
16637,4855,4856,,,,,,,,,,,completed,
16638,4856,4857,,,,,,,,,,,completed,
16639,4857,4858,,,,,,,,,,,completed,
16640,4858,4859,,,,,,,,,,,completed,
16641,4859,4860,,,,,,,,,,,completed,
16642,4860,4861,,,,,,,,,,,completed,
16643,4861,4862,,,,,,,,,,,completed,
16645,4862,4863,,,,,,,,,,,completed,
16646,4863,4864,,,,,,,,,,,completed,
16647,4864,4865,,,,,,,,,,,completed,
16648,4865,4866,,,,,,,,,,,completed,
16649,4866,4867,,,,,,,,,,,completed,
16650,4867,4868,,,,,,,,,,,completed,
16651,4868,4869,,,,,,,,,,,completed,
16652,4869,4870,,,,,,,,,,,completed,
16654,4870,4871,,,,,,,,,,,completed,
16655,4871,4872,,,,,,,,,,,completed,
16656,4872,4873,,,,,,,,,,,completed,
16657,4873,4875,,,,,,,,,,,completed,
16658,4875,4876,,,,,,,,,,,completed,
16659,4876,4877,,,,,,,,,,,completed,
16660,4877,4878,,,,,,,,,,,completed,
16662,4878,4880,,,,,,,,,,,completed,
16663,4880,4881,,,,,,,,,,,completed,
16665,4881,4882,,,,,,,,,,,completed,
16666,4882,4883,,,,,,,,,,,completed,
16667,4883,4884,,,,,,,,,,,completed,
16668,4884,4885,,,,,,,,,,,completed,
16669,4885,4886,,,,,,,,,,,completed,
16670,4886,4888,,,,,,,,,,,completed,
16672,4888,4889,,,,,,,,,,,completed,
16673,4889,4890,,,,,,,,,,,completed,
16674,4890,4891,,,,,,,,,,,completed,
16676,4891,4892,,,,,,,,,,,completed,
16677,4892,4893,,,,,,,,,,,completed,
16678,4893,4894,,,,,,,,,,,completed,
16680,4894,4895,,,,,,,,,,,completed,
16682,4895,4896,,,,,,,,,,,completed,
16684,4896,4897,,,,,,,,,,,completed,
16685,4897,4898,,,,,,,,,,,completed,
16686,4898,4899,,,,,,,,,,,completed,
16687,4899,4900,,,,,,,,,,,completed,
16688,4900,4901,,,,,,,,,,,completed,
16689,4901,4902,,,,,,,,,,,completed,
16692,4902,4903,,,,,,,,,,,completed,
16693,4903,4905,,,,,,,,,,,completed,
16695,4905,4906,,,,,,,,,,,completed,
16696,4906,4907,,,,,,,,,,,completed,
16697,4907,4908,,,,,,,,,,,completed,
16698,4908,4909,,,,,,,,,,,completed,
16699,4909,4910,,,,,,,,,,,completed,
16700,4910,4911,,,,,,,,,,,completed,
16701,4911,4912,,,,,,,,,,,completed,
16704,4912,4913,,,,,,,,,,,completed,
16706,4913,4914,,,,,,,,,,,completed,
16707,4914,4915,,,,,,,,,,,completed,
16708,4915,4916,,,,,,,,,,,completed,
16709,4916,4917,,,,,,,,,,,completed,
16710,4917,4919,,,,,,,,,,,completed,
16711,4919,4920,,,,,,,,,,,completed,
16712,4920,4921,,,,,,,,,,,completed,
16713,4921,4922,,,,,,,,,,,completed,
16714,4922,4923,,,,,,,,,,,completed,
16715,4923,4924,,,,,,,,,,,completed,
16716,4924,4925,,,,,,,,,,,completed,
16717,4925,4926,,,,,,,,,,,completed,
16718,4926,4927,,,,,,,,,,,completed,
16719,4927,4928,,,,,,,,,,,completed,
16721,4928,4929,,,,,,,,,,,completed,
16722,4929,4930,,,,,,,,,,,completed,
16723,4930,4931,,,,,,,,,,,completed,
16724,4931,4933,,,,,,,,,,,completed,
16725,4933,4934,,,,,,,,,,,completed,
16727,4934,4935,,,,,,,,,,,completed,
16728,4935,4937,,,,,,,,,,,completed,
16729,4937,4938,,,,,,,,,,,completed,
16730,4938,4939,,,,,,,,,,,completed,
16731,4939,4940,,,,,,,,,,,completed,
16732,4940,4942,,,,,,,,,,,completed,
16733,4942,4943,,,,,,,,,,,completed,
16734,4943,4944,,,,,,,,,,,completed,
16735,4944,4945,,,,,,,,,,,completed,
16736,4945,4946,,,,,,,,,,,completed,
16738,4946,4947,,,,,,,,,,,completed,
16739,4947,4949,,,,,,,,,,,completed,
16740,4949,4951,,,,,,,,,,,completed,
16741,4951,4952,,,,,,,,,,,completed,
16742,4952,4953,,,,,,,,,,,completed,
16743,4953,4954,,,,,,,,,,,completed,
16744,4954,4955,,,,,,,,,,,completed,
16745,4955,4957,,,,,,,,,,,completed,
16746,4957,4959,,,,,,,,,,,completed,
16747,4959,4960,,,,,,,,,,,completed,
16748,4960,4961,,,,,,,,,,,completed,
16749,4961,4963,,,,,,,,,,,completed,
16750,4963,4964,,,,,,,,,,,completed,
16754,4964,4965,,,,,,,,,,,completed,
16755,4965,4966,,,,,,,,,,,completed,
16757,4966,4967,,,,,,,,,,,completed,
16758,4967,4968,,,,,,,,,,,completed,
16759,4968,4969,,,,,,,,,,,completed,
16761,4969,4970,,,,,,,,,,,completed,
16762,4970,4971,,,,,,,,,,,completed,
16763,4971,4972,,,,,,,,,,,completed,
16764,4972,4973,,,,,,,,,,,completed,
16765,4973,4974,,,,,,,,,,,completed,
16767,4974,4975,,,,,,,,,,,completed,
16768,4975,4976,,,,,,,,,,,completed,
16769,4976,4977,,,,,,,,,,,completed,
16770,4977,4978,,,,,,,,,,,completed,
16771,4978,4979,,,,,,,,,,,completed,
16772,4979,4980,,,,,,,,,,,completed,
16774,4980,4981,,,,,,,,,,,completed,
16775,4981,4982,,,,,,,,,,,completed,
16776,4982,4983,,,,,,,,,,,completed,
16777,4983,4984,,,,,,,,,,,completed,
16779,4984,4985,,,,,,,,,,,completed,
16780,4985,4986,,,,,,,,,,,completed,
16781,4986,4987,,,,,,,,,,,completed,
16782,4987,4988,,,,,,,,,,,completed,
16783,4988,4989,,,,,,,,,,,completed,
16784,4989,4990,,,,,,,,,,,completed,
16785,4990,4992,,,,,,,,,,,completed,
16786,4992,4993,,,,,,,,,,,completed,
16787,4993,4994,,,,,,,,,,,completed,
16789,4994,4995,,,,,,,,,,,completed,
16790,4995,4996,,,,,,,,,,,completed,
16791,4996,4997,,,,,,,,,,,completed,
16792,4997,4998,,,,,,,,,,,completed,
16793,4998,4999,,,,,,,,,,,completed,
16795,4999,5000,,,,,,,,,,,completed,
16796,5000,5001,,,,,,,,,,,completed,
16797,5001,5002,,,,,,,,,,,completed,
16799,5002,5003,,,,,,,,,,,completed,
16800,5003,5004,,,,,,,,,,,completed,
16801,5004,5005,,,,,,,,,,,completed,
16804,5005,5006,,,,,,,,,,,completed,
16805,5006,5007,,,,,,,,,,,completed,
16806,5007,5008,,,,,,,,,,,completed,
16808,5008,5009,,,,,,,,,,,completed,
16809,5009,5010,,,,,,,,,,,completed,
16810,5010,5011,,,,,,,,,,,completed,
16811,5011,5012,,,,,,,,,,,completed,
16813,5012,5013,,,,,,,,,,,completed,
16814,5013,5014,,,,,,,,,,,completed,
16816,5014,5015,,,,,,,,,,,completed,
16817,5015,5016,,,,,,,,,,,completed,
16818,5016,5017,,,,,,,,,,,completed,
16819,5017,5018,,,,,,,,,,,completed,
16820,5018,5019,,,,,,,,,,,completed,
16821,5019,5020,,,,,,,,,,,completed,
16827,5020,5021,,,,,,,,,,,completed,
16828,5021,5023,,,,,,,,,,,completed,
16829,5023,5024,,,,,,,,,,,completed,
16830,5024,5025,,,,,,,,,,,completed,
16832,5025,5026,,,,,,,,,,,completed,
16833,5026,5027,,,,,,,,,,,completed,
16834,5027,5028,,,,,,,,,,,completed,
16836,5028,5029,,,,,,,,,,,completed,
16837,5029,5030,,,,,,,,,,,completed,
16838,5030,5033,,,,,,,,,,,completed,
16839,5033,5034,,,,,,,,,,,completed,
16840,5034,5035,,,,,,,,,,,completed,
16841,5035,5036,,,,,,,,,,,completed,
16842,5036,5037,,,,,,,,,,,completed,
16843,5037,5038,,,,,,,,,,,completed,
16844,5038,5039,,,,,,,,,,,completed,
16846,5039,5040,,,,,,,,,,,completed,
16847,5040,5041,,,,,,,,,,,completed,
16848,5041,5043,,,,,,,,,,,completed,
16850,5043,5044,,,,,,,,,,,completed,
16851,5044,5045,,,,,,,,,,,completed,
16852,5045,5046,,,,,,,,,,,completed,
16853,5046,5047,,,,,,,,,,,completed,
16854,5047,5048,,,,,,,,,,,completed,
16855,5048,5049,,,,,,,,,,,completed,
16857,5049,5050,,,,,,,,,,,completed,
16858,5050,5051,,,,,,,,,,,completed,
16860,5051,5052,,,,,,,,,,,completed,
16861,5052,5053,,,,,,,,,,,completed,
16862,5053,5054,,,,,,,,,,,completed,
16864,5054,5055,,,,,,,,,,,completed,
16865,5055,5056,,,,,,,,,,,completed,
16866,5056,5057,,,,,,,,,,,completed,
16867,5057,5058,,,,,,,,,,,completed,
16868,5058,5060,,,,,,,,,,,completed,
16869,5060,5061,,,,,,,,,,,completed,
16870,5061,5062,,,,,,,,,,,completed,
16871,5062,5064,,,,,,,,,,,completed,
16872,5064,5065,,,,,,,,,,,completed,
16873,5065,5066,,,,,,,,,,,completed,
16874,5066,5067,,,,,,,,,,,completed,
16875,5067,5068,,,,,,,,,,,completed,
16876,5068,5069,,,,,,,,,,,completed,
16877,5069,5070,,,,,,,,,,,completed,
16879,5070,5072,,,,,,,,,,,completed,
16880,5072,5073,,,,,,,,,,,completed,
16882,5073,5074,,,,,,,,,,,completed,
16885,5074,5075,,,,,,,,,,,completed,
16886,5075,5077,,,,,,,,,,,completed,
16887,5077,5079,,,,,,,,,,,completed,
16889,5079,5082,,,,,,,,,,,completed,
16890,5082,5083,,,,,,,,,,,completed,
16891,5083,5085,,,,,,,,,,,completed,
16892,5085,5086,,,,,,,,,,,completed,
16893,5086,5087,,,,,,,,,,,completed,
16894,5087,5088,,,,,,,,,,,completed,
16895,5088,5089,,,,,,,,,,,completed,
16896,5089,5090,,,,,,,,,,,completed,
16898,5090,5091,,,,,,,,,,,completed,
16900,5091,5092,,,,,,,,,,,completed,
16901,5092,5094,,,,,,,,,,,completed,
16902,5094,5096,,,,,,,,,,,completed,
16904,5096,5097,,,,,,,,,,,completed,
16906,5097,5099,,,,,,,,,,,completed,
16908,5099,5100,,,,,,,,,,,completed,
16910,5100,5101,,,,,,,,,,,completed,
16911,5101,5102,,,,,,,,,,,completed,
16912,5102,5103,,,,,,,,,,,completed,
16914,5103,5104,,,,,,,,,,,completed,
16915,5104,5105,,,,,,,,,,,completed,
16916,5105,5107,,,,,,,,,,,completed,
16918,5107,5108,,,,,,,,,,,completed,
16920,5108,5109,,,,,,,,,,,completed,
16921,5109,5110,,,,,,,,,,,completed,
16922,5110,5111,,,,,,,,,,,completed,
16923,5111,5112,,,,,,,,,,,completed,
16924,5112,5113,,,,,,,,,,,completed,
16925,5113,5114,,,,,,,,,,,completed,
16926,5114,5115,,,,,,,,,,,completed,
16927,5115,5116,,,,,,,,,,,completed,
16928,5116,5117,,,,,,,,,,,completed,
16929,5117,5118,,,,,,,,,,,completed,
16930,5118,5119,,,,,,,,,,,completed,
16931,5119,5120,,,,,,,,,,,completed,
16932,5120,5121,,,,,,,,,,,completed,
16933,5121,5122,,,,,,,,,,,completed,
16936,5122,5123,,,,,,,,,,,completed,
16937,5123,5124,,,,,,,,,,,completed,
16938,5124,5125,,,,,,,,,,,completed,
16940,5125,5126,,,,,,,,,,,completed,
16941,5126,5127,,,,,,,,,,,completed,
16943,5127,5128,,,,,,,,,,,completed,
16945,5128,5129,,,,,,,,,,,completed,
16946,5129,5130,,,,,,,,,,,completed,
16947,5130,5131,,,,,,,,,,,completed,
16948,5131,5132,,,,,,,,,,,completed,
16949,5132,5133,,,,,,,,,,,completed,
16950,5133,5134,,,,,,,,,,,completed,
16951,5134,5135,,,,,,,,,,,completed,
16952,5135,5136,,,,,,,,,,,completed,
16953,5136,5137,,,,,,,,,,,completed,
16954,5137,5138,,,,,,,,,,,completed,
16955,5138,5139,,,,,,,,,,,completed,
16956,5139,5140,,,,,,,,,,,completed,
16957,5140,5141,,,,,,,,,,,completed,
16958,5141,5143,,,,,,,,,,,completed,
16960,5143,5144,,,,,,,,,,,completed,
16961,5144,5145,,,,,,,,,,,completed,
16962,5145,5147,,,,,,,,,,,completed,
16963,5147,5148,,,,,,,,,,,completed,
16965,5148,5149,,,,,,,,,,,completed,
16966,5149,5150,,,,,,,,,,,completed,
16967,5150,5151,,,,,,,,,,,completed,
16968,5151,5152,,,,,,,,,,,completed,
16969,5152,5154,,,,,,,,,,,completed,
16970,5154,5155,,,,,,,,,,,completed,
16971,5155,5156,,,,,,,,,,,completed,
16972,5156,5158,,,,,,,,,,,completed,
16975,5158,5159,,,,,,,,,,,completed,
16976,5159,5160,,,,,,,,,,,completed,
16977,5160,5161,,,,,,,,,,,completed,
16978,5161,5162,,,,,,,,,,,completed,
16979,5162,5163,,,,,,,,,,,completed,
16980,5163,5164,,,,,,,,,,,completed,
16983,5164,5165,,,,,,,,,,,completed,
16984,5165,5166,,,,,,,,,,,completed,
16987,5166,5167,,,,,,,,,,,completed,
16988,5167,5168,,,,,,,,,,,completed,
16989,5168,5169,,,,,,,,,,,completed,
16990,5169,5170,,,,,,,,,,,completed,
16991,5170,5171,,,,,,,,,,,completed,
16992,5171,5172,,,,,,,,,,,completed,
16993,5172,5173,,,,,,,,,,,completed,
16994,5173,5174,,,,,,,,,,,completed,
16996,5174,5175,,,,,,,,,,,completed,
16997,5175,5176,,,,,,,,,,,completed,
16998,5176,5177,,,,,,,,,,,completed,
16999,5177,5178,,,,,,,,,,,completed,
17000,5178,5179,,,,,,,,,,,completed,
17001,5179,5180,,,,,,,,,,,completed,
17002,5180,5181,,,,,,,,,,,completed,
17003,5181,5182,,,,,,,,,,,completed,
17004,5182,5183,,,,,,,,,,,completed,
17005,5183,5184,,,,,,,,,,,completed,
17006,5184,5185,,,,,,,,,,,completed,
17008,5185,5186,,,,,,,,,,,completed,
17009,5186,5187,,,,,,,,,,,completed,
17010,5187,5188,,,,,,,,,,,completed,
17011,5188,5189,,,,,,,,,,,completed,
17012,5189,5190,,,,,,,,,,,completed,
17013,5190,5191,,,,,,,,,,,completed,
17014,5191,5192,,,,,,,,,,,completed,
17015,5192,5193,,,,,,,,,,,completed,
17016,5193,5194,,,,,,,,,,,completed,
17017,5194,5195,,,,,,,,,,,completed,
17018,5195,5196,,,,,,,,,,,completed,
17019,5196,5197,,,,,,,,,,,completed,
17020,5197,5198,,,,,,,,,,,completed,
17021,5198,5199,,,,,,,,,,,completed,
17022,5199,5200,,,,,,,,,,,completed,
17024,5200,5201,,,,,,,,,,,completed,
17025,5201,5202,,,,,,,,,,,completed,
17026,5202,5203,,,,,,,,,,,completed,
17027,5203,5204,,,,,,,,,,,completed,
17028,5204,5205,,,,,,,,,,,completed,
17029,5205,5206,,,,,,,,,,,completed,
17030,5206,5207,,,,,,,,,,,completed,
17031,5207,5208,,,,,,,,,,,completed,
17032,5208,5209,,,,,,,,,,,completed,
17033,5209,5210,,,,,,,,,,,completed,
17034,5210,5211,,,,,,,,,,,completed,
17035,5211,5212,,,,,,,,,,,completed,
17036,5212,5213,,,,,,,,,,,completed,
17037,5213,5214,,,,,,,,,,,completed,
17038,5214,5215,,,,,,,,,,,completed,
17039,5215,5216,,,,,,,,,,,completed,
17040,5216,5218,,,,,,,,,,,completed,
17041,5218,5219,,,,,,,,,,,completed,
17042,5219,5220,,,,,,,,,,,completed,
17044,5220,5221,,,,,,,,,,,completed,
17045,5221,5223,,,,,,,,,,,completed,
17046,5223,5224,,,,,,,,,,,completed,
17047,5224,5225,,,,,,,,,,,completed,
17048,5225,5226,,,,,,,,,,,completed,
17049,5226,5227,,,,,,,,,,,completed,
17050,5227,5228,,,,,,,,,,,completed,
17051,5228,5229,,,,,,,,,,,completed,
17052,5229,5230,,,,,,,,,,,completed,
17053,5230,5231,,,,,,,,,,,completed,
17054,5231,5232,,,,,,,,,,,completed,
17055,5232,5233,,,,,,,,,,,completed,
17056,5233,5234,,,,,,,,,,,completed,
17057,5234,5235,,,,,,,,,,,completed,
17059,5235,5236,,,,,,,,,,,completed,
17061,5236,5237,,,,,,,,,,,completed,
17062,5237,5238,,,,,,,,,,,completed,
17063,5238,5239,,,,,,,,,,,completed,
17064,5239,5240,,,,,,,,,,,completed,
17068,5240,5241,,,,,,,,,,,completed,
17069,5241,5242,,,,,,,,,,,completed,
17070,5242,5243,,,,,,,,,,,completed,
17071,5243,5244,,,,,,,,,,,completed,
17072,5244,5245,,,,,,,,,,,completed,
17073,5245,5247,,,,,,,,,,,completed,
17074,5247,5248,,,,,,,,,,,completed,
17075,5248,5250,,,,,,,,,,,completed,
17076,5250,5251,,,,,,,,,,,completed,
17077,5251,5252,,,,,,,,,,,completed,
17078,5252,5253,,,,,,,,,,,completed,
17079,5253,5254,,,,,,,,,,,completed,
17080,5254,5255,,,,,,,,,,,completed,
17081,5255,5256,,,,,,,,,,,completed,
17083,5256,5257,,,,,,,,,,,completed,
17084,5257,5258,,,,,,,,,,,completed,
17085,5258,5259,,,,,,,,,,,completed,
17086,5259,5261,,,,,,,,,,,completed,
17087,5261,5262,,,,,,,,,,,completed,
17088,5262,5263,,,,,,,,,,,completed,
17092,5263,5264,,,,,,,,,,,completed,
17093,5264,5265,,,,,,,,,,,completed,
17094,5265,5266,,,,,,,,,,,completed,
17095,5266,5267,,,,,,,,,,,completed,
17096,5267,5268,,,,,,,,,,,completed,
17097,5268,5269,,,,,,,,,,,completed,
17098,5269,5270,,,,,,,,,,,completed,
17099,5270,5271,,,,,,,,,,,completed,
17101,5271,5272,,,,,,,,,,,completed,
17102,5272,5273,,,,,,,,,,,completed,
17103,5273,5274,,,,,,,,,,,completed,
17104,5274,5275,,,,,,,,,,,completed,
17105,5275,5277,,,,,,,,,,,completed,
17106,5277,5278,,,,,,,,,,,completed,
17107,5278,5279,,,,,,,,,,,completed,
17108,5279,5280,,,,,,,,,,,completed,
17109,5280,5281,,,,,,,,,,,completed,
17110,5281,5282,,,,,,,,,,,completed,
17111,5282,5283,,,,,,,,,,,completed,
17112,5283,5284,,,,,,,,,,,completed,
17113,5284,5285,,,,,,,,,,,completed,
17114,5285,5286,,,,,,,,,,,completed,
17115,5286,5287,,,,,,,,,,,completed,
17116,5287,5288,,,,,,,,,,,completed,
17117,5288,5289,,,,,,,,,,,completed,
17118,5289,5290,,,,,,,,,,,completed,
17119,5290,5291,,,,,,,,,,,completed,
17120,5291,5292,,,,,,,,,,,completed,
17121,5292,5293,,,,,,,,,,,completed,
17122,5293,5294,,,,,,,,,,,completed,
17124,5294,5295,,,,,,,,,,,completed,
17125,5295,5296,,,,,,,,,,,completed,
17126,5296,5297,,,,,,,,,,,completed,
17128,5297,5298,,,,,,,,,,,completed,
17129,5298,5299,,,,,,,,,,,completed,
17130,5299,5300,,,,,,,,,,,completed,
17131,5300,5301,,,,,,,,,,,completed,
17135,5301,5302,,,,,,,,,,,completed,
17136,5302,5303,,,,,,,,,,,completed,
17137,5303,5305,,,,,,,,,,,completed,
17139,5305,5306,,,,,,,,,,,completed,
17140,5306,5307,,,,,,,,,,,completed,
17141,5307,5308,,,,,,,,,,,completed,
17142,5308,5309,,,,,,,,,,,completed,
17148,5309,5310,,,,,,,,,,,completed,
17150,5310,5311,,,,,,,,,,,completed,
17152,5311,5312,,,,,,,,,,,completed,
17153,5312,5313,,,,,,,,,,,completed,
17154,5313,5314,,,,,,,,,,,completed,
17155,5314,5315,,,,,,,,,,,completed,
17156,5315,5316,,,,,,,,,,,completed,
17157,5316,5317,,,,,,,,,,,completed,
17158,5317,5318,,,,,,,,,,,completed,
17159,5318,5319,,,,,,,,,,,completed,
17160,5319,5320,,,,,,,,,,,completed,
17163,5320,5321,,,,,,,,,,,completed,
17166,5321,5322,,,,,,,,,,,completed,
17167,5322,5323,,,,,,,,,,,completed,
17168,5323,5324,,,,,,,,,,,completed,
17169,5324,5325,,,,,,,,,,,completed,
17171,5325,5326,,,,,,,,,,,completed,
17172,5326,5327,,,,,,,,,,,completed,
17173,5327,5328,,,,,,,,,,,completed,
17174,5328,5329,,,,,,,,,,,completed,
17175,5329,5330,,,,,,,,,,,completed,
17176,5330,5331,,,,,,,,,,,completed,
17177,5331,5332,,,,,,,,,,,completed,
17178,5332,5333,,,,,,,,,,,completed,
17180,5333,5335,,,,,,,,,,,completed,
17181,5335,5336,,,,,,,,,,,completed,
17182,5336,5337,,,,,,,,,,,completed,
17184,5337,5338,,,,,,,,,,,completed,
17185,5338,5339,,,,,,,,,,,completed,
17186,5339,5340,,,,,,,,,,,completed,
17187,5340,5342,,,,,,,,,,,completed,
17188,5342,5343,,,,,,,,,,,completed,
17189,5343,5344,,,,,,,,,,,completed,
17190,5344,5345,,,,,,,,,,,completed,
17191,5345,5346,,,,,,,,,,,completed,
17192,5346,5347,,,,,,,,,,,completed,
17193,5347,5349,,,,,,,,,,,completed,
17195,5349,5350,,,,,,,,,,,completed,
17198,5350,5351,,,,,,,,,,,completed,
17199,5351,5352,,,,,,,,,,,completed,
17201,5352,5353,,,,,,,,,,,completed,
17203,5353,5354,,,,,,,,,,,completed,
17204,5354,5355,,,,,,,,,,,completed,
17205,5355,5356,,,,,,,,,,,completed,
17206,5356,5357,,,,,,,,,,,completed,
17207,5357,5358,,,,,,,,,,,completed,
17208,5358,5359,,,,,,,,,,,completed,
17209,5359,5360,,,,,,,,,,,completed,
17210,5360,5361,,,,,,,,,,,completed,
17211,5361,5362,,,,,,,,,,,completed,
17212,5362,5363,,,,,,,,,,,completed,
17213,5363,5364,,,,,,,,,,,completed,
17214,5364,5365,,,,,,,,,,,completed,
17215,5365,5366,,,,,,,,,,,completed,
17216,5366,5367,,,,,,,,,,,completed,
17218,5367,5368,,,,,,,,,,,completed,
17219,5368,5369,,,,,,,,,,,completed,
17220,5369,5370,,,,,,,,,,,completed,
17223,5370,5371,,,,,,,,,,,completed,
17225,5371,5372,,,,,,,,,,,completed,
17226,5372,5373,,,,,,,,,,,completed,
17229,5373,5375,,,,,,,,,,,completed,
17232,5375,5376,,,,,,,,,,,completed,
17234,5376,5377,,,,,,,,,,,completed,
17235,5377,5378,,,,,,,,,,,completed,
17236,5378,5379,,,,,,,,,,,completed,
17237,5379,5380,,,,,,,,,,,completed,
17238,5380,5381,,,,,,,,,,,completed,
17239,5381,5382,,,,,,,,,,,completed,
17240,5382,5383,,,,,,,,,,,completed,
17242,5383,5384,,,,,,,,,,,completed,
17243,5384,5386,,,,,,,,,,,completed,
17244,5386,5387,,,,,,,,,,,completed,
17245,5387,5389,,,,,,,,,,,completed,
17246,5389,5390,,,,,,,,,,,completed,
17247,5390,5391,,,,,,,,,,,completed,
17248,5391,5392,,,,,,,,,,,completed,
17249,5392,5393,,,,,,,,,,,completed,
17250,5393,5394,,,,,,,,,,,completed,
17252,5394,5395,,,,,,,,,,,completed,
17253,5395,5396,,,,,,,,,,,completed,
17254,5396,5397,,,,,,,,,,,completed,
17255,5397,5398,,,,,,,,,,,completed,
17256,5398,5399,,,,,,,,,,,completed,
17257,5399,5400,,,,,,,,,,,completed,
17259,5400,5402,,,,,,,,,,,completed,
17260,5402,5403,,,,,,,,,,,completed,
17261,5403,5404,,,,,,,,,,,completed,
17264,5404,5405,,,,,,,,,,,completed,
17265,5405,5406,,,,,,,,,,,completed,
17266,5406,5407,,,,,,,,,,,completed,
17268,5407,5408,,,,,,,,,,,completed,
17269,5408,5410,,,,,,,,,,,completed,
17270,5410,5411,,,,,,,,,,,completed,
17271,5411,5412,,,,,,,,,,,completed,
17272,5412,5413,,,,,,,,,,,completed,
17275,5413,5414,,,,,,,,,,,completed,
17276,5414,5415,,,,,,,,,,,completed,
17277,5415,5416,,,,,,,,,,,completed,
17278,5416,5417,,,,,,,,,,,completed,
17279,5417,5418,,,,,,,,,,,completed,
17280,5418,5419,,,,,,,,,,,completed,
17282,5419,5420,,,,,,,,,,,completed,
17283,5420,5421,,,,,,,,,,,completed,
17284,5421,5422,,,,,,,,,,,completed,
17285,5422,5424,,,,,,,,,,,completed,
17286,5424,5425,,,,,,,,,,,completed,
17287,5425,5426,,,,,,,,,,,completed,
17288,5426,5427,,,,,,,,,,,completed,
17289,5427,5428,,,,,,,,,,,completed,
17290,5428,5429,,,,,,,,,,,completed,
17291,5429,5430,,,,,,,,,,,completed,
17293,5430,5431,,,,,,,,,,,completed,
17296,5431,5433,,,,,,,,,,,completed,
17297,5433,5434,,,,,,,,,,,completed,
17298,5434,5435,,,,,,,,,,,completed,
17299,5435,5436,,,,,,,,,,,completed,
17300,5436,5437,,,,,,,,,,,completed,
17301,5437,5439,,,,,,,,,,,completed,
17302,5439,5440,,,,,,,,,,,completed,
17303,5440,5441,,,,,,,,,,,completed,
17304,5441,5442,,,,,,,,,,,completed,
17305,5442,5443,,,,,,,,,,,completed,
17306,5443,5444,,,,,,,,,,,completed,
17307,5444,5445,,,,,,,,,,,completed,
17308,5445,5446,,,,,,,,,,,completed,
17309,5446,5447,,,,,,,,,,,completed,
17310,5447,5448,,,,,,,,,,,completed,
17311,5448,5450,,,,,,,,,,,completed,
17312,5450,5451,,,,,,,,,,,completed,
17313,5451,5452,,,,,,,,,,,completed,
17314,5452,5453,,,,,,,,,,,completed,
17315,5453,5454,,,,,,,,,,,completed,
17316,5454,5455,,,,,,,,,,,completed,
17317,5455,5456,,,,,,,,,,,completed,
17318,5456,5457,,,,,,,,,,,completed,
17319,5457,5458,,,,,,,,,,,completed,
17320,5458,5459,,,,,,,,,,,completed,
17321,5459,5460,,,,,,,,,,,completed,
17322,5460,5461,,,,,,,,,,,completed,
17323,5461,5462,,,,,,,,,,,completed,
17324,5462,5463,,,,,,,,,,,completed,
17325,5463,5464,,,,,,,,,,,completed,
17326,5464,5465,,,,,,,,,,,completed,
17327,5465,5466,,,,,,,,,,,completed,
17328,5466,5467,,,,,,,,,,,completed,
17329,5467,5468,,,,,,,,,,,completed,
17330,5468,5469,,,,,,,,,,,completed,
17331,5469,5470,,,,,,,,,,,completed,
17332,5470,5471,,,,,,,,,,,completed,
17333,5471,5472,,,,,,,,,,,completed,
17334,5472,5473,,,,,,,,,,,completed,
17335,5473,5475,,,,,,,,,,,completed,
17336,5475,5476,,,,,,,,,,,completed,
17337,5476,5477,,,,,,,,,,,completed,
17338,5477,5478,,,,,,,,,,,completed,
17339,5478,5479,,,,,,,,,,,completed,
17340,5479,5480,,,,,,,,,,,completed,
17341,5480,5481,,,,,,,,,,,completed,
17342,5481,5482,,,,,,,,,,,completed,
17344,5482,5483,,,,,,,,,,,completed,
17345,5483,5484,,,,,,,,,,,completed,
17346,5484,5485,,,,,,,,,,,completed,
17347,5485,5486,,,,,,,,,,,completed,
17348,5486,5487,,,,,,,,,,,completed,
17349,5487,5488,,,,,,,,,,,completed,
17351,5488,5489,,,,,,,,,,,completed,
17354,5489,5490,,,,,,,,,,,completed,
17355,5490,5491,,,,,,,,,,,completed,
17356,5491,5492,,,,,,,,,,,completed,
17357,5492,5493,,,,,,,,,,,completed,
17358,5493,5494,,,,,,,,,,,completed,
17359,5494,5495,,,,,,,,,,,completed,
17360,5495,5496,,,,,,,,,,,completed,
17361,5496,5497,,,,,,,,,,,completed,
17362,5497,5498,,,,,,,,,,,completed,
17364,5498,5499,,,,,,,,,,,completed,
17365,5499,5500,,,,,,,,,,,completed,
17366,5500,5501,,,,,,,,,,,completed,
17370,5501,5502,,,,,,,,,,,completed,
17371,5502,5504,,,,,,,,,,,completed,
17372,5504,5505,,,,,,,,,,,completed,
17373,5505,5506,,,,,,,,,,,completed,
17374,5506,5507,,,,,,,,,,,completed,
17375,5507,5508,,,,,,,,,,,completed,
17378,5508,5509,,,,,,,,,,,completed,
17379,5509,5510,,,,,,,,,,,completed,
17380,5510,5511,,,,,,,,,,,completed,
17381,5511,5514,,,,,,,,,,,completed,
17382,5514,5515,,,,,,,,,,,completed,
17383,5515,5516,,,,,,,,,,,completed,
17384,5516,5517,,,,,,,,,,,completed,
17385,5517,5518,,,,,,,,,,,completed,
17388,5518,5519,,,,,,,,,,,completed,
17389,5519,5520,,,,,,,,,,,completed,
17390,5520,5521,,,,,,,,,,,completed,
17391,5521,5522,,,,,,,,,,,completed,
17392,5522,5523,,,,,,,,,,,completed,
17395,5523,5525,,,,,,,,,,,completed,
17396,5525,5526,,,,,,,,,,,completed,
17397,5526,5527,,,,,,,,,,,completed,
17398,5527,5528,,,,,,,,,,,completed,
17399,5528,5529,,,,,,,,,,,completed,
17400,5529,5530,,,,,,,,,,,completed,
17401,5530,5531,,,,,,,,,,,completed,
17402,5531,5533,,,,,,,,,,,completed,
17404,5533,5534,,,,,,,,,,,completed,
17406,5534,5535,,,,,,,,,,,completed,
17407,5535,5536,,,,,,,,,,,completed,
17408,5536,5537,,,,,,,,,,,completed,
17410,5537,5538,,,,,,,,,,,completed,
17411,5538,5539,,,,,,,,,,,completed,
17415,5539,5540,,,,,,,,,,,completed,
17417,5540,5541,,,,,,,,,,,completed,
17418,5541,5542,,,,,,,,,,,completed,
17419,5542,5543,,,,,,,,,,,completed,
17420,5543,5544,,,,,,,,,,,completed,
17421,5544,5546,,,,,,,,,,,completed,
17422,5546,5548,,,,,,,,,,,completed,
17423,5548,5549,,,,,,,,,,,completed,
17424,5549,5550,,,,,,,,,,,completed,
17425,5550,5551,,,,,,,,,,,completed,
17426,5551,5552,,,,,,,,,,,completed,
17427,5552,5553,,,,,,,,,,,completed,
17428,5553,5554,,,,,,,,,,,completed,
17429,5554,5555,,,,,,,,,,,completed,
17431,5555,5558,,,,,,,,,,,completed,
17432,5558,5559,,,,,,,,,,,completed,
17433,5559,5560,,,,,,,,,,,completed,
17434,5560,5561,,,,,,,,,,,completed,
17436,5561,5562,,,,,,,,,,,completed,
17437,5562,5563,,,,,,,,,,,completed,
17438,5563,5564,,,,,,,,,,,completed,
17439,5564,5565,,,,,,,,,,,completed,
17440,5565,5566,,,,,,,,,,,completed,
17441,5566,5567,,,,,,,,,,,completed,
17442,5567,5568,,,,,,,,,,,completed,
17443,5568,5569,,,,,,,,,,,completed,
17444,5569,5570,,,,,,,,,,,completed,
17446,5570,5574,,,,,,,,,,,completed,
17450,5574,5575,,,,,,,,,,,completed,
17451,5575,5576,,,,,,,,,,,completed,
17452,5576,5578,,,,,,,,,,,completed,
17454,5578,5579,,,,,,,,,,,completed,
17456,5579,5580,,,,,,,,,,,completed,
17457,5580,5581,,,,,,,,,,,completed,
17458,5581,5582,,,,,,,,,,,completed,
17460,5582,5583,,,,,,,,,,,completed,
17461,5583,5584,,,,,,,,,,,completed,
17463,5584,5585,,,,,,,,,,,completed,
17464,5585,5587,,,,,,,,,,,completed,
17465,5587,5588,,,,,,,,,,,completed,
17467,5588,5589,,,,,,,,,,,completed,
17468,5589,5590,,,,,,,,,,,completed,
17469,5590,5591,,,,,,,,,,,completed,
17470,5591,5594,,,,,,,,,,,completed,
17471,5594,5595,,,,,,,,,,,completed,
17472,5595,5597,,,,,,,,,,,completed,
17474,5597,5598,,,,,,,,,,,completed,
17475,5598,5599,,,,,,,,,,,completed,
17476,5599,5600,,,,,,,,,,,completed,
17477,5600,5601,,,,,,,,,,,completed,
17478,5601,5602,,,,,,,,,,,completed,
17480,5602,5603,,,,,,,,,,,completed,
17482,5603,5604,,,,,,,,,,,completed,
17483,5604,5605,,,,,,,,,,,completed,
17484,5605,5606,,,,,,,,,,,completed,
17485,5606,5608,,,,,,,,,,,completed,
17486,5608,5610,,,,,,,,,,,completed,
17487,5610,5611,,,,,,,,,,,completed,
17489,5611,5613,,,,,,,,,,,completed,
17490,5613,5614,,,,,,,,,,,completed,
17491,5614,5616,,,,,,,,,,,completed,
17492,5616,5617,,,,,,,,,,,completed,
17493,5617,5618,,,,,,,,,,,completed,
17495,5618,5619,,,,,,,,,,,completed,
17496,5619,5620,,,,,,,,,,,completed,
17497,5620,5621,,,,,,,,,,,completed,
17498,5621,5623,,,,,,,,,,,completed,
17499,5623,5624,,,,,,,,,,,completed,
17500,5624,5625,,,,,,,,,,,completed,
17501,5625,5626,,,,,,,,,,,completed,
17503,5626,5628,,,,,,,,,,,completed,
17504,5628,5629,,,,,,,,,,,completed,
17506,5629,5631,,,,,,,,,,,completed,
17507,5631,5632,,,,,,,,,,,completed,
17508,5632,5633,,,,,,,,,,,completed,
17512,5633,5634,,,,,,,,,,,completed,
17513,5634,5635,,,,,,,,,,,completed,
17514,5635,5636,,,,,,,,,,,completed,
17515,5636,5637,,,,,,,,,,,completed,
17516,5637,5638,,,,,,,,,,,completed,
17517,5638,5639,,,,,,,,,,,completed,
17518,5639,5640,,,,,,,,,,,completed,
17520,5640,5641,,,,,,,,,,,completed,
17521,5641,5642,,,,,,,,,,,completed,
17522,5642,5643,,,,,,,,,,,completed,
17523,5643,5644,,,,,,,,,,,completed,
17525,5644,5645,,,,,,,,,,,completed,
17527,5645,5646,,,,,,,,,,,completed,
17528,5646,5647,,,,,,,,,,,completed,
17529,5647,5649,,,,,,,,,,,completed,
17530,5649,5650,,,,,,,,,,,completed,
17532,5650,5651,,,,,,,,,,,completed,
17533,5651,5652,,,,,,,,,,,completed,
17535,5652,5653,,,,,,,,,,,completed,
17537,5653,5654,,,,,,,,,,,completed,
17538,5654,5655,,,,,,,,,,,completed,
17539,5655,5656,,,,,,,,,,,completed,
17540,5656,5657,,,,,,,,,,,completed,
17541,5657,5658,,,,,,,,,,,completed,
17542,5658,5659,,,,,,,,,,,completed,
17543,5659,5660,,,,,,,,,,,completed,
17545,5660,5661,,,,,,,,,,,completed,
17546,5661,5662,,,,,,,,,,,completed,
17547,5662,5663,,,,,,,,,,,completed,
17548,5663,5664,,,,,,,,,,,completed,
17549,5664,5665,,,,,,,,,,,completed,
17550,5665,5666,,,,,,,,,,,completed,
17551,5666,5667,,,,,,,,,,,completed,
17552,5667,5668,,,,,,,,,,,completed,
17553,5668,5669,,,,,,,,,,,completed,
17555,5669,5670,,,,,,,,,,,completed,
17556,5670,5671,,,,,,,,,,,completed,
17557,5671,5672,,,,,,,,,,,completed,
17558,5672,5673,,,,,,,,,,,completed,
17559,5673,5674,,,,,,,,,,,completed,
17560,5674,5675,,,,,,,,,,,completed,
17561,5675,5676,,,,,,,,,,,completed,
17562,5676,5677,,,,,,,,,,,completed,
17563,5677,5678,,,,,,,,,,,completed,
17565,5678,5679,,,,,,,,,,,completed,
17566,5679,5680,,,,,,,,,,,completed,
17568,5680,5681,,,,,,,,,,,completed,
17569,5681,5682,,,,,,,,,,,completed,
17573,5682,5683,,,,,,,,,,,completed,
17574,5683,5684,,,,,,,,,,,completed,
17575,5684,5685,,,,,,,,,,,completed,
17576,5685,5686,,,,,,,,,,,completed,
17577,5686,5687,,,,,,,,,,,completed,
17578,5687,5688,,,,,,,,,,,completed,
17579,5688,5689,,,,,,,,,,,completed,
17580,5689,5691,,,,,,,,,,,completed,
17581,5691,5692,,,,,,,,,,,completed,
17582,5692,5693,,,,,,,,,,,completed,
17583,5693,5694,,,,,,,,,,,completed,
17584,5694,5695,,,,,,,,,,,completed,
17585,5695,5696,,,,,,,,,,,completed,
17586,5696,5697,,,,,,,,,,,completed,
17587,5697,5698,,,,,,,,,,,completed,
17588,5698,5699,,,,,,,,,,,completed,
17590,5699,5700,,,,,,,,,,,completed,
17591,5700,5701,,,,,,,,,,,completed,
17592,5701,5702,,,,,,,,,,,completed,
17593,5702,5703,,,,,,,,,,,completed,
17594,5703,5704,,,,,,,,,,,completed,
17595,5704,5705,,,,,,,,,,,completed,
17596,5705,5706,,,,,,,,,,,completed,
17597,5706,5707,,,,,,,,,,,completed,
17598,5707,5708,,,,,,,,,,,completed,
17600,5708,5709,,,,,,,,,,,completed,
17601,5709,5710,,,,,,,,,,,completed,
17603,5710,5714,,,,,,,,,,,completed,
17605,5714,5715,,,,,,,,,,,completed,
17608,5715,5716,,,,,,,,,,,completed,
17609,5716,5717,,,,,,,,,,,completed,
17611,5717,5718,,,,,,,,,,,completed,
17613,5718,5720,,,,,,,,,,,completed,
17614,5720,5721,,,,,,,,,,,completed,
17615,5721,5722,,,,,,,,,,,completed,
17616,5722,5723,,,,,,,,,,,completed,
17617,5723,5724,,,,,,,,,,,completed,
17618,5724,5725,,,,,,,,,,,completed,
17619,5725,5726,,,,,,,,,,,completed,
17620,5726,5727,,,,,,,,,,,completed,
17621,5727,5730,,,,,,,,,,,completed,
17622,5730,5731,,,,,,,,,,,completed,
17624,5731,5732,,,,,,,,,,,completed,
17626,5732,5733,,,,,,,,,,,completed,
17627,5733,5734,,,,,,,,,,,completed,
17628,5734,5735,,,,,,,,,,,completed,
17629,5735,5737,,,,,,,,,,,completed,
17630,5737,5738,,,,,,,,,,,completed,
17631,5738,5740,,,,,,,,,,,completed,
17632,5740,5741,,,,,,,,,,,completed,
17633,5741,5742,,,,,,,,,,,completed,
17635,5742,5743,,,,,,,,,,,completed,
17637,5743,5744,,,,,,,,,,,completed,
17638,5744,5745,,,,,,,,,,,completed,
17639,5745,5746,,,,,,,,,,,completed,
17640,5746,5747,,,,,,,,,,,completed,
17642,5747,5748,,,,,,,,,,,completed,
17643,5748,5749,,,,,,,,,,,completed,
17644,5749,5750,,,,,,,,,,,completed,
17646,5750,5751,,,,,,,,,,,completed,
17648,5751,5753,,,,,,,,,,,completed,
17649,5753,5754,,,,,,,,,,,completed,
17650,5754,5755,,,,,,,,,,,completed,
17651,5755,5756,,,,,,,,,,,completed,
17652,5756,5757,,,,,,,,,,,completed,
17653,5757,5758,,,,,,,,,,,completed,
17654,5758,5759,,,,,,,,,,,completed,
17655,5759,5760,,,,,,,,,,,completed,
17656,5760,5761,,,,,,,,,,,completed,
17657,5761,5762,,,,,,,,,,,completed,
17658,5762,5763,,,,,,,,,,,completed,
17659,5763,5764,,,,,,,,,,,completed,
17660,5764,5765,,,,,,,,,,,completed,
17661,5765,5766,,,,,,,,,,,completed,
17662,5766,5767,,,,,,,,,,,completed,
17663,5767,5768,,,,,,,,,,,completed,
17665,5768,5769,,,,,,,,,,,completed,
17666,5769,5770,,,,,,,,,,,completed,
17667,5770,5771,,,,,,,,,,,completed,
17668,5771,5772,,,,,,,,,,,completed,
17669,5772,5773,,,,,,,,,,,completed,
17670,5773,5774,,,,,,,,,,,completed,
17671,5774,5775,,,,,,,,,,,completed,
17672,5775,5776,,,,,,,,,,,completed,
17673,5776,5778,,,,,,,,,,,completed,
17674,5778,5779,,,,,,,,,,,completed,
17675,5779,5780,,,,,,,,,,,completed,
17676,5780,5781,,,,,,,,,,,completed,
17677,5781,5782,,,,,,,,,,,completed,
17678,5782,5783,,,,,,,,,,,completed,
17679,5783,5784,,,,,,,,,,,completed,
17680,5784,5785,,,,,,,,,,,completed,
17681,5785,5786,,,,,,,,,,,completed,
17682,5786,5787,,,,,,,,,,,completed,
17683,5787,5788,,,,,,,,,,,completed,
17684,5788,5790,,,,,,,,,,,completed,
17687,5790,5791,,,,,,,,,,,completed,
17688,5791,5792,,,,,,,,,,,completed,
17689,5792,5793,,,,,,,,,,,completed,
17690,5793,5794,,,,,,,,,,,completed,
17691,5794,5795,,,,,,,,,,,completed,
17692,5795,5796,,,,,,,,,,,completed,
17694,5796,5797,,,,,,,,,,,completed,
17697,5797,5798,,,,,,,,,,,completed,
17698,5798,5799,,,,,,,,,,,completed,
17701,5799,5800,,,,,,,,,,,completed,
17702,5800,5801,,,,,,,,,,,completed,
17703,5801,5802,,,,,,,,,,,completed,
17704,5802,5803,,,,,,,,,,,completed,
17705,5803,5804,,,,,,,,,,,completed,
17707,5804,5805,,,,,,,,,,,completed,
17708,5805,5806,,,,,,,,,,,completed,
17709,5806,5807,,,,,,,,,,,completed,
17711,5807,5808,,,,,,,,,,,completed,
17713,5808,5809,,,,,,,,,,,completed,
17714,5809,5810,,,,,,,,,,,completed,
17716,5810,5811,,,,,,,,,,,completed,
17718,5811,5812,,,,,,,,,,,completed,
17719,5812,5813,,,,,,,,,,,completed,
17721,5813,5814,,,,,,,,,,,completed,
17722,5814,5815,,,,,,,,,,,completed,
17724,5815,5816,,,,,,,,,,,completed,
17725,5816,5817,,,,,,,,,,,completed,
17726,5817,5818,,,,,,,,,,,completed,
17727,5818,5820,,,,,,,,,,,completed,
17728,5820,5821,,,,,,,,,,,completed,
17729,5821,5822,,,,,,,,,,,completed,
17730,5822,5823,,,,,,,,,,,completed,
17731,5823,5824,,,,,,,,,,,completed,
17733,5824,5825,,,,,,,,,,,completed,
17735,5825,5826,,,,,,,,,,,completed,
17736,5826,5827,,,,,,,,,,,completed,
17738,5827,5828,,,,,,,,,,,completed,
17739,5828,5829,,,,,,,,,,,completed,
17740,5829,5830,,,,,,,,,,,completed,
17741,5830,5831,,,,,,,,,,,completed,
17743,5831,5832,,,,,,,,,,,completed,
17744,5832,5833,,,,,,,,,,,completed,
17745,5833,5834,,,,,,,,,,,completed,
17746,5834,5835,,,,,,,,,,,completed,
17747,5835,5838,,,,,,,,,,,completed,
17750,5838,5840,,,,,,,,,,,completed,
17751,5840,5841,,,,,,,,,,,completed,
17752,5841,5842,,,,,,,,,,,completed,
17753,5842,5844,,,,,,,,,,,completed,
17754,5844,5845,,,,,,,,,,,completed,
17755,5845,5846,,,,,,,,,,,completed,
17756,5846,5847,,,,,,,,,,,completed,
17757,5847,5849,,,,,,,,,,,completed,
17758,5849,5850,,,,,,,,,,,completed,
17762,5850,5851,,,,,,,,,,,completed,
17763,5851,5852,,,,,,,,,,,completed,
17766,5852,5853,,,,,,,,,,,completed,
17767,5853,5854,,,,,,,,,,,completed,
17768,5854,5855,,,,,,,,,,,completed,
17770,5855,5856,,,,,,,,,,,completed,
17771,5856,5857,,,,,,,,,,,completed,
17772,5857,5858,,,,,,,,,,,completed,
17774,5858,5859,,,,,,,,,,,completed,
17775,5859,5860,,,,,,,,,,,completed,
17780,5860,5861,,,,,,,,,,,completed,
17781,5861,5862,,,,,,,,,,,completed,
17782,5862,5863,,,,,,,,,,,completed,
17783,5863,5864,,,,,,,,,,,completed,
17784,5864,5865,,,,,,,,,,,completed,
17785,5865,5866,,,,,,,,,,,completed,
17787,5866,5867,,,,,,,,,,,completed,
17788,5867,5868,,,,,,,,,,,completed,
17789,5868,5871,,,,,,,,,,,completed,
17792,5871,5872,,,,,,,,,,,completed,
17794,5872,5873,,,,,,,,,,,completed,
17795,5873,5874,,,,,,,,,,,completed,
17796,5874,5875,,,,,,,,,,,completed,
17797,5875,5876,,,,,,,,,,,completed,
17799,5876,5877,,,,,,,,,,,completed,
17802,5877,5878,,,,,,,,,,,completed,
17803,5878,5879,,,,,,,,,,,completed,
17804,5879,5880,,,,,,,,,,,completed,
17805,5880,5881,,,,,,,,,,,completed,
17806,5881,5882,,,,,,,,,,,completed,
17807,5882,5883,,,,,,,,,,,completed,
17808,5883,5884,,,,,,,,,,,completed,
17809,5884,5885,,,,,,,,,,,completed,
17810,5885,5886,,,,,,,,,,,completed,
17811,5886,5887,,,,,,,,,,,completed,
17812,5887,5888,,,,,,,,,,,completed,
17813,5888,5889,,,,,,,,,,,completed,
17815,5889,5890,,,,,,,,,,,completed,
17816,5890,5891,,,,,,,,,,,completed,
17817,5891,5892,,,,,,,,,,,completed,
17818,5892,5893,,,,,,,,,,,completed,
17819,5893,5894,,,,,,,,,,,completed,
17820,5894,5896,,,,,,,,,,,completed,
17821,5896,5897,,,,,,,,,,,completed,
17822,5897,5899,,,,,,,,,,,completed,
17823,5899,5900,,,,,,,,,,,completed,
17824,5900,5902,,,,,,,,,,,completed,
17825,5902,5903,,,,,,,,,,,completed,
17826,5903,5904,,,,,,,,,,,completed,
17827,5904,5905,,,,,,,,,,,completed,
17828,5905,5906,,,,,,,,,,,completed,
17829,5906,5907,,,,,,,,,,,completed,
17830,5907,5908,,,,,,,,,,,completed,
17831,5908,5909,,,,,,,,,,,completed,
17832,5909,5910,,,,,,,,,,,completed,
17834,5910,5911,,,,,,,,,,,completed,
17835,5911,5912,,,,,,,,,,,completed,
17837,5912,5913,,,,,,,,,,,completed,
17838,5913,5914,,,,,,,,,,,completed,
17839,5914,5915,,,,,,,,,,,completed,
17840,5915,5916,,,,,,,,,,,completed,
17841,5916,5917,,,,,,,,,,,completed,
17843,5917,5918,,,,,,,,,,,completed,
17845,5918,5919,,,,,,,,,,,completed,
17846,5919,5920,,,,,,,,,,,completed,
17847,5920,5922,,,,,,,,,,,completed,
17848,5922,5923,,,,,,,,,,,completed,
17849,5923,5925,,,,,,,,,,,completed,
17850,5925,5926,,,,,,,,,,,completed,
17851,5926,5927,,,,,,,,,,,completed,
17852,5927,5928,,,,,,,,,,,completed,
17853,5928,5929,,,,,,,,,,,completed,
17854,5929,5930,,,,,,,,,,,completed,
17856,5930,5931,,,,,,,,,,,completed,
17859,5931,5932,,,,,,,,,,,completed,
17860,5932,5933,,,,,,,,,,,completed,
17861,5933,5934,,,,,,,,,,,completed,
17862,5934,5935,,,,,,,,,,,completed,
17863,5935,5937,,,,,,,,,,,completed,
17864,5937,5938,,,,,,,,,,,completed,
17865,5938,5941,,,,,,,,,,,completed,
17866,5941,5942,,,,,,,,,,,completed,
17867,5942,5943,,,,,,,,,,,completed,
17868,5943,5944,,,,,,,,,,,completed,
17870,5944,5945,,,,,,,,,,,completed,
17871,5945,5946,,,,,,,,,,,completed,
17872,5946,5947,,,,,,,,,,,completed,
17873,5947,5948,,,,,,,,,,,completed,
17874,5948,5949,,,,,,,,,,,completed,
17875,5949,5950,,,,,,,,,,,completed,
17876,5950,5951,,,,,,,,,,,completed,
17877,5951,5952,,,,,,,,,,,completed,
17878,5952,5953,,,,,,,,,,,completed,
17883,5953,5954,,,,,,,,,,,completed,
17884,5954,5955,,,,,,,,,,,completed,
17885,5955,5956,,,,,,,,,,,completed,
17886,5956,5957,,,,,,,,,,,completed,
17888,5957,5958,,,,,,,,,,,completed,
17889,5958,5959,,,,,,,,,,,completed,
17891,5959,5960,,,,,,,,,,,completed,
17893,5960,5961,,,,,,,,,,,completed,
17896,5961,5962,,,,,,,,,,,completed,
17897,5962,5963,,,,,,,,,,,completed,
17900,5963,5964,,,,,,,,,,,completed,
17901,5964,5965,,,,,,,,,,,completed,
17902,5965,5966,,,,,,,,,,,completed,
17903,5966,5967,,,,,,,,,,,completed,
17904,5967,5968,,,,,,,,,,,completed,
17905,5968,5969,,,,,,,,,,,completed,
17906,5969,5970,,,,,,,,,,,completed,
17907,5970,5971,,,,,,,,,,,completed,
17908,5971,5972,,,,,,,,,,,completed,
17909,5972,5973,,,,,,,,,,,completed,
17910,5973,5974,,,,,,,,,,,completed,
17911,5974,5976,,,,,,,,,,,completed,
17912,5976,5977,,,,,,,,,,,completed,
17914,5977,5978,,,,,,,,,,,completed,
17915,5978,5979,,,,,,,,,,,completed,
17916,5979,5980,,,,,,,,,,,completed,
17918,5980,5981,,,,,,,,,,,completed,
17919,5981,5982,,,,,,,,,,,completed,
17920,5982,5983,,,,,,,,,,,completed,
17921,5983,5984,,,,,,,,,,,completed,
17922,5984,5985,,,,,,,,,,,completed,
17923,5985,5986,,,,,,,,,,,completed,
17924,5986,5987,,,,,,,,,,,completed,
17926,5987,5988,,,,,,,,,,,completed,
17927,5988,5989,,,,,,,,,,,completed,
17928,5989,5990,,,,,,,,,,,completed,
17931,5990,5991,,,,,,,,,,,completed,
17933,5991,5992,,,,,,,,,,,completed,
17934,5992,5993,,,,,,,,,,,completed,
17937,5993,5994,,,,,,,,,,,completed,
17938,5994,5995,,,,,,,,,,,completed,
17939,5995,5996,,,,,,,,,,,completed,
17941,5996,5997,,,,,,,,,,,completed,
17942,5997,5998,,,,,,,,,,,completed,
17944,5998,5999,,,,,,,,,,,completed,
17945,5999,6000,,,,,,,,,,,completed,
17946,6000,6001,,,,,,,,,,,completed,
17949,6001,6002,,,,,,,,,,,completed,
17950,6002,6003,,,,,,,,,,,completed,
17952,6003,6004,,,,,,,,,,,completed,
17953,6004,6005,,,,,,,,,,,completed,
17955,6005,6006,,,,,,,,,,,completed,
17956,6006,6007,,,,,,,,,,,completed,
17958,6007,6008,,,,,,,,,,,completed,
17959,6008,6009,,,,,,,,,,,completed,
17960,6009,6010,,,,,,,,,,,completed,
17961,6010,6011,,,,,,,,,,,completed,
17962,6011,6012,,,,,,,,,,,completed,
17963,6012,6013,,,,,,,,,,,completed,
17964,6013,6014,,,,,,,,,,,completed,
17965,6014,6015,,,,,,,,,,,completed,
17966,6015,6016,,,,,,,,,,,completed,
17967,6016,6017,,,,,,,,,,,completed,
17970,6017,6018,,,,,,,,,,,completed,
17971,6018,6019,,,,,,,,,,,completed,
17972,6019,6020,,,,,,,,,,,completed,
17974,6020,6021,,,,,,,,,,,completed,
17975,6021,6022,,,,,,,,,,,completed,
17976,6022,6024,,,,,,,,,,,completed,
17977,6024,6025,,,,,,,,,,,completed,
17978,6025,6026,,,,,,,,,,,completed,
17979,6026,6028,,,,,,,,,,,completed,
17980,6028,6029,,,,,,,,,,,completed,
17981,6029,6030,,,,,,,,,,,completed,
17983,6030,6031,,,,,,,,,,,completed,
17984,6031,6032,,,,,,,,,,,completed,
17986,6032,6033,,,,,,,,,,,completed,
17989,6033,6034,,,,,,,,,,,completed,
17990,6034,6035,,,,,,,,,,,completed,
17991,6035,6036,,,,,,,,,,,completed,
17992,6036,6038,,,,,,,,,,,completed,
17993,6038,6039,,,,,,,,,,,completed,
17994,6039,6040,,,,,,,,,,,completed,
17995,6040,6041,,,,,,,,,,,completed,
17996,6041,6042,,,,,,,,,,,completed,
17997,6042,6043,,,,,,,,,,,completed,
17998,6043,6044,,,,,,,,,,,completed,
17999,6044,6045,,,,,,,,,,,completed,
18001,6045,6046,,,,,,,,,,,completed,
18002,6046,6047,,,,,,,,,,,completed,
18004,6047,6048,,,,,,,,,,,completed,
18006,6048,6049,,,,,,,,,,,completed,
18007,6049,6050,,,,,,,,,,,completed,
18008,6050,6051,,,,,,,,,,,completed,
18010,6051,6052,,,,,,,,,,,completed,
18011,6052,6053,,,,,,,,,,,completed,
18012,6053,6054,,,,,,,,,,,completed,
18013,6054,6055,,,,,,,,,,,completed,
18014,6055,6056,,,,,,,,,,,completed,
18015,6056,6057,,,,,,,,,,,completed,
18016,6057,6058,,,,,,,,,,,completed,
18018,6058,6059,,,,,,,,,,,completed,
18019,6059,6060,,,,,,,,,,,completed,
18020,6060,6061,,,,,,,,,,,completed,
18021,6061,6062,,,,,,,,,,,completed,
18022,6062,6063,,,,,,,,,,,completed,
18023,6063,6064,,,,,,,,,,,completed,
18024,6064,6065,,,,,,,,,,,completed,
18025,6065,6066,,,,,,,,,,,completed,
18026,6066,6067,,,,,,,,,,,completed,
18027,6067,6068,,,,,,,,,,,completed,
18028,6068,6069,,,,,,,,,,,completed,
18029,6069,6070,,,,,,,,,,,completed,
18030,6070,6071,,,,,,,,,,,completed,
18031,6071,6072,,,,,,,,,,,completed,
18032,6072,6073,,,,,,,,,,,completed,
18033,6073,6074,,,,,,,,,,,completed,
18034,6074,6076,,,,,,,,,,,completed,
18035,6076,6078,,,,,,,,,,,completed,
18036,6078,6079,,,,,,,,,,,completed,
18037,6079,6080,,,,,,,,,,,completed,
18038,6080,6081,,,,,,,,,,,completed,
18039,6081,6082,,,,,,,,,,,completed,
18040,6082,6083,,,,,,,,,,,completed,
18042,6083,6084,,,,,,,,,,,completed,
18043,6084,6085,,,,,,,,,,,completed,
18044,6085,6086,,,,,,,,,,,completed,
18045,6086,6087,,,,,,,,,,,completed,
18047,6087,6088,,,,,,,,,,,completed,
18048,6088,6089,,,,,,,,,,,completed,
18050,6089,6090,,,,,,,,,,,completed,
18052,6090,6091,,,,,,,,,,,completed,
18054,6091,6093,,,,,,,,,,,completed,
18056,6093,6094,,,,,,,,,,,completed,
18057,6094,6096,,,,,,,,,,,completed,
18058,6096,6097,,,,,,,,,,,completed,
18059,6097,6098,,,,,,,,,,,completed,
18060,6098,6099,,,,,,,,,,,completed,
18061,6099,6100,,,,,,,,,,,completed,
18063,6100,6101,,,,,,,,,,,completed,
18065,6101,6102,,,,,,,,,,,completed,
18066,6102,6103,,,,,,,,,,,completed,
18067,6103,6104,,,,,,,,,,,completed,
18068,6104,6105,,,,,,,,,,,completed,
18069,6105,6106,,,,,,,,,,,completed,
18070,6106,6107,,,,,,,,,,,completed,
18073,6107,6108,,,,,,,,,,,completed,
18075,6108,6109,,,,,,,,,,,completed,
18076,6109,6110,,,,,,,,,,,completed,
18077,6110,6111,,,,,,,,,,,completed,
18078,6111,6112,,,,,,,,,,,completed,
18079,6112,6113,,,,,,,,,,,completed,
18080,6113,6114,,,,,,,,,,,completed,
18081,6114,6115,,,,,,,,,,,completed,
18083,6115,6116,,,,,,,,,,,completed,
18084,6116,6117,,,,,,,,,,,completed,
18085,6117,6118,,,,,,,,,,,completed,
18086,6118,6119,,,,,,,,,,,completed,
18087,6119,6120,,,,,,,,,,,completed,
18090,6120,6121,,,,,,,,,,,completed,
18091,6121,6122,,,,,,,,,,,completed,
18092,6122,6123,,,,,,,,,,,completed,
18093,6123,6124,,,,,,,,,,,completed,
18094,6124,6125,,,,,,,,,,,completed,
18095,6125,6126,,,,,,,,,,,completed,
18096,6126,6127,,,,,,,,,,,completed,
18097,6127,6128,,,,,,,,,,,completed,
18098,6128,6129,,,,,,,,,,,completed,
18099,6129,6130,,,,,,,,,,,completed,
18100,6130,6131,,,,,,,,,,,completed,
18101,6131,6132,,,,,,,,,,,completed,
18102,6132,6133,,,,,,,,,,,completed,
18103,6133,6134,,,,,,,,,,,completed,
18104,6134,6135,,,,,,,,,,,completed,
18105,6135,6137,,,,,,,,,,,completed,
18106,6137,6138,,,,,,,,,,,completed,
18107,6138,6139,,,,,,,,,,,completed,
18109,6139,6140,,,,,,,,,,,completed,
18110,6140,6141,,,,,,,,,,,completed,
18111,6141,6142,,,,,,,,,,,completed,
18112,6142,6143,,,,,,,,,,,completed,
18113,6143,6144,,,,,,,,,,,completed,
18114,6144,6145,,,,,,,,,,,completed,
18115,6145,6146,,,,,,,,,,,completed,
18116,6146,6149,,,,,,,,,,,completed,
18117,6149,6150,,,,,,,,,,,completed,
18118,6150,6151,,,,,,,,,,,completed,
18119,6151,6152,,,,,,,,,,,completed,
18120,6152,6153,,,,,,,,,,,completed,
18121,6153,6154,,,,,,,,,,,completed,
18122,6154,6155,,,,,,,,,,,completed,
18123,6155,6156,,,,,,,,,,,completed,
18125,6156,6157,,,,,,,,,,,completed,
18126,6157,6158,,,,,,,,,,,completed,
18127,6158,6159,,,,,,,,,,,completed,
18130,6159,6162,,,,,,,,,,,completed,
18131,6162,6163,,,,,,,,,,,completed,
18134,6163,6164,,,,,,,,,,,completed,
18135,6164,6165,,,,,,,,,,,completed,
18136,6165,6166,,,,,,,,,,,completed,
18137,6166,6167,,,,,,,,,,,completed,
18138,6167,6168,,,,,,,,,,,completed,
18139,6168,6170,,,,,,,,,,,completed,
18140,6170,6171,,,,,,,,,,,completed,
18141,6171,6172,,,,,,,,,,,completed,
18143,6172,6173,,,,,,,,,,,completed,
18145,6173,6174,,,,,,,,,,,completed,
18146,6174,6175,,,,,,,,,,,completed,
18147,6175,6176,,,,,,,,,,,completed,
18148,6176,6178,,,,,,,,,,,completed,
18149,6178,6179,,,,,,,,,,,completed,
18151,6179,6180,,,,,,,,,,,completed,
18152,6180,6181,,,,,,,,,,,completed,
18153,6181,6182,,,,,,,,,,,completed,
18154,6182,6183,,,,,,,,,,,completed,
18155,6183,6184,,,,,,,,,,,completed,
18156,6184,6186,,,,,,,,,,,completed,
18157,6186,6188,,,,,,,,,,,completed,
18158,6188,6189,,,,,,,,,,,completed,
18159,6189,6190,,,,,,,,,,,completed,
18160,6190,6191,,,,,,,,,,,completed,
18161,6191,6192,,,,,,,,,,,completed,
18163,6192,6193,,,,,,,,,,,completed,
18164,6193,6194,,,,,,,,,,,completed,
18165,6194,6195,,,,,,,,,,,completed,
18166,6195,6196,,,,,,,,,,,completed,
18168,6196,6197,,,,,,,,,,,completed,
18169,6197,6198,,,,,,,,,,,completed,
18170,6198,6199,,,,,,,,,,,completed,
18171,6199,6200,,,,,,,,,,,completed,
18172,6200,6201,,,,,,,,,,,completed,
18173,6201,6202,,,,,,,,,,,completed,
18176,6202,6203,,,,,,,,,,,completed,
18177,6203,6204,,,,,,,,,,,completed,
18178,6204,6205,,,,,,,,,,,completed,
18179,6205,6206,,,,,,,,,,,completed,
18180,6206,6207,,,,,,,,,,,completed,
18181,6207,6208,,,,,,,,,,,completed,
18183,6208,6210,,,,,,,,,,,completed,
18184,6210,6211,,,,,,,,,,,completed,
18185,6211,6212,,,,,,,,,,,completed,
18186,6212,6213,,,,,,,,,,,completed,
18187,6213,6214,,,,,,,,,,,completed,
18189,6214,6215,,,,,,,,,,,completed,
18191,6215,6216,,,,,,,,,,,completed,
18192,6216,6217,,,,,,,,,,,completed,
18193,6217,6218,,,,,,,,,,,completed,
18195,6218,6219,,,,,,,,,,,completed,
18196,6219,6220,,,,,,,,,,,completed,
18197,6220,6221,,,,,,,,,,,completed,
18198,6221,6222,,,,,,,,,,,completed,
18199,6222,6223,,,,,,,,,,,completed,
18200,6223,6224,,,,,,,,,,,completed,
18202,6224,6225,,,,,,,,,,,completed,
18203,6225,6226,,,,,,,,,,,completed,
18204,6226,6227,,,,,,,,,,,completed,
18205,6227,6228,,,,,,,,,,,completed,
18206,6228,6229,,,,,,,,,,,completed,
18207,6229,6230,,,,,,,,,,,completed,
18208,6230,6231,,,,,,,,,,,completed,
18209,6231,6232,,,,,,,,,,,completed,
18210,6232,6233,,,,,,,,,,,completed,
18211,6233,6234,,,,,,,,,,,completed,
18212,6234,6235,,,,,,,,,,,completed,
18213,6235,6236,,,,,,,,,,,completed,
18214,6236,6237,,,,,,,,,,,completed,
18215,6237,6238,,,,,,,,,,,completed,
18217,6238,6239,,,,,,,,,,,completed,
18219,6239,6240,,,,,,,,,,,completed,
18221,6240,6241,,,,,,,,,,,completed,
18222,6241,6243,,,,,,,,,,,completed,
18223,6243,6244,,,,,,,,,,,completed,
18224,6244,6245,,,,,,,,,,,completed,
18226,6245,6247,,,,,,,,,,,completed,
18227,6247,6248,,,,,,,,,,,completed,
18228,6248,6249,,,,,,,,,,,completed,
18229,6249,6251,,,,,,,,,,,completed,
18230,6251,6252,,,,,,,,,,,completed,
18231,6252,6254,,,,,,,,,,,completed,
18232,6254,6255,,,,,,,,,,,completed,
18233,6255,6256,,,,,,,,,,,completed,
18234,6256,6257,,,,,,,,,,,completed,
18235,6257,6258,,,,,,,,,,,completed,
18236,6258,6259,,,,,,,,,,,completed,
18237,6259,6261,,,,,,,,,,,completed,
18238,6261,6262,,,,,,,,,,,completed,
18239,6262,6263,,,,,,,,,,,completed,
18240,6263,6265,,,,,,,,,,,completed,
18241,6265,6266,,,,,,,,,,,completed,
18242,6266,6267,,,,,,,,,,,completed,
18243,6267,6268,,,,,,,,,,,completed,
18245,6268,6269,,,,,,,,,,,completed,
18247,6269,6270,,,,,,,,,,,completed,
18248,6270,6271,,,,,,,,,,,completed,
18250,6271,6272,,,,,,,,,,,completed,
18251,6272,6273,,,,,,,,,,,completed,
18254,6273,6274,,,,,,,,,,,completed,
18256,6274,6275,,,,,,,,,,,completed,
18257,6275,6276,,,,,,,,,,,completed,
18258,6276,6277,,,,,,,,,,,completed,
18259,6277,6278,,,,,,,,,,,completed,
18260,6278,6279,,,,,,,,,,,completed,
18261,6279,6280,,,,,,,,,,,completed,
18262,6280,6281,,,,,,,,,,,completed,
18263,6281,6282,,,,,,,,,,,completed,
18264,6282,6283,,,,,,,,,,,completed,
18265,6283,6284,,,,,,,,,,,completed,
18267,6284,6285,,,,,,,,,,,completed,
18268,6285,6286,,,,,,,,,,,completed,
18269,6286,6287,,,,,,,,,,,completed,
18270,6287,6288,,,,,,,,,,,completed,
18271,6288,6289,,,,,,,,,,,completed,
18272,6289,6290,,,,,,,,,,,completed,
18273,6290,6291,,,,,,,,,,,completed,
18274,6291,6292,,,,,,,,,,,completed,
18279,6292,6294,,,,,,,,,,,completed,
18280,6294,6295,,,,,,,,,,,completed,
18281,6295,6296,,,,,,,,,,,completed,
18282,6296,6297,,,,,,,,,,,completed,
18284,6297,6298,,,,,,,,,,,completed,
18286,6298,6299,,,,,,,,,,,completed,
18288,6299,6300,,,,,,,,,,,completed,
18289,6300,6301,,,,,,,,,,,completed,
18290,6301,6302,,,,,,,,,,,completed,
18291,6302,6303,,,,,,,,,,,completed,
18293,6303,6305,,,,,,,,,,,completed,
18295,6305,6306,,,,,,,,,,,completed,
18296,6306,6307,,,,,,,,,,,completed,
18297,6307,6308,,,,,,,,,,,completed,
18299,6308,6309,,,,,,,,,,,completed,
18302,6309,6311,,,,,,,,,,,completed,
18303,6311,6312,,,,,,,,,,,completed,
18304,6312,6313,,,,,,,,,,,completed,
18305,6313,6314,,,,,,,,,,,completed,
18306,6314,6315,,,,,,,,,,,completed,
18307,6315,6316,,,,,,,,,,,completed,
18308,6316,6317,,,,,,,,,,,completed,
18309,6317,6318,,,,,,,,,,,completed,
18311,6318,6319,,,,,,,,,,,completed,
18315,6319,6320,,,,,,,,,,,completed,
18317,6320,6321,,,,,,,,,,,completed,
18319,6321,6322,,,,,,,,,,,completed,
18320,6322,6323,,,,,,,,,,,completed,
18321,6323,6324,,,,,,,,,,,completed,
18322,6324,6325,,,,,,,,,,,completed,
18324,6325,6326,,,,,,,,,,,completed,
18325,6326,6327,,,,,,,,,,,completed,
18326,6327,6328,,,,,,,,,,,completed,
18328,6328,6329,,,,,,,,,,,completed,
18329,6329,6330,,,,,,,,,,,completed,
18330,6330,6331,,,,,,,,,,,completed,
18331,6331,6332,,,,,,,,,,,completed,
18332,6332,6333,,,,,,,,,,,completed,
18335,6333,6334,,,,,,,,,,,completed,
18338,6334,6336,,,,,,,,,,,completed,
18340,6336,6337,,,,,,,,,,,completed,
18341,6337,6338,,,,,,,,,,,completed,
18342,6338,6339,,,,,,,,,,,completed,
18344,6339,6340,,,,,,,,,,,completed,
18346,6340,6341,,,,,,,,,,,completed,
18347,6341,6342,,,,,,,,,,,completed,
18348,6342,6343,,,,,,,,,,,completed,
18350,6343,6344,,,,,,,,,,,completed,
18351,6344,6345,,,,,,,,,,,completed,
18352,6345,6346,,,,,,,,,,,completed,
18353,6346,6347,,,,,,,,,,,completed,
18354,6347,6348,,,,,,,,,,,completed,
18355,6348,6349,,,,,,,,,,,completed,
18356,6349,6350,,,,,,,,,,,completed,
18357,6350,6351,,,,,,,,,,,completed,
18358,6351,6352,,,,,,,,,,,completed,
18359,6352,6353,,,,,,,,,,,completed,
18361,6353,6355,,,,,,,,,,,completed,
18362,6355,6356,,,,,,,,,,,completed,
18363,6356,6357,,,,,,,,,,,completed,
18364,6357,6358,,,,,,,,,,,completed,
18366,6358,6359,,,,,,,,,,,completed,
18367,6359,6360,,,,,,,,,,,completed,
18368,6360,6361,,,,,,,,,,,completed,
18369,6361,6363,,,,,,,,,,,completed,
18370,6363,6364,,,,,,,,,,,completed,
18371,6364,6365,,,,,,,,,,,completed,
18373,6365,6368,,,,,,,,,,,completed,
18374,6368,6370,,,,,,,,,,,completed,
18375,6370,6371,,,,,,,,,,,completed,
18376,6371,6372,,,,,,,,,,,completed,
18377,6372,6373,,,,,,,,,,,completed,
18378,6373,6374,,,,,,,,,,,completed,
18380,6374,6375,,,,,,,,,,,completed,
18382,6375,6376,,,,,,,,,,,completed,
18383,6376,6377,,,,,,,,,,,completed,
18385,6377,6378,,,,,,,,,,,completed,
18387,6378,6379,,,,,,,,,,,completed,
18388,6379,6380,,,,,,,,,,,completed,
18389,6380,6381,,,,,,,,,,,completed,
18390,6381,6382,,,,,,,,,,,completed,
18391,6382,6383,,,,,,,,,,,completed,
18393,6383,6384,,,,,,,,,,,completed,
18394,6384,6385,,,,,,,,,,,completed,
18395,6385,6386,,,,,,,,,,,completed,
18396,6386,6387,,,,,,,,,,,completed,
18397,6387,6388,,,,,,,,,,,completed,
18398,6388,6390,,,,,,,,,,,completed,
18399,6390,6391,,,,,,,,,,,completed,
18400,6391,6392,,,,,,,,,,,completed,
18401,6392,6393,,,,,,,,,,,completed,
18402,6393,6394,,,,,,,,,,,completed,
18403,6394,6395,,,,,,,,,,,completed,
18404,6395,6396,,,,,,,,,,,completed,
18406,6396,6397,,,,,,,,,,,completed,
18407,6397,6399,,,,,,,,,,,completed,
18408,6399,6400,,,,,,,,,,,completed,
18409,6400,6401,,,,,,,,,,,completed,
18410,6401,6402,,,,,,,,,,,completed,
18411,6402,6403,,,,,,,,,,,completed,
18412,6403,6404,,,,,,,,,,,completed,
18414,6404,6405,,,,,,,,,,,completed,
18415,6405,6406,,,,,,,,,,,completed,
18416,6406,6407,,,,,,,,,,,completed,
18417,6407,6408,,,,,,,,,,,completed,
18418,6408,6409,,,,,,,,,,,completed,
18419,6409,6410,,,,,,,,,,,completed,
18420,6410,6411,,,,,,,,,,,completed,
18421,6411,6412,,,,,,,,,,,completed,
18422,6412,6413,,,,,,,,,,,completed,
18423,6413,6414,,,,,,,,,,,completed,
18424,6414,6415,,,,,,,,,,,completed,
18425,6415,6416,,,,,,,,,,,completed,
18426,6416,6417,,,,,,,,,,,completed,
18427,6417,6418,,,,,,,,,,,completed,
18428,6418,6419,,,,,,,,,,,completed,
18429,6419,6420,,,,,,,,,,,completed,
18431,6420,6421,,,,,,,,,,,completed,
18432,6421,6422,,,,,,,,,,,completed,
18434,6422,6423,,,,,,,,,,,completed,
18435,6423,6424,,,,,,,,,,,completed,
18437,6424,6425,,,,,,,,,,,completed,
18438,6425,6427,,,,,,,,,,,completed,
18439,6427,6428,,,,,,,,,,,completed,
18440,6428,6429,,,,,,,,,,,completed,
18442,6429,6430,,,,,,,,,,,completed,
18444,6430,6431,,,,,,,,,,,completed,
18445,6431,6432,,,,,,,,,,,completed,
18446,6432,6433,,,,,,,,,,,completed,
18447,6433,6435,,,,,,,,,,,completed,
18449,6435,6436,,,,,,,,,,,completed,
18450,6436,6437,,,,,,,,,,,completed,
18451,6437,6438,,,,,,,,,,,completed,
18452,6438,6439,,,,,,,,,,,completed,
18453,6439,6440,,,,,,,,,,,completed,
18454,6440,6441,,,,,,,,,,,completed,
18455,6441,6442,,,,,,,,,,,completed,
18456,6442,6443,,,,,,,,,,,completed,
18457,6443,6444,,,,,,,,,,,completed,
18458,6444,6445,,,,,,,,,,,completed,
18459,6445,6446,,,,,,,,,,,completed,
18461,6446,6447,,,,,,,,,,,completed,
18462,6447,6448,,,,,,,,,,,completed,
18463,6448,6449,,,,,,,,,,,completed,
18465,6449,6450,,,,,,,,,,,completed,
18467,6450,6451,,,,,,,,,,,completed,
18468,6451,6452,,,,,,,,,,,completed,
18469,6452,6453,,,,,,,,,,,completed,
18470,6453,6454,,,,,,,,,,,completed,
18471,6454,6456,,,,,,,,,,,completed,
18472,6456,6457,,,,,,,,,,,completed,
18473,6457,6458,,,,,,,,,,,completed,
18474,6458,6459,,,,,,,,,,,completed,
18475,6459,6460,,,,,,,,,,,completed,
18476,6460,6461,,,,,,,,,,,completed,
18477,6461,6462,,,,,,,,,,,completed,
18478,6462,6463,,,,,,,,,,,completed,
18480,6463,6464,,,,,,,,,,,completed,
18481,6464,6465,,,,,,,,,,,completed,
18485,6465,6466,,,,,,,,,,,completed,
18486,6466,6467,,,,,,,,,,,completed,
18487,6467,6468,,,,,,,,,,,completed,
18488,6468,6469,,,,,,,,,,,completed,
18489,6469,6470,,,,,,,,,,,completed,
18490,6470,6472,,,,,,,,,,,completed,
18491,6472,6473,,,,,,,,,,,completed,
18493,6473,6474,,,,,,,,,,,completed,
18494,6474,6475,,,,,,,,,,,completed,
18496,6475,6476,,,,,,,,,,,completed,
18497,6476,6477,,,,,,,,,,,completed,
18498,6477,6478,,,,,,,,,,,completed,
18499,6478,6479,,,,,,,,,,,completed,
18500,6479,6480,,,,,,,,,,,completed,
18501,6480,6481,,,,,,,,,,,completed,
18502,6481,6482,,,,,,,,,,,completed,
18503,6482,6483,,,,,,,,,,,completed,
18506,6483,6484,,,,,,,,,,,completed,
18509,6484,6487,,,,,,,,,,,completed,
18514,6487,6488,,,,,,,,,,,completed,
18515,6488,6489,,,,,,,,,,,completed,
18516,6489,6491,,,,,,,,,,,completed,
18519,6491,6492,,,,,,,,,,,completed,
18520,6492,6493,,,,,,,,,,,completed,
18521,6493,6494,,,,,,,,,,,completed,
18522,6494,6495,,,,,,,,,,,completed,
18523,6495,6496,,,,,,,,,,,completed,
18524,6496,6497,,,,,,,,,,,completed,
18525,6497,6498,,,,,,,,,,,completed,
18526,6498,6499,,,,,,,,,,,completed,
18527,6499,6500,,,,,,,,,,,completed,
18528,6500,6501,,,,,,,,,,,completed,
18529,6501,6503,,,,,,,,,,,completed,
18530,6503,6504,,,,,,,,,,,completed,
18531,6504,6505,,,,,,,,,,,completed,
18532,6505,6506,,,,,,,,,,,completed,
18533,6506,6507,,,,,,,,,,,completed,
18534,6507,6508,,,,,,,,,,,completed,
18535,6508,6509,,,,,,,,,,,completed,
18537,6509,6510,,,,,,,,,,,completed,
18538,6510,6511,,,,,,,,,,,completed,
18539,6511,6512,,,,,,,,,,,completed,
18540,6512,6513,,,,,,,,,,,completed,
18541,6513,6515,,,,,,,,,,,completed,
18542,6515,6516,,,,,,,,,,,completed,
18543,6516,6517,,,,,,,,,,,completed,
18544,6517,6518,,,,,,,,,,,completed,
18546,6518,6520,,,,,,,,,,,completed,
18547,6520,6521,,,,,,,,,,,completed,
18548,6521,6522,,,,,,,,,,,completed,
18549,6522,6523,,,,,,,,,,,completed,
18551,6523,6524,,,,,,,,,,,completed,
18552,6524,6525,,,,,,,,,,,completed,
18554,6525,6526,,,,,,,,,,,completed,
18557,6526,6527,,,,,,,,,,,completed,
18558,6527,6528,,,,,,,,,,,completed,
18560,6528,6529,,,,,,,,,,,completed,
18561,6529,6530,,,,,,,,,,,completed,
18562,6530,6531,,,,,,,,,,,completed,
18563,6531,6532,,,,,,,,,,,completed,
18564,6532,6533,,,,,,,,,,,completed,
18566,6533,6534,,,,,,,,,,,completed,
18567,6534,6535,,,,,,,,,,,completed,
18568,6535,6536,,,,,,,,,,,completed,
18569,6536,6537,,,,,,,,,,,completed,
18570,6537,6538,,,,,,,,,,,completed,
18571,6538,6539,,,,,,,,,,,completed,
18573,6539,6540,,,,,,,,,,,completed,
18574,6540,6541,,,,,,,,,,,completed,
18575,6541,6542,,,,,,,,,,,completed,
18576,6542,6543,,,,,,,,,,,completed,
18577,6543,6544,,,,,,,,,,,completed,
18578,6544,6546,,,,,,,,,,,completed,
18579,6546,6547,,,,,,,,,,,completed,
18580,6547,6548,,,,,,,,,,,completed,
18582,6548,6549,,,,,,,,,,,completed,
18583,6549,6550,,,,,,,,,,,completed,
18584,6550,6551,,,,,,,,,,,completed,
18586,6551,6552,,,,,,,,,,,completed,
18587,6552,6553,,,,,,,,,,,completed,
18588,6553,6554,,,,,,,,,,,completed,
18589,6554,6555,,,,,,,,,,,completed,
18592,6555,6556,,,,,,,,,,,completed,
18593,6556,6558,,,,,,,,,,,completed,
18594,6558,6559,,,,,,,,,,,completed,
18595,6559,6560,,,,,,,,,,,completed,
18596,6560,6561,,,,,,,,,,,completed,
18597,6561,6562,,,,,,,,,,,completed,
18598,6562,6563,,,,,,,,,,,completed,
18600,6563,6564,,,,,,,,,,,completed,
18601,6564,6569,,,,,,,,,,,completed,
18602,6569,6570,,,,,,,,,,,completed,
18603,6570,6571,,,,,,,,,,,completed,
18604,6571,6572,,,,,,,,,,,completed,
18605,6572,6573,,,,,,,,,,,completed,
18606,6573,6574,,,,,,,,,,,completed,
18607,6574,6575,,,,,,,,,,,completed,
18609,6575,6576,,,,,,,,,,,completed,
18610,6576,6577,,,,,,,,,,,completed,
18611,6577,6578,,,,,,,,,,,completed,
18613,6578,6579,,,,,,,,,,,completed,
18615,6579,6580,,,,,,,,,,,completed,
18616,6580,6581,,,,,,,,,,,completed,
18617,6581,6582,,,,,,,,,,,completed,
18618,6582,6583,,,,,,,,,,,completed,
18619,6583,6584,,,,,,,,,,,completed,
18620,6584,6585,,,,,,,,,,,completed,
18621,6585,6586,,,,,,,,,,,completed,
18622,6586,6587,,,,,,,,,,,completed,
18623,6587,6590,,,,,,,,,,,completed,
18624,6590,6591,,,,,,,,,,,completed,
18625,6591,6592,,,,,,,,,,,completed,
18626,6592,6593,,,,,,,,,,,completed,
18627,6593,6594,,,,,,,,,,,completed,
18629,6594,6595,,,,,,,,,,,completed,
18630,6595,6596,,,,,,,,,,,completed,
18631,6596,6597,,,,,,,,,,,completed,
18632,6597,6598,,,,,,,,,,,completed,
18633,6598,6599,,,,,,,,,,,completed,
18634,6599,6600,,,,,,,,,,,completed,
18635,6600,6602,,,,,,,,,,,completed,
18636,6602,6603,,,,,,,,,,,completed,
18638,6603,6604,,,,,,,,,,,completed,
18639,6604,6605,,,,,,,,,,,completed,
18641,6605,6606,,,,,,,,,,,completed,
18642,6606,6607,,,,,,,,,,,completed,
18643,6607,6610,,,,,,,,,,,completed,
18644,6610,6611,,,,,,,,,,,completed,
18645,6611,6612,,,,,,,,,,,completed,
18647,6612,6613,,,,,,,,,,,completed,
18648,6613,6614,,,,,,,,,,,completed,
18650,6614,6615,,,,,,,,,,,completed,
18651,6615,6616,,,,,,,,,,,completed,
18652,6616,6617,,,,,,,,,,,completed,
18653,6617,6618,,,,,,,,,,,completed,
18656,6618,6619,,,,,,,,,,,completed,
18657,6619,6620,,,,,,,,,,,completed,
18658,6620,6622,,,,,,,,,,,completed,
18659,6622,6623,,,,,,,,,,,completed,
18660,6623,6624,,,,,,,,,,,completed,
18661,6624,6625,,,,,,,,,,,completed,
18662,6625,6626,,,,,,,,,,,completed,
18663,6626,6627,,,,,,,,,,,completed,
18664,6627,6628,,,,,,,,,,,completed,
18665,6628,6629,,,,,,,,,,,completed,
18666,6629,6630,,,,,,,,,,,completed,
18668,6630,6632,,,,,,,,,,,completed,
18669,6632,6633,,,,,,,,,,,completed,
18670,6633,6634,,,,,,,,,,,completed,
18671,6634,6635,,,,,,,,,,,completed,
18674,6635,6636,,,,,,,,,,,completed,
18675,6636,6637,,,,,,,,,,,completed,
18676,6637,6638,,,,,,,,,,,completed,
18677,6638,6639,,,,,,,,,,,completed,
18679,6639,6640,,,,,,,,,,,completed,
18680,6640,6642,,,,,,,,,,,completed,
18681,6642,6644,,,,,,,,,,,completed,
18682,6644,6645,,,,,,,,,,,completed,
18683,6645,6647,,,,,,,,,,,completed,
18685,6647,6648,,,,,,,,,,,completed,
18686,6648,6649,,,,,,,,,,,completed,
18687,6649,6650,,,,,,,,,,,completed,
18688,6650,6651,,,,,,,,,,,completed,
18689,6651,6652,,,,,,,,,,,completed,
18690,6652,6654,,,,,,,,,,,completed,
18693,6654,6655,,,,,,,,,,,completed,
18694,6655,6656,,,,,,,,,,,completed,
18695,6656,6657,,,,,,,,,,,completed,
18696,6657,6658,,,,,,,,,,,completed,
18700,6658,6659,,,,,,,,,,,completed,
18701,6659,6660,,,,,,,,,,,completed,
18702,6660,6661,,,,,,,,,,,completed,
18704,6661,6662,,,,,,,,,,,completed,
18705,6662,6663,,,,,,,,,,,completed,
18706,6663,6664,,,,,,,,,,,completed,
18707,6664,6665,,,,,,,,,,,completed,
18708,6665,6666,,,,,,,,,,,completed,
18709,6666,6667,,,,,,,,,,,completed,
18710,6667,6668,,,,,,,,,,,completed,
18711,6668,6669,,,,,,,,,,,completed,
18712,6669,6671,,,,,,,,,,,completed,
18713,6671,6672,,,,,,,,,,,completed,
18715,6672,6673,,,,,,,,,,,completed,
18716,6673,6674,,,,,,,,,,,completed,
18717,6674,6675,,,,,,,,,,,completed,
18719,6675,6676,,,,,,,,,,,completed,
18720,6676,6678,,,,,,,,,,,completed,
18721,6678,6679,,,,,,,,,,,completed,
18722,6679,6680,,,,,,,,,,,completed,
18723,6680,6681,,,,,,,,,,,completed,
18724,6681,6682,,,,,,,,,,,completed,
18725,6682,6683,,,,,,,,,,,completed,
18726,6683,6684,,,,,,,,,,,completed,
18727,6684,6685,,,,,,,,,,,completed,
18728,6685,6686,,,,,,,,,,,completed,
18729,6686,6687,,,,,,,,,,,completed,
18730,6687,6688,,,,,,,,,,,completed,
18731,6688,6689,,,,,,,,,,,completed,
18732,6689,6690,,,,,,,,,,,completed,
18733,6690,6691,,,,,,,,,,,completed,
18734,6691,6692,,,,,,,,,,,completed,
18736,6692,6693,,,,,,,,,,,completed,
18738,6693,6695,,,,,,,,,,,completed,
18739,6695,6696,,,,,,,,,,,completed,
18740,6696,6697,,,,,,,,,,,completed,
18741,6697,6699,,,,,,,,,,,completed,
18743,6699,6700,,,,,,,,,,,completed,
18744,6700,6701,,,,,,,,,,,completed,
18745,6701,6702,,,,,,,,,,,completed,
18747,6702,6703,,,,,,,,,,,completed,
18748,6703,6704,,,,,,,,,,,completed,
18750,6704,6705,,,,,,,,,,,completed,
18751,6705,6706,,,,,,,,,,,completed,
18752,6706,6707,,,,,,,,,,,completed,
18754,6707,6708,,,,,,,,,,,completed,
18755,6708,6709,,,,,,,,,,,completed,
18756,6709,6710,,,,,,,,,,,completed,
18757,6710,6711,,,,,,,,,,,completed,
18758,6711,6712,,,,,,,,,,,completed,
18759,6712,6713,,,,,,,,,,,completed,
18760,6713,6714,,,,,,,,,,,completed,
18762,6714,6715,,,,,,,,,,,completed,
18763,6715,6716,,,,,,,,,,,completed,
18764,6716,6717,,,,,,,,,,,completed,
18765,6717,6720,,,,,,,,,,,completed,
18766,6720,6721,,,,,,,,,,,completed,
18769,6721,6722,,,,,,,,,,,completed,
18771,6722,6723,,,,,,,,,,,completed,
18773,6723,6724,,,,,,,,,,,completed,
18774,6724,6725,,,,,,,,,,,completed,
18775,6725,6726,,,,,,,,,,,completed,
18776,6726,6727,,,,,,,,,,,completed,
18778,6727,6728,,,,,,,,,,,completed,
18779,6728,6729,,,,,,,,,,,completed,
18780,6729,6730,,,,,,,,,,,completed,
18781,6730,6731,,,,,,,,,,,completed,
18782,6731,6732,,,,,,,,,,,completed,
18784,6732,6733,,,,,,,,,,,completed,
18785,6733,6734,,,,,,,,,,,completed,
18786,6734,6735,,,,,,,,,,,completed,
18787,6735,6736,,,,,,,,,,,completed,
18788,6736,6737,,,,,,,,,,,completed,
18789,6737,6739,,,,,,,,,,,completed,
18790,6739,6740,,,,,,,,,,,completed,
18793,6740,6741,,,,,,,,,,,completed,
18794,6741,6742,,,,,,,,,,,completed,
18795,6742,6743,,,,,,,,,,,completed,
18796,6743,6744,,,,,,,,,,,completed,
18797,6744,6745,,,,,,,,,,,completed,
18798,6745,6746,,,,,,,,,,,completed,
18799,6746,6747,,,,,,,,,,,completed,
18800,6747,6748,,,,,,,,,,,completed,
18802,6748,6750,,,,,,,,,,,completed,
18804,6750,6751,,,,,,,,,,,completed,
18805,6751,6752,,,,,,,,,,,completed,
18807,6752,6753,,,,,,,,,,,completed,
18808,6753,6754,,,,,,,,,,,completed,
18809,6754,6755,,,,,,,,,,,completed,
18811,6755,6756,,,,,,,,,,,completed,
18812,6756,6757,,,,,,,,,,,completed,
18813,6757,6758,,,,,,,,,,,completed,
18814,6758,6759,,,,,,,,,,,completed,
18816,6759,6760,,,,,,,,,,,completed,
18817,6760,6761,,,,,,,,,,,completed,
18818,6761,6762,,,,,,,,,,,completed,
18820,6762,6763,,,,,,,,,,,completed,
18821,6763,6764,,,,,,,,,,,completed,
18823,6764,6765,,,,,,,,,,,completed,
18824,6765,6766,,,,,,,,,,,completed,
18825,6766,6767,,,,,,,,,,,completed,
18826,6767,6768,,,,,,,,,,,completed,
18827,6768,6769,,,,,,,,,,,completed,
18828,6769,6771,,,,,,,,,,,completed,
18829,6771,6772,,,,,,,,,,,completed,
18832,6772,6773,,,,,,,,,,,completed,
18833,6773,6774,,,,,,,,,,,completed,
18836,6774,6776,,,,,,,,,,,completed,
18837,6776,6777,,,,,,,,,,,completed,
18838,6777,6778,,,,,,,,,,,completed,
18840,6778,6779,,,,,,,,,,,completed,
18842,6779,6780,,,,,,,,,,,completed,
18843,6780,6781,,,,,,,,,,,completed,
18844,6781,6782,,,,,,,,,,,completed,
18845,6782,6783,,,,,,,,,,,completed,
18846,6783,6784,,,,,,,,,,,completed,
18847,6784,6785,,,,,,,,,,,completed,
18848,6785,6786,,,,,,,,,,,completed,
18849,6786,6787,,,,,,,,,,,completed,
18850,6787,6788,,,,,,,,,,,completed,
18851,6788,6789,,,,,,,,,,,completed,
18852,6789,6790,,,,,,,,,,,completed,
18853,6790,6791,,,,,,,,,,,completed,
18855,6791,6792,,,,,,,,,,,completed,
18856,6792,6793,,,,,,,,,,,completed,
18857,6793,6794,,,,,,,,,,,completed,
18859,6794,6795,,,,,,,,,,,completed,
18860,6795,6796,,,,,,,,,,,completed,
18862,6796,6797,,,,,,,,,,,completed,
18863,6797,6798,,,,,,,,,,,completed,
18864,6798,6799,,,,,,,,,,,completed,
18865,6799,6800,,,,,,,,,,,completed,
18867,6800,6801,,,,,,,,,,,completed,
18868,6801,6802,,,,,,,,,,,completed,
18869,6802,6803,,,,,,,,,,,completed,
18871,6803,6804,,,,,,,,,,,completed,
18872,6804,6805,,,,,,,,,,,completed,
18873,6805,6806,,,,,,,,,,,completed,
18874,6806,6807,,,,,,,,,,,completed,
18876,6807,6808,,,,,,,,,,,completed,
18877,6808,6809,,,,,,,,,,,completed,
18878,6809,6810,,,,,,,,,,,completed,
18879,6810,6811,,,,,,,,,,,completed,
18880,6811,6812,,,,,,,,,,,completed,
18881,6812,6813,,,,,,,,,,,completed,
18882,6813,6814,,,,,,,,,,,completed,
18883,6814,6815,,,,,,,,,,,completed,
18884,6815,6817,,,,,,,,,,,completed,
18885,6817,6818,,,,,,,,,,,completed,
18886,6818,6819,,,,,,,,,,,completed,
18887,6819,6820,,,,,,,,,,,completed,
18888,6820,6822,,,,,,,,,,,completed,
18889,6822,6823,,,,,,,,,,,completed,
18891,6823,6824,,,,,,,,,,,completed,
18892,6824,6825,,,,,,,,,,,completed,
18893,6825,6826,,,,,,,,,,,completed,
18894,6826,6827,,,,,,,,,,,completed,
18895,6827,6828,,,,,,,,,,,completed,
18896,6828,6829,,,,,,,,,,,completed,
18897,6829,6830,,,,,,,,,,,completed,
18898,6830,6831,,,,,,,,,,,completed,
18901,6831,6832,,,,,,,,,,,completed,
18902,6832,6833,,,,,,,,,,,completed,
18903,6833,6834,,,,,,,,,,,completed,
18904,6834,6835,,,,,,,,,,,completed,
18905,6835,6836,,,,,,,,,,,completed,
18906,6836,6838,,,,,,,,,,,completed,
18907,6838,6839,,,,,,,,,,,completed,
18912,6839,6841,,,,,,,,,,,completed,
18914,6841,6842,,,,,,,,,,,completed,
18916,6842,6843,,,,,,,,,,,completed,
18917,6843,6844,,,,,,,,,,,completed,
18918,6844,6845,,,,,,,,,,,completed,
18919,6845,6846,,,,,,,,,,,completed,
18920,6846,6847,,,,,,,,,,,completed,
18921,6847,6848,,,,,,,,,,,completed,
18923,6848,6849,,,,,,,,,,,completed,
18924,6849,6851,,,,,,,,,,,completed,
18925,6851,6852,,,,,,,,,,,completed,
18926,6852,6854,,,,,,,,,,,completed,
18927,6854,6855,,,,,,,,,,,completed,
18928,6855,6856,,,,,,,,,,,completed,
18930,6856,6857,,,,,,,,,,,completed,
18932,6857,6858,,,,,,,,,,,completed,
18934,6858,6859,,,,,,,,,,,completed,
18936,6859,6860,,,,,,,,,,,completed,
18937,6860,6861,,,,,,,,,,,completed,
18938,6861,6862,,,,,,,,,,,completed,
18939,6862,6863,,,,,,,,,,,completed,
18940,6863,6864,,,,,,,,,,,completed,
18942,6864,6865,,,,,,,,,,,completed,
18943,6865,6866,,,,,,,,,,,completed,
18944,6866,6867,,,,,,,,,,,completed,
18945,6867,6868,,,,,,,,,,,completed,
18947,6868,6869,,,,,,,,,,,completed,
18948,6869,6870,,,,,,,,,,,completed,
18949,6870,6871,,,,,,,,,,,completed,
18950,6871,6872,,,,,,,,,,,completed,
18951,6872,6873,,,,,,,,,,,completed,
18952,6873,6874,,,,,,,,,,,completed,
18953,6874,6875,,,,,,,,,,,completed,
18954,6875,6876,,,,,,,,,,,completed,
18955,6876,6877,,,,,,,,,,,completed,
18956,6877,6878,,,,,,,,,,,completed,
18958,6878,6879,,,,,,,,,,,completed,
18959,6879,6880,,,,,,,,,,,completed,
18960,6880,6881,,,,,,,,,,,completed,
18961,6881,6882,,,,,,,,,,,completed,
18962,6882,6884,,,,,,,,,,,completed,
18964,6884,6885,,,,,,,,,,,completed,
18967,6885,6886,,,,,,,,,,,completed,
18969,6886,6887,,,,,,,,,,,completed,
18970,6887,6889,,,,,,,,,,,completed,
18971,6889,6890,,,,,,,,,,,completed,
18972,6890,6891,,,,,,,,,,,completed,
18973,6891,6892,,,,,,,,,,,completed,
18975,6892,6893,,,,,,,,,,,completed,
18976,6893,6894,,,,,,,,,,,completed,
18977,6894,6895,,,,,,,,,,,completed,
18978,6895,6896,,,,,,,,,,,completed,
18979,6896,6897,,,,,,,,,,,completed,
18981,6897,6898,,,,,,,,,,,completed,
18982,6898,6900,,,,,,,,,,,completed,
18983,6900,6901,,,,,,,,,,,completed,
18984,6901,6903,,,,,,,,,,,completed,
18985,6903,6904,,,,,,,,,,,completed,
18986,6904,6905,,,,,,,,,,,completed,
18987,6905,6906,,,,,,,,,,,completed,
18988,6906,6907,,,,,,,,,,,completed,
18989,6907,6908,,,,,,,,,,,completed,
18990,6908,6909,,,,,,,,,,,completed,
18991,6909,6910,,,,,,,,,,,completed,
18993,6910,6911,,,,,,,,,,,completed,
18994,6911,6912,,,,,,,,,,,completed,
18996,6912,6913,,,,,,,,,,,completed,
18997,6913,6914,,,,,,,,,,,completed,
19000,6914,6915,,,,,,,,,,,completed,
19001,6915,6916,,,,,,,,,,,completed,
19002,6916,6918,,,,,,,,,,,completed,
19004,6918,6919,,,,,,,,,,,completed,
19005,6919,6920,,,,,,,,,,,completed,
19006,6920,6921,,,,,,,,,,,completed,
19007,6921,6922,,,,,,,,,,,completed,
19008,6922,6923,,,,,,,,,,,completed,
19009,6923,6924,,,,,,,,,,,completed,
19010,6924,6925,,,,,,,,,,,completed,
19011,6925,6926,,,,,,,,,,,completed,
19013,6926,6927,,,,,,,,,,,completed,
19014,6927,6928,,,,,,,,,,,completed,
19015,6928,6930,,,,,,,,,,,completed,
19016,6930,6931,,,,,,,,,,,completed,
19019,6931,6932,,,,,,,,,,,completed,
19020,6932,6933,,,,,,,,,,,completed,
19021,6933,6934,,,,,,,,,,,completed,
19022,6934,6935,,,,,,,,,,,completed,
19023,6935,6937,,,,,,,,,,,completed,
19024,6937,6938,,,,,,,,,,,completed,
19025,6938,6939,,,,,,,,,,,completed,
19026,6939,6940,,,,,,,,,,,completed,
19027,6940,6941,,,,,,,,,,,completed,
19028,6941,6942,,,,,,,,,,,completed,
19029,6942,6943,,,,,,,,,,,completed,
19030,6943,6944,,,,,,,,,,,completed,
19031,6944,6945,,,,,,,,,,,completed,
19033,6945,6946,,,,,,,,,,,completed,
19034,6946,6947,,,,,,,,,,,completed,
19035,6947,6948,,,,,,,,,,,completed,
19036,6948,6949,,,,,,,,,,,completed,
19039,6949,6950,,,,,,,,,,,completed,
19040,6950,6951,,,,,,,,,,,completed,
19041,6951,6952,,,,,,,,,,,completed,
19042,6952,6953,,,,,,,,,,,completed,
19044,6953,6954,,,,,,,,,,,completed,
19046,6954,6955,,,,,,,,,,,completed,
19047,6955,6956,,,,,,,,,,,completed,
19049,6956,6957,,,,,,,,,,,completed,
19050,6957,6959,,,,,,,,,,,completed,
19051,6959,6961,,,,,,,,,,,completed,
19052,6961,6962,,,,,,,,,,,completed,
19055,6962,6963,,,,,,,,,,,completed,
19056,6963,6964,,,,,,,,,,,completed,
19057,6964,6965,,,,,,,,,,,completed,
19058,6965,6966,,,,,,,,,,,completed,
19059,6966,6967,,,,,,,,,,,completed,
19060,6967,6968,,,,,,,,,,,completed,
19061,6968,6969,,,,,,,,,,,completed,
19062,6969,6970,,,,,,,,,,,completed,
19063,6970,6971,,,,,,,,,,,completed,
19064,6971,6972,,,,,,,,,,,completed,
19066,6972,6973,,,,,,,,,,,completed,
19068,6973,6974,,,,,,,,,,,completed,
19069,6974,6975,,,,,,,,,,,completed,
19070,6975,6976,,,,,,,,,,,completed,
19071,6976,6977,,,,,,,,,,,completed,
19072,6977,6979,,,,,,,,,,,completed,
19073,6979,6980,,,,,,,,,,,completed,
19074,6980,6981,,,,,,,,,,,completed,
19075,6981,6982,,,,,,,,,,,completed,
19076,6982,6984,,,,,,,,,,,completed,
19077,6984,6985,,,,,,,,,,,completed,
19078,6985,6986,,,,,,,,,,,completed,
19079,6986,6987,,,,,,,,,,,completed,
19080,6987,6988,,,,,,,,,,,completed,
19081,6988,6989,,,,,,,,,,,completed,
19082,6989,6990,,,,,,,,,,,completed,
19084,6990,6991,,,,,,,,,,,completed,
19086,6991,6992,,,,,,,,,,,completed,
19087,6992,6993,,,,,,,,,,,completed,
19088,6993,6994,,,,,,,,,,,completed,
19090,6994,6995,,,,,,,,,,,completed,
19091,6995,6997,,,,,,,,,,,completed,
19093,6997,6998,,,,,,,,,,,completed,
19094,6998,7000,,,,,,,,,,,completed,
19095,7000,7001,,,,,,,,,,,completed,
19096,7001,7002,,,,,,,,,,,completed,
19097,7002,7003,,,,,,,,,,,completed,
19098,7003,7004,,,,,,,,,,,completed,
19099,7004,7005,,,,,,,,,,,completed,
19100,7005,7006,,,,,,,,,,,completed,
19101,7006,7007,,,,,,,,,,,completed,
19102,7007,7008,,,,,,,,,,,completed,
19104,7008,7009,,,,,,,,,,,completed,
19106,7009,7010,,,,,,,,,,,completed,
19107,7010,7011,,,,,,,,,,,completed,
19108,7011,7012,,,,,,,,,,,completed,
19109,7012,7013,,,,,,,,,,,completed,
19110,7013,7014,,,,,,,,,,,completed,
19111,7014,7015,,,,,,,,,,,completed,
19112,7015,7016,,,,,,,,,,,completed,
19113,7016,7019,,,,,,,,,,,completed,
19115,7019,7020,,,,,,,,,,,completed,
19118,7020,7021,,,,,,,,,,,completed,
19119,7021,7022,,,,,,,,,,,completed,
19120,7022,7023,,,,,,,,,,,completed,
19122,7023,7024,,,,,,,,,,,completed,
19123,7024,7025,,,,,,,,,,,completed,
19124,7025,7026,,,,,,,,,,,completed,
19126,7026,7027,,,,,,,,,,,completed,
19128,7027,7028,,,,,,,,,,,completed,
19130,7028,7029,,,,,,,,,,,completed,
19132,7029,7030,,,,,,,,,,,completed,
19133,7030,7031,,,,,,,,,,,completed,
19134,7031,7032,,,,,,,,,,,completed,
19135,7032,7033,,,,,,,,,,,completed,
19136,7033,7034,,,,,,,,,,,completed,
19137,7034,7035,,,,,,,,,,,completed,
19139,7035,7036,,,,,,,,,,,completed,
19140,7036,7037,,,,,,,,,,,completed,
19141,7037,7038,,,,,,,,,,,completed,
19142,7038,7039,,,,,,,,,,,completed,
19143,7039,7040,,,,,,,,,,,completed,
19144,7040,7041,,,,,,,,,,,completed,
19145,7041,7042,,,,,,,,,,,completed,
19146,7042,7043,,,,,,,,,,,completed,
19147,7043,7044,,,,,,,,,,,completed,
19148,7044,7045,,,,,,,,,,,completed,
19149,7045,7046,,,,,,,,,,,completed,
19150,7046,7047,,,,,,,,,,,completed,
19151,7047,7048,,,,,,,,,,,completed,
19152,7048,7049,,,,,,,,,,,completed,
19153,7049,7050,,,,,,,,,,,completed,
19154,7050,7051,,,,,,,,,,,completed,
19155,7051,7052,,,,,,,,,,,completed,
19157,7052,7053,,,,,,,,,,,completed,
19158,7053,7054,,,,,,,,,,,completed,
19159,7054,7055,,,,,,,,,,,completed,
19160,7055,7056,,,,,,,,,,,completed,
19163,7056,7057,,,,,,,,,,,completed,
19165,7057,7058,,,,,,,,,,,completed,
19166,7058,7059,,,,,,,,,,,completed,
19168,7059,7060,,,,,,,,,,,completed,
19169,7060,7061,,,,,,,,,,,completed,
19170,7061,7062,,,,,,,,,,,completed,
19171,7062,7063,,,,,,,,,,,completed,
19172,7063,7064,,,,,,,,,,,completed,
19174,7064,7065,,,,,,,,,,,completed,
19175,7065,7066,,,,,,,,,,,completed,
19176,7066,7067,,,,,,,,,,,completed,
19177,7067,7068,,,,,,,,,,,completed,
19179,7068,7069,,,,,,,,,,,completed,
19180,7069,7070,,,,,,,,,,,completed,
19181,7070,7071,,,,,,,,,,,completed,
19182,7071,7072,,,,,,,,,,,completed,
19184,7072,7073,,,,,,,,,,,completed,
19185,7073,7074,,,,,,,,,,,completed,
19187,7074,7075,,,,,,,,,,,completed,
19188,7075,7076,,,,,,,,,,,completed,
19189,7076,7077,,,,,,,,,,,completed,
19192,7077,7078,,,,,,,,,,,completed,
19193,7078,7079,,,,,,,,,,,completed,
19194,7079,7080,,,,,,,,,,,completed,
19195,7080,7081,,,,,,,,,,,completed,
19198,7081,7082,,,,,,,,,,,completed,
19199,7082,7083,,,,,,,,,,,completed,
19200,7083,7084,,,,,,,,,,,completed,
19201,7084,7085,,,,,,,,,,,completed,
19202,7085,7086,,,,,,,,,,,completed,
19203,7086,7087,,,,,,,,,,,completed,
19204,7087,7088,,,,,,,,,,,completed,
19205,7088,7089,,,,,,,,,,,completed,
19206,7089,7090,,,,,,,,,,,completed,
19207,7090,7091,,,,,,,,,,,completed,
19209,7091,7092,,,,,,,,,,,completed,
19211,7092,7093,,,,,,,,,,,completed,
19212,7093,7094,,,,,,,,,,,completed,
19213,7094,7096,,,,,,,,,,,completed,
19214,7096,7097,,,,,,,,,,,completed,
19215,7097,7098,,,,,,,,,,,completed,
19216,7098,7099,,,,,,,,,,,completed,
19217,7099,7100,,,,,,,,,,,completed,
19218,7100,7101,,,,,,,,,,,completed,
19219,7101,7102,,,,,,,,,,,completed,
19221,7102,7103,,,,,,,,,,,completed,
19223,7103,7104,,,,,,,,,,,completed,
19224,7104,7105,,,,,,,,,,,completed,
19227,7105,7106,,,,,,,,,,,completed,
19228,7106,7107,,,,,,,,,,,completed,
19229,7107,7108,,,,,,,,,,,completed,
19230,7108,7109,,,,,,,,,,,completed,
19231,7109,7110,,,,,,,,,,,completed,
19232,7110,7111,,,,,,,,,,,completed,
19233,7111,7112,,,,,,,,,,,completed,
19234,7112,7113,,,,,,,,,,,completed,
19235,7113,7114,,,,,,,,,,,completed,
19236,7114,7115,,,,,,,,,,,completed,
19237,7115,7117,,,,,,,,,,,completed,
19239,7117,7118,,,,,,,,,,,completed,
19240,7118,7119,,,,,,,,,,,completed,
19241,7119,7120,,,,,,,,,,,completed,
19242,7120,7121,,,,,,,,,,,completed,
19243,7121,7122,,,,,,,,,,,completed,
19244,7122,7123,,,,,,,,,,,completed,
19247,7123,7124,,,,,,,,,,,completed,
19248,7124,7125,,,,,,,,,,,completed,
19249,7125,7126,,,,,,,,,,,completed,
19250,7126,7127,,,,,,,,,,,completed,
19251,7127,7128,,,,,,,,,,,completed,
19252,7128,7129,,,,,,,,,,,completed,
19253,7129,7130,,,,,,,,,,,completed,
19255,7130,7131,,,,,,,,,,,completed,
19256,7131,7132,,,,,,,,,,,completed,
19257,7132,7133,,,,,,,,,,,completed,
19258,7133,7134,,,,,,,,,,,completed,
19260,7134,7136,,,,,,,,,,,completed,
19261,7136,7137,,,,,,,,,,,completed,
19262,7137,7138,,,,,,,,,,,completed,
19263,7138,7139,,,,,,,,,,,completed,
19264,7139,7140,,,,,,,,,,,completed,
19265,7140,7141,,,,,,,,,,,completed,
19266,7141,7143,,,,,,,,,,,completed,
19267,7143,7144,,,,,,,,,,,completed,
19268,7144,7145,,,,,,,,,,,completed,
19270,7145,7146,,,,,,,,,,,completed,
19272,7146,7147,,,,,,,,,,,completed,
19273,7147,7148,,,,,,,,,,,completed,
19274,7148,7149,,,,,,,,,,,completed,
19275,7149,7150,,,,,,,,,,,completed,
19277,7150,7151,,,,,,,,,,,completed,
19278,7151,7152,,,,,,,,,,,completed,
19280,7152,7153,,,,,,,,,,,completed,
19281,7153,7154,,,,,,,,,,,completed,
19282,7154,7155,,,,,,,,,,,completed,
19283,7155,7156,,,,,,,,,,,completed,
19284,7156,7157,,,,,,,,,,,completed,
19285,7157,7158,,,,,,,,,,,completed,
19287,7158,7159,,,,,,,,,,,completed,
19288,7159,7160,,,,,,,,,,,completed,
19289,7160,7163,,,,,,,,,,,completed,
19290,7163,7164,,,,,,,,,,,completed,
19291,7164,7165,,,,,,,,,,,completed,
19292,7165,7166,,,,,,,,,,,completed,
19293,7166,7167,,,,,,,,,,,completed,
19294,7167,7168,,,,,,,,,,,completed,
19295,7168,7170,,,,,,,,,,,completed,
19296,7170,7172,,,,,,,,,,,completed,
19297,7172,7173,,,,,,,,,,,completed,
19298,7173,7174,,,,,,,,,,,completed,
19299,7174,7175,,,,,,,,,,,completed,
19300,7175,7177,,,,,,,,,,,completed,
19301,7177,7178,,,,,,,,,,,completed,
19303,7178,7179,,,,,,,,,,,completed,
19305,7179,7180,,,,,,,,,,,completed,
19306,7180,7181,,,,,,,,,,,completed,
19307,7181,7182,,,,,,,,,,,completed,
19308,7182,7183,,,,,,,,,,,completed,
19310,7183,7184,,,,,,,,,,,completed,
19312,7184,7185,,,,,,,,,,,completed,
19313,7185,7186,,,,,,,,,,,completed,
19314,7186,7189,,,,,,,,,,,completed,
19315,7189,7190,,,,,,,,,,,completed,
19316,7190,7191,,,,,,,,,,,completed,
19317,7191,7192,,,,,,,,,,,completed,
19318,7192,7193,,,,,,,,,,,completed,
19319,7193,7194,,,,,,,,,,,completed,
19320,7194,7195,,,,,,,,,,,completed,
19321,7195,7196,,,,,,,,,,,completed,
19322,7196,7197,,,,,,,,,,,completed,
19323,7197,7198,,,,,,,,,,,completed,
19324,7198,7199,,,,,,,,,,,completed,
19325,7199,7201,,,,,,,,,,,completed,
19326,7201,7202,,,,,,,,,,,completed,
19327,7202,7203,,,,,,,,,,,completed,
19329,7203,7204,,,,,,,,,,,completed,
19330,7204,7205,,,,,,,,,,,completed,
19332,7205,7206,,,,,,,,,,,completed,
19333,7206,7207,,,,,,,,,,,completed,
19334,7207,7208,,,,,,,,,,,completed,
19335,7208,7209,,,,,,,,,,,completed,
19336,7209,7210,,,,,,,,,,,completed,
19337,7210,7211,,,,,,,,,,,completed,
19339,7211,7212,,,,,,,,,,,completed,
19341,7212,7213,,,,,,,,,,,completed,
19342,7213,7214,,,,,,,,,,,completed,
19343,7214,7215,,,,,,,,,,,completed,
19344,7215,7216,,,,,,,,,,,completed,
19345,7216,7218,,,,,,,,,,,completed,
19346,7218,7219,,,,,,,,,,,completed,
19348,7219,7220,,,,,,,,,,,completed,
19349,7220,7221,,,,,,,,,,,completed,
19350,7221,7222,,,,,,,,,,,completed,
19352,7222,7224,,,,,,,,,,,completed,
19353,7224,7225,,,,,,,,,,,completed,
19354,7225,7227,,,,,,,,,,,completed,
19355,7227,7228,,,,,,,,,,,completed,
19356,7228,7229,,,,,,,,,,,completed,
19360,7229,7230,,,,,,,,,,,completed,
19361,7230,7231,,,,,,,,,,,completed,
19362,7231,7232,,,,,,,,,,,completed,
19363,7232,7234,,,,,,,,,,,completed,
19364,7234,7235,,,,,,,,,,,completed,
19366,7235,7236,,,,,,,,,,,completed,
19368,7236,7237,,,,,,,,,,,completed,
19369,7237,7238,,,,,,,,,,,completed,
19370,7238,7240,,,,,,,,,,,completed,
19371,7240,7241,,,,,,,,,,,completed,
19372,7241,7242,,,,,,,,,,,completed,
19373,7242,7243,,,,,,,,,,,completed,
19376,7243,7244,,,,,,,,,,,completed,
19377,7244,7245,,,,,,,,,,,completed,
19379,7245,7246,,,,,,,,,,,completed,
19380,7246,7247,,,,,,,,,,,completed,
19381,7247,7248,,,,,,,,,,,completed,
19382,7248,7249,,,,,,,,,,,completed,
19383,7249,7250,,,,,,,,,,,completed,
19384,7250,7251,,,,,,,,,,,completed,
19386,7251,7252,,,,,,,,,,,completed,
19388,7252,7253,,,,,,,,,,,completed,
19389,7253,7254,,,,,,,,,,,completed,
19390,7254,7255,,,,,,,,,,,completed,
19391,7255,7256,,,,,,,,,,,completed,
19392,7256,7257,,,,,,,,,,,completed,
19393,7257,7258,,,,,,,,,,,completed,
19394,7258,7260,,,,,,,,,,,completed,
19395,7260,7261,,,,,,,,,,,completed,
19396,7261,7262,,,,,,,,,,,completed,
19397,7262,7263,,,,,,,,,,,completed,
19398,7263,7264,,,,,,,,,,,completed,
19399,7264,7265,,,,,,,,,,,completed,
19400,7265,7266,,,,,,,,,,,completed,
19401,7266,7267,,,,,,,,,,,completed,
19402,7267,7268,,,,,,,,,,,completed,
19403,7268,7269,,,,,,,,,,,completed,
19404,7269,7270,,,,,,,,,,,completed,
19405,7270,7271,,,,,,,,,,,completed,
19406,7271,7272,,,,,,,,,,,completed,
19407,7272,7273,,,,,,,,,,,completed,
19408,7273,7274,,,,,,,,,,,completed,
19409,7274,7275,,,,,,,,,,,completed,
19410,7275,7276,,,,,,,,,,,completed,
19411,7276,7277,,,,,,,,,,,completed,
19413,7277,7278,,,,,,,,,,,completed,
19415,7278,7279,,,,,,,,,,,completed,
19416,7279,7280,,,,,,,,,,,completed,
19417,7280,7281,,,,,,,,,,,completed,
19418,7281,7282,,,,,,,,,,,completed,
19419,7282,7283,,,,,,,,,,,completed,
19420,7283,7284,,,,,,,,,,,completed,
19421,7284,7285,,,,,,,,,,,completed,
19422,7285,7286,,,,,,,,,,,completed,
19424,7286,7287,,,,,,,,,,,completed,
19425,7287,7288,,,,,,,,,,,completed,
19426,7288,7289,,,,,,,,,,,completed,
19428,7289,7290,,,,,,,,,,,completed,
19430,7290,7291,,,,,,,,,,,completed,
19432,7291,7293,,,,,,,,,,,completed,
19433,7293,7294,,,,,,,,,,,completed,
19436,7294,7295,,,,,,,,,,,completed,
19437,7295,7296,,,,,,,,,,,completed,
19438,7296,7297,,,,,,,,,,,completed,
19439,7297,7298,,,,,,,,,,,completed,
19440,7298,7299,,,,,,,,,,,completed,
19442,7299,7300,,,,,,,,,,,completed,
19443,7300,7301,,,,,,,,,,,completed,
19446,7301,7302,,,,,,,,,,,completed,
19447,7302,7303,,,,,,,,,,,completed,
19448,7303,7304,,,,,,,,,,,completed,
19449,7304,7305,,,,,,,,,,,completed,
19450,7305,7306,,,,,,,,,,,completed,
19451,7306,7307,,,,,,,,,,,completed,
19452,7307,7308,,,,,,,,,,,completed,
19453,7308,7309,,,,,,,,,,,completed,
19454,7309,7310,,,,,,,,,,,completed,
19455,7310,7311,,,,,,,,,,,completed,
19456,7311,7312,,,,,,,,,,,completed,
19457,7312,7313,,,,,,,,,,,completed,
19458,7313,7314,,,,,,,,,,,completed,
19461,7314,7315,,,,,,,,,,,completed,
19462,7315,7316,,,,,,,,,,,completed,
19463,7316,7318,,,,,,,,,,,completed,
19464,7318,7319,,,,,,,,,,,completed,
19465,7319,7320,,,,,,,,,,,completed,
19466,7320,7321,,,,,,,,,,,completed,
19467,7321,7322,,,,,,,,,,,completed,
19468,7322,7323,,,,,,,,,,,completed,
19469,7323,7324,,,,,,,,,,,completed,
19470,7324,7325,,,,,,,,,,,completed,
19471,7325,7326,,,,,,,,,,,completed,
19472,7326,7327,,,,,,,,,,,completed,
19473,7327,7328,,,,,,,,,,,completed,
19474,7328,7329,,,,,,,,,,,completed,
19475,7329,7330,,,,,,,,,,,completed,
19476,7330,7331,,,,,,,,,,,completed,
19477,7331,7333,,,,,,,,,,,completed,
19478,7333,7334,,,,,,,,,,,completed,
19479,7334,7335,,,,,,,,,,,completed,
19480,7335,7336,,,,,,,,,,,completed,
19481,7336,7337,,,,,,,,,,,completed,
19483,7337,7338,,,,,,,,,,,completed,
19484,7338,7339,,,,,,,,,,,completed,
19485,7339,7340,,,,,,,,,,,completed,
19486,7340,7341,,,,,,,,,,,completed,
19487,7341,7342,,,,,,,,,,,completed,
19488,7342,7343,,,,,,,,,,,completed,
19489,7343,7344,,,,,,,,,,,completed,
19491,7344,7346,,,,,,,,,,,completed,
19493,7346,7347,,,,,,,,,,,completed,
19494,7347,7348,,,,,,,,,,,completed,
19495,7348,7349,,,,,,,,,,,completed,
19496,7349,7350,,,,,,,,,,,completed,
19498,7350,7351,,,,,,,,,,,completed,
19499,7351,7352,,,,,,,,,,,completed,
19500,7352,7353,,,,,,,,,,,completed,
19501,7353,7354,,,,,,,,,,,completed,
19502,7354,7356,,,,,,,,,,,completed,
19503,7356,7357,,,,,,,,,,,completed,
19504,7357,7358,,,,,,,,,,,completed,
19505,7358,7359,,,,,,,,,,,completed,
19506,7359,7361,,,,,,,,,,,completed,
19507,7361,7363,,,,,,,,,,,completed,
19508,7363,7364,,,,,,,,,,,completed,
19510,7364,7365,,,,,,,,,,,completed,
19511,7365,7366,,,,,,,,,,,completed,
19512,7366,7368,,,,,,,,,,,completed,
19513,7368,7369,,,,,,,,,,,completed,
19514,7369,7370,,,,,,,,,,,completed,
19515,7370,7371,,,,,,,,,,,completed,
19516,7371,7372,,,,,,,,,,,completed,
19517,7372,7373,,,,,,,,,,,completed,
19519,7373,7374,,,,,,,,,,,completed,
19521,7374,7376,,,,,,,,,,,completed,
19522,7376,7377,,,,,,,,,,,completed,
19523,7377,7378,,,,,,,,,,,completed,
19524,7378,7379,,,,,,,,,,,completed,
19525,7379,7380,,,,,,,,,,,completed,
19526,7380,7381,,,,,,,,,,,completed,
19527,7381,7382,,,,,,,,,,,completed,
19528,7382,7383,,,,,,,,,,,completed,
19529,7383,7384,,,,,,,,,,,completed,
19530,7384,7385,,,,,,,,,,,completed,
19531,7385,7386,,,,,,,,,,,completed,
19532,7386,7387,,,,,,,,,,,completed,
19533,7387,7388,,,,,,,,,,,completed,
19534,7388,7389,,,,,,,,,,,completed,
19536,7389,7390,,,,,,,,,,,completed,
19539,7390,7392,,,,,,,,,,,completed,
19540,7392,7393,,,,,,,,,,,completed,
19541,7393,7395,,,,,,,,,,,completed,
19542,7395,7396,,,,,,,,,,,completed,
19543,7396,7399,,,,,,,,,,,completed,
19546,7399,7400,,,,,,,,,,,completed,
19547,7400,7401,,,,,,,,,,,completed,
19548,7401,7402,,,,,,,,,,,completed,
19549,7402,7403,,,,,,,,,,,completed,
19553,7403,7404,,,,,,,,,,,completed,
19555,7404,7405,,,,,,,,,,,completed,
19556,7405,7406,,,,,,,,,,,completed,
19557,7406,7407,,,,,,,,,,,completed,
19558,7407,7408,,,,,,,,,,,completed,
19559,7408,7409,,,,,,,,,,,completed,
19560,7409,7410,,,,,,,,,,,completed,
19561,7410,7411,,,,,,,,,,,completed,
19562,7411,7412,,,,,,,,,,,completed,
19563,7412,7413,,,,,,,,,,,completed,
19564,7413,7414,,,,,,,,,,,completed,
19565,7414,7416,,,,,,,,,,,completed,
19566,7416,7417,,,,,,,,,,,completed,
19567,7417,7418,,,,,,,,,,,completed,
19569,7418,7419,,,,,,,,,,,completed,
19571,7419,7420,,,,,,,,,,,completed,
19572,7420,7421,,,,,,,,,,,completed,
19573,7421,7422,,,,,,,,,,,completed,
19574,7422,7423,,,,,,,,,,,completed,
19576,7423,7424,,,,,,,,,,,completed,
19577,7424,7425,,,,,,,,,,,completed,
19578,7425,7426,,,,,,,,,,,completed,
19579,7426,7427,,,,,,,,,,,completed,
19580,7427,7428,,,,,,,,,,,completed,
19581,7428,7429,,,,,,,,,,,completed,
19582,7429,7430,,,,,,,,,,,completed,
19583,7430,7431,,,,,,,,,,,completed,
19584,7431,7432,,,,,,,,,,,completed,
19585,7432,7433,,,,,,,,,,,completed,
19586,7433,7434,,,,,,,,,,,completed,
19588,7434,7435,,,,,,,,,,,completed,
19589,7435,7436,,,,,,,,,,,completed,
19590,7436,7437,,,,,,,,,,,completed,
19593,7437,7438,,,,,,,,,,,completed,
19594,7438,7439,,,,,,,,,,,completed,
19595,7439,7440,,,,,,,,,,,completed,
19596,7440,7441,,,,,,,,,,,completed,
19597,7441,7442,,,,,,,,,,,completed,
19599,7442,7443,,,,,,,,,,,completed,
19600,7443,7444,,,,,,,,,,,completed,
19601,7444,7445,,,,,,,,,,,completed,
19602,7445,7446,,,,,,,,,,,completed,
19603,7446,7447,,,,,,,,,,,completed,
19604,7447,7448,,,,,,,,,,,completed,
19605,7448,7449,,,,,,,,,,,completed,
19607,7449,7450,,,,,,,,,,,completed,
19608,7450,7451,,,,,,,,,,,completed,
19609,7451,7452,,,,,,,,,,,completed,
19610,7452,7453,,,,,,,,,,,completed,
19612,7453,7454,,,,,,,,,,,completed,
19613,7454,7455,,,,,,,,,,,completed,
19614,7455,7456,,,,,,,,,,,completed,
19616,7456,7457,,,,,,,,,,,completed,
19617,7457,7458,,,,,,,,,,,completed,
19618,7458,7459,,,,,,,,,,,completed,
19619,7459,7460,,,,,,,,,,,completed,
19620,7460,7461,,,,,,,,,,,completed,
19621,7461,7464,,,,,,,,,,,completed,
19622,7464,7465,,,,,,,,,,,completed,
19623,7465,7466,,,,,,,,,,,completed,
19624,7466,7467,,,,,,,,,,,completed,
19626,7467,7468,,,,,,,,,,,completed,
19627,7468,7469,,,,,,,,,,,completed,
19628,7469,7470,,,,,,,,,,,completed,
19629,7470,7471,,,,,,,,,,,completed,
19630,7471,7472,,,,,,,,,,,completed,
19631,7472,7473,,,,,,,,,,,completed,
19632,7473,7474,,,,,,,,,,,completed,
19633,7474,7475,,,,,,,,,,,completed,
19634,7475,7476,,,,,,,,,,,completed,
19635,7476,7478,,,,,,,,,,,completed,
19636,7478,7479,,,,,,,,,,,completed,
19637,7479,7480,,,,,,,,,,,completed,
19638,7480,7481,,,,,,,,,,,completed,
19639,7481,7482,,,,,,,,,,,completed,
19640,7482,7483,,,,,,,,,,,completed,
19641,7483,7484,,,,,,,,,,,completed,
19642,7484,7485,,,,,,,,,,,completed,
19643,7485,7486,,,,,,,,,,,completed,
19644,7486,7487,,,,,,,,,,,completed,
19647,7487,7488,,,,,,,,,,,completed,
19649,7488,7489,,,,,,,,,,,completed,
19650,7489,7490,,,,,,,,,,,completed,
19651,7490,7491,,,,,,,,,,,completed,
19652,7491,7493,,,,,,,,,,,completed,
19654,7493,7495,,,,,,,,,,,completed,
19656,7495,7496,,,,,,,,,,,completed,
19657,7496,7497,,,,,,,,,,,completed,
19661,7497,7498,,,,,,,,,,,completed,
19662,7498,7499,,,,,,,,,,,completed,
19663,7499,7500,,,,,,,,,,,completed,
19666,7500,7501,,,,,,,,,,,completed,
19667,7501,7502,,,,,,,,,,,completed,
19668,7502,7503,,,,,,,,,,,completed,
19669,7503,7504,,,,,,,,,,,completed,
19670,7504,7505,,,,,,,,,,,completed,
19671,7505,7506,,,,,,,,,,,completed,
19672,7506,7507,,,,,,,,,,,completed,
19674,7507,7508,,,,,,,,,,,completed,
19675,7508,7509,,,,,,,,,,,completed,
19676,7509,7510,,,,,,,,,,,completed,
19677,7510,7511,,,,,,,,,,,completed,
19678,7511,7512,,,,,,,,,,,completed,
19679,7512,7513,,,,,,,,,,,completed,
19681,7513,7514,,,,,,,,,,,completed,
19682,7514,7515,,,,,,,,,,,completed,
19683,7515,7516,,,,,,,,,,,completed,
19685,7516,7517,,,,,,,,,,,completed,
19687,7517,7518,,,,,,,,,,,completed,
19688,7518,7519,,,,,,,,,,,completed,
19690,7519,7520,,,,,,,,,,,completed,
19691,7520,7521,,,,,,,,,,,completed,
19692,7521,7523,,,,,,,,,,,completed,
19693,7523,7524,,,,,,,,,,,completed,
19694,7524,7525,,,,,,,,,,,completed,
19695,7525,7526,,,,,,,,,,,completed,
19696,7526,7528,,,,,,,,,,,completed,
19697,7528,7530,,,,,,,,,,,completed,
19698,7530,7531,,,,,,,,,,,completed,
19699,7531,7532,,,,,,,,,,,completed,
19700,7532,7533,,,,,,,,,,,completed,
19701,7533,7535,,,,,,,,,,,completed,
19702,7535,7536,,,,,,,,,,,completed,
19704,7536,7537,,,,,,,,,,,completed,
19705,7537,7538,,,,,,,,,,,completed,
19706,7538,7539,,,,,,,,,,,completed,
19708,7539,7540,,,,,,,,,,,completed,
19710,7540,7541,,,,,,,,,,,completed,
19711,7541,7542,,,,,,,,,,,completed,
19713,7542,7543,,,,,,,,,,,completed,
19714,7543,7544,,,,,,,,,,,completed,
19715,7544,7545,,,,,,,,,,,completed,
19716,7545,7546,,,,,,,,,,,completed,
19717,7546,7547,,,,,,,,,,,completed,
19718,7547,7548,,,,,,,,,,,completed,
19719,7548,7549,,,,,,,,,,,completed,
19720,7549,7550,,,,,,,,,,,completed,
19721,7550,7551,,,,,,,,,,,completed,
19723,7551,7552,,,,,,,,,,,completed,
19724,7552,7553,,,,,,,,,,,completed,
19725,7553,7554,,,,,,,,,,,completed,
19727,7554,7555,,,,,,,,,,,completed,
19728,7555,7556,,,,,,,,,,,completed,
19729,7556,7557,,,,,,,,,,,completed,
19731,7557,7558,,,,,,,,,,,completed,
19733,7558,7559,,,,,,,,,,,completed,
19734,7559,7560,,,,,,,,,,,completed,
19735,7560,7561,,,,,,,,,,,completed,
19736,7561,7562,,,,,,,,,,,completed,
19737,7562,7563,,,,,,,,,,,completed,
19739,7563,7564,,,,,,,,,,,completed,
19744,7564,7565,,,,,,,,,,,completed,
19747,7565,7566,,,,,,,,,,,completed,
19749,7566,7567,,,,,,,,,,,completed,
19750,7567,7568,,,,,,,,,,,completed,
19751,7568,7569,,,,,,,,,,,completed,
19752,7569,7570,,,,,,,,,,,completed,
19753,7570,7571,,,,,,,,,,,completed,
19754,7571,7575,,,,,,,,,,,completed,
19755,7575,7576,,,,,,,,,,,completed,
19756,7576,7577,,,,,,,,,,,completed,
19758,7577,7578,,,,,,,,,,,completed,
19759,7578,7580,,,,,,,,,,,completed,
19760,7580,7582,,,,,,,,,,,completed,
19761,7582,7583,,,,,,,,,,,completed,
19762,7583,7584,,,,,,,,,,,completed,
19763,7584,7585,,,,,,,,,,,completed,
19764,7585,7587,,,,,,,,,,,completed,
19765,7587,7588,,,,,,,,,,,completed,
19766,7588,7589,,,,,,,,,,,completed,
19767,7589,7590,,,,,,,,,,,completed,
19768,7590,7591,,,,,,,,,,,completed,
19769,7591,7592,,,,,,,,,,,completed,
19770,7592,7594,,,,,,,,,,,completed,
19775,7594,7595,,,,,,,,,,,completed,
19776,7595,7596,,,,,,,,,,,completed,
19778,7596,7597,,,,,,,,,,,completed,
19779,7597,7598,,,,,,,,,,,completed,
19780,7598,7599,,,,,,,,,,,completed,
19781,7599,7600,,,,,,,,,,,completed,
19782,7600,7601,,,,,,,,,,,completed,
19783,7601,7602,,,,,,,,,,,completed,
19786,7602,7603,,,,,,,,,,,completed,
19788,7603,7604,,,,,,,,,,,completed,
19789,7604,7605,,,,,,,,,,,completed,
19790,7605,7606,,,,,,,,,,,completed,
19791,7606,7607,,,,,,,,,,,completed,
19792,7607,7608,,,,,,,,,,,completed,
19793,7608,7609,,,,,,,,,,,completed,
19794,7609,7610,,,,,,,,,,,completed,
19795,7610,7611,,,,,,,,,,,completed,
19797,7611,7612,,,,,,,,,,,completed,
19798,7612,7613,,,,,,,,,,,completed,
19799,7613,7614,,,,,,,,,,,completed,
19800,7614,7615,,,,,,,,,,,completed,
19801,7615,7616,,,,,,,,,,,completed,
19802,7616,7617,,,,,,,,,,,completed,
19803,7617,7618,,,,,,,,,,,completed,
19804,7618,7619,,,,,,,,,,,completed,
19805,7619,7620,,,,,,,,,,,completed,
19806,7620,7621,,,,,,,,,,,completed,
19807,7621,7622,,,,,,,,,,,completed,
19808,7622,7623,,,,,,,,,,,completed,
19809,7623,7624,,,,,,,,,,,completed,
19812,7624,7625,,,,,,,,,,,completed,
19813,7625,7626,,,,,,,,,,,completed,
19814,7626,7627,,,,,,,,,,,completed,
19815,7627,7628,,,,,,,,,,,completed,
19817,7628,7629,,,,,,,,,,,completed,
19818,7629,7630,,,,,,,,,,,completed,
19819,7630,7632,,,,,,,,,,,completed,
19820,7632,7633,,,,,,,,,,,completed,
19821,7633,7635,,,,,,,,,,,completed,
19822,7635,7636,,,,,,,,,,,completed,
19823,7636,7637,,,,,,,,,,,completed,
19824,7637,7639,,,,,,,,,,,completed,
19826,7639,7640,,,,,,,,,,,completed,
19827,7640,7641,,,,,,,,,,,completed,
19828,7641,7642,,,,,,,,,,,completed,
19829,7642,7643,,,,,,,,,,,completed,
19830,7643,7644,,,,,,,,,,,completed,
19832,7644,7646,,,,,,,,,,,completed,
19833,7646,7647,,,,,,,,,,,completed,
19834,7647,7648,,,,,,,,,,,completed,
19835,7648,7649,,,,,,,,,,,completed,
19837,7649,7650,,,,,,,,,,,completed,
19838,7650,7651,,,,,,,,,,,completed,
19839,7651,7652,,,,,,,,,,,completed,
19841,7652,7653,,,,,,,,,,,completed,
19842,7653,7654,,,,,,,,,,,completed,
19843,7654,7655,,,,,,,,,,,completed,
19844,7655,7657,,,,,,,,,,,completed,
19845,7657,7658,,,,,,,,,,,completed,
19846,7658,7659,,,,,,,,,,,completed,
19847,7659,7660,,,,,,,,,,,completed,
19848,7660,7661,,,,,,,,,,,completed,
19850,7661,7663,,,,,,,,,,,completed,
19851,7663,7664,,,,,,,,,,,completed,
19852,7664,7665,,,,,,,,,,,completed,
19853,7665,7666,,,,,,,,,,,completed,
19854,7666,7667,,,,,,,,,,,completed,
19855,7667,7668,,,,,,,,,,,completed,
19859,7668,7669,,,,,,,,,,,completed,
19860,7669,7670,,,,,,,,,,,completed,
19861,7670,7672,,,,,,,,,,,completed,
19862,7672,7673,,,,,,,,,,,completed,
19865,7673,7674,,,,,,,,,,,completed,
19866,7674,7675,,,,,,,,,,,completed,
19867,7675,7676,,,,,,,,,,,completed,
19868,7676,7677,,,,,,,,,,,completed,
19869,7677,7679,,,,,,,,,,,completed,
19870,7679,7680,,,,,,,,,,,completed,
19871,7680,7681,,,,,,,,,,,completed,
19872,7681,7682,,,,,,,,,,,completed,
19873,7682,7683,,,,,,,,,,,completed,
19874,7683,7684,,,,,,,,,,,completed,
19875,7684,7686,,,,,,,,,,,completed,
19876,7686,7687,,,,,,,,,,,completed,
19877,7687,7688,,,,,,,,,,,completed,
19878,7688,7689,,,,,,,,,,,completed,
19879,7689,7690,,,,,,,,,,,completed,
19880,7690,7692,,,,,,,,,,,completed,
19881,7692,7693,,,,,,,,,,,completed,
19882,7693,7694,,,,,,,,,,,completed,
19883,7694,7695,,,,,,,,,,,completed,
19884,7695,7696,,,,,,,,,,,completed,
19885,7696,7697,,,,,,,,,,,completed,
19887,7697,7698,,,,,,,,,,,completed,
19888,7698,7700,,,,,,,,,,,completed,
19889,7700,7701,,,,,,,,,,,completed,
19890,7701,7703,,,,,,,,,,,completed,
19891,7703,7704,,,,,,,,,,,completed,
19892,7704,7705,,,,,,,,,,,completed,
19893,7705,7706,,,,,,,,,,,completed,
19894,7706,7707,,,,,,,,,,,completed,
19895,7707,7708,,,,,,,,,,,completed,
19896,7708,7709,,,,,,,,,,,completed,
19897,7709,7710,,,,,,,,,,,completed,
19898,7710,7711,,,,,,,,,,,completed,
19899,7711,7712,,,,,,,,,,,completed,
19901,7712,7713,,,,,,,,,,,completed,
19902,7713,7714,,,,,,,,,,,completed,
19903,7714,7715,,,,,,,,,,,completed,
19906,7715,7716,,,,,,,,,,,completed,
19907,7716,7717,,,,,,,,,,,completed,
19908,7717,7718,,,,,,,,,,,completed,
19909,7718,7719,,,,,,,,,,,completed,
19910,7719,7720,,,,,,,,,,,completed,
19911,7720,7721,,,,,,,,,,,completed,
19912,7721,7722,,,,,,,,,,,completed,
19913,7722,7723,,,,,,,,,,,completed,
19914,7723,7724,,,,,,,,,,,completed,
19915,7724,7726,,,,,,,,,,,completed,
19916,7726,7727,,,,,,,,,,,completed,
19917,7727,7728,,,,,,,,,,,completed,
19918,7728,7729,,,,,,,,,,,completed,
19919,7729,7731,,,,,,,,,,,completed,
19920,7731,7733,,,,,,,,,,,completed,
19922,7733,7734,,,,,,,,,,,completed,
19924,7734,7735,,,,,,,,,,,completed,
19926,7735,7736,,,,,,,,,,,completed,
19927,7736,7737,,,,,,,,,,,completed,
19928,7737,7738,,,,,,,,,,,completed,
19930,7738,7739,,,,,,,,,,,completed,
19931,7739,7740,,,,,,,,,,,completed,
19932,7740,7741,,,,,,,,,,,completed,
19933,7741,7742,,,,,,,,,,,completed,
19934,7742,7743,,,,,,,,,,,completed,
19935,7743,7744,,,,,,,,,,,completed,
19936,7744,7745,,,,,,,,,,,completed,
19937,7745,7746,,,,,,,,,,,completed,
19939,7746,7747,,,,,,,,,,,completed,
19940,7747,7748,,,,,,,,,,,completed,
19941,7748,7749,,,,,,,,,,,completed,
19942,7749,7750,,,,,,,,,,,completed,
19943,7750,7751,,,,,,,,,,,completed,
19944,7751,7753,,,,,,,,,,,completed,
19945,7753,7754,,,,,,,,,,,completed,
19946,7754,7755,,,,,,,,,,,completed,
19947,7755,7756,,,,,,,,,,,completed,
19948,7756,7757,,,,,,,,,,,completed,
19950,7757,7758,,,,,,,,,,,completed,
19951,7758,7759,,,,,,,,,,,completed,
19952,7759,7760,,,,,,,,,,,completed,
19953,7760,7762,,,,,,,,,,,completed,
19954,7762,7763,,,,,,,,,,,completed,
19955,7763,7764,,,,,,,,,,,completed,
19956,7764,7765,,,,,,,,,,,completed,
19957,7765,7766,,,,,,,,,,,completed,
19958,7766,7767,,,,,,,,,,,completed,
19960,7767,7768,,,,,,,,,,,completed,
19961,7768,7769,,,,,,,,,,,completed,
19963,7769,7770,,,,,,,,,,,completed,
19967,7770,7771,,,,,,,,,,,completed,
19968,7771,7772,,,,,,,,,,,completed,
19969,7772,7773,,,,,,,,,,,completed,
19970,7773,7774,,,,,,,,,,,completed,
19971,7774,7776,,,,,,,,,,,completed,
19972,7776,7777,,,,,,,,,,,completed,
19975,7777,7779,,,,,,,,,,,completed,
19976,7779,7780,,,,,,,,,,,completed,
19977,7780,7782,,,,,,,,,,,completed,
19978,7782,7783,,,,,,,,,,,completed,
19979,7783,7784,,,,,,,,,,,completed,
19980,7784,7786,,,,,,,,,,,completed,
19981,7786,7787,,,,,,,,,,,completed,
19982,7787,7788,,,,,,,,,,,completed,
19984,7788,7789,,,,,,,,,,,completed,
19985,7789,7790,,,,,,,,,,,completed,
19986,7790,7791,,,,,,,,,,,completed,
19987,7791,7792,,,,,,,,,,,completed,
19988,7792,7793,,,,,,,,,,,completed,
19989,7793,7794,,,,,,,,,,,completed,
19991,7794,7795,,,,,,,,,,,completed,
19992,7795,7796,,,,,,,,,,,completed,
19994,7796,7797,,,,,,,,,,,completed,
19995,7797,7798,,,,,,,,,,,completed,
19996,7798,7799,,,,,,,,,,,completed,
19998,7799,7800,,,,,,,,,,,completed,
19999,7800,7801,,,,,,,,,,,completed,
